,teams,links,age,a_players,value,difference,year,stadium_capacity,stadium_name,squad_size,average_age,abroad_players,national_players,income_value,expenditure_values,overall_balance,top_departure,top_arrival
0,Dinamo Zagreb,/gnk-dinamo-zagreb/startseite/verein/419/saison_id/2010,"23,9",13,€48.95m,€1.32m,2010,35.123 Seats,Maksimir,38,"25,1",5,13,€8.01m,€3.80m,+€4.21m,€7.00m,?
1,Hajduk Split,/hnk-hajduk-split/startseite/verein/447/saison_id/2010,"21,8",3,€25.20m,€741k,2010,34.183 Seats,Poljud,34,"24,2",5,7,€9.64m,€150k,+€9.49m,€5.00m,-
2,Slaven Belupo,/slaven-belupo-koprivnica/startseite/verein/2362/saison_id/2010,"22,8",2,€12.55m,€380k,2010,5.000 Seats,Gradski Stadion Ivan Kusek Apas,33,"25,3",5,0,€385k,0,+€385k,€385 Th.,Free transfer
3,NK Osijek,/nk-osijek/startseite/verein/327/saison_id/2010,"22,5",3,€10.95m,€332k,2010,18.856 Seats,Gradski vrt,33,"25,2",5,3,€2.40m,0,+€2.40m,€2.40m,-
4,HNK Rijeka,/hnk-rijeka/startseite/verein/144/saison_id/2010,"23,0",6,€10.30m,€322k,2010,8.136 Seats,Stadion Rujevica,32,"25,0",5,4,€1.70m,€150k,+€1.55m,€450 Th.,€50 Th.
5,NK Istra,/nk-istra-1961/startseite/verein/999/saison_id/2010,"23,8",13,€9.35m,€253k,2010,9.056 Seats,Aldo Drosina,37,"23,3",5,2,0,0,0,?,Free transfer
6,NK Lokomotiva,/nk-lokomotiva-zagreb/startseite/verein/11194/saison_id/2010,"22,0",9,€8.90m,€247k,2010,8.850 Seats,Kranjceviceva,36,"23,9",5,2,0,€50k,€-50k,Free transfer,Free transfer
7,RNK Split,/rnk-split/startseite/verein/420/saison_id/2010,"25,7",5,€6.75m,€225k,2010,4.000 Seats,Park mladezi,0,"23,1",5,0,0,0,0,-,-
8,Dinamo Zagreb,/gnk-dinamo-zagreb/startseite/verein/419/saison_id/2011,"23,9",13,€50.80m,€1.45m,2011,35.123 Seats,Maksimir,35,"25,1",5,13,€420k,€4.75m,€-4.33m,Free transfer,Free transfer
9,Hajduk Split,/hnk-hajduk-split/startseite/verein/447/saison_id/2011,"21,4",8,€29.48m,€602k,2011,34.183 Seats,Poljud,49,"24,2",5,7,€2.65m,€500k,+€2.15m,Free transfer,Free transfer
10,Slaven Belupo,/slaven-belupo-koprivnica/startseite/verein/2362/saison_id/2011,"23,7",1,€11.83m,€394k,2011,5.000 Seats,Gradski Stadion Ivan Kusek Apas,31,"25,3",5,0,€135k,€15k,+€120k,€60 Th.,?
11,RNK Split,/rnk-split/startseite/verein/420/saison_id/2011,"24,7",5,€11.53m,€296k,2011,4.000 Seats,Park mladezi,0,"23,1",5,0,0,0,0,Free transfer,-
12,NK Lokomotiva,/nk-lokomotiva-zagreb/startseite/verein/11194/saison_id/2011,"21,2",6,€11.15m,€310k,2011,8.850 Seats,Kranjceviceva,36,"23,9",5,2,€1.20m,€300k,+€900k,€1.20m,Loan
13,NK Istra,/nk-istra-1961/startseite/verein/999/saison_id/2011,"23,0",6,€10.88m,€311k,2011,9.056 Seats,Aldo Drosina,35,"23,3",5,2,€50k,€2k,+€48k,Free transfer,-
14,NK Osijek,/nk-osijek/startseite/verein/327/saison_id/2011,"23,0",2,€10.00m,€303k,2011,18.856 Seats,Gradski vrt,36,"25,2",5,3,€800k,0,+€800k,?,Free transfer
15,HNK Rijeka,/hnk-rijeka/startseite/verein/144/saison_id/2011,"22,5",8,€9.68m,€269k,2011,8.136 Seats,Stadion Rujevica,36,"25,0",5,4,€50k,0,+€50k,Free transfer,Loan
16,Dinamo Zagreb,/gnk-dinamo-zagreb/startseite/verein/419/saison_id/2012,"22,5",11,€48.70m,€1.32m,2012,35.123 Seats,Maksimir,37,"25,1",5,13,€20.00m,€4.10m,+€15.90m,€11.00m,€2.40m
17,Hajduk Split,/hnk-hajduk-split/startseite/verein/447/saison_id/2012,"20,5",6,€19.55m,€489k,2012,34.183 Seats,Poljud,43,"24,2",5,7,€7.64m,€400k,+€7.24m,€3.70m,€300 Th.
18,HNK Rijeka,/hnk-rijeka/startseite/verein/144/saison_id/2012,"25,3",6,€14.60m,€562k,2012,8.136 Seats,Stadion Rujevica,32,"25,0",5,4,0,€810k,€-810k,Free transfer,Free transfer
19,RNK Split,/rnk-split/startseite/verein/420/saison_id/2012,"25,9",7,€13.70m,€457k,2012,4.000 Seats,Park mladezi,35,"23,1",5,0,0,€285k,€-285k,Free transfer,€50 Th.
20,Slaven Belupo,/slaven-belupo-koprivnica/startseite/verein/2362/saison_id/2012,"23,2",1,€10.85m,€350k,2012,5.000 Seats,Gradski Stadion Ivan Kusek Apas,33,"25,3",5,0,0,0,0,?,Free transfer
21,NK Istra,/nk-istra-1961/startseite/verein/999/saison_id/2012,"23,9",2,€9.20m,€329k,2012,9.056 Seats,Aldo Drosina,32,"23,3",5,2,€285k,0,+€285k,€235 Th.,Free transfer
22,NK Lokomotiva,/nk-lokomotiva-zagreb/startseite/verein/11194/saison_id/2012,"21,1",3,€7.70m,€257k,2012,8.850 Seats,Kranjceviceva,31,"23,9",5,2,€3.60m,0,+€3.60m,€2.40m,Loan
23,NK Osijek,/nk-osijek/startseite/verein/327/saison_id/2012,"21,6",2,€6.91m,€187k,2012,18.856 Seats,Gradski vrt,37,"25,2",5,3,€1.07m,0,+€1.07m,€65 Th.,Loan
24,Dinamo Zagreb,/gnk-dinamo-zagreb/startseite/verein/419/saison_id/2013,"21,6",17,€43.90m,€770k,2013,35.123 Seats,Maksimir,58,"25,1",5,13,€15.78m,€4.32m,+€11.46m,€5.00m,Free transfer
25,HNK Rijeka,/hnk-rijeka/startseite/verein/144/saison_id/2013,"23,3",8,€22.13m,€452k,2013,8.136 Seats,Stadion Rujevica,50,"25,0",5,4,€1.45m,€1.77m,€-320k,€450 Th.,Free transfer
26,Hajduk Split,/hnk-hajduk-split/startseite/verein/447/saison_id/2013,"20,1",12,€16.25m,€319k,2013,34.183 Seats,Poljud,51,"24,2",5,7,€1.22m,0,+€1.22m,€1.00m,Free transfer
27,RNK Split,/rnk-split/startseite/verein/420/saison_id/2013,"24,6",6,€15.30m,€437k,2013,4.000 Seats,Park mladezi,37,"23,1",5,0,€4.50m,0,+€4.50m,€4.50m,Free transfer
28,Slaven Belupo,/slaven-belupo-koprivnica/startseite/verein/2362/saison_id/2013,"23,5",2,€11.50m,€371k,2013,5.000 Seats,Gradski Stadion Ivan Kusek Apas,32,"25,3",5,0,€2.10m,0,+€2.10m,€600 Th.,Free transfer
29,NK Lokomotiva,/nk-lokomotiva-zagreb/startseite/verein/11194/saison_id/2013,"21,4",4,€10.05m,€251k,2013,8.850 Seats,Kranjceviceva,42,"23,9",5,2,€1.00m,0,+€1.00m,€1.00m,?
30,NK Istra,/nk-istra-1961/startseite/verein/999/saison_id/2013,"22,5",11,€8.60m,€191k,2013,9.056 Seats,Aldo Drosina,47,"23,3",5,2,€1.02m,0,+€1.02m,€220 Th.,Free transfer
31,NK Osijek,/nk-osijek/startseite/verein/327/saison_id/2013,"22,2",2,€7.65m,€213k,2013,18.856 Seats,Gradski vrt,36,"25,2",5,3,€190k,0,+€190k,Free transfer,Loan
32,Dinamo Zagreb,/gnk-dinamo-zagreb/startseite/verein/419/saison_id/2014,"23,2",19,€59.18m,€1.44m,2014,35.123 Seats,Maksimir,41,"25,1",5,13,€9.93m,€9.05m,+€880k,€5.00m,Loan
33,HNK Rijeka,/hnk-rijeka/startseite/verein/144/saison_id/2014,"23,8",17,€33.23m,€738k,2014,8.136 Seats,Stadion Rujevica,45,"25,0",5,4,€9.50m,€1.85m,+€7.65m,€9.00m,Free transfer
34,Hajduk Split,/hnk-hajduk-split/startseite/verein/447/saison_id/2014,"21,2",13,€19.80m,€460k,2014,34.183 Seats,Poljud,43,"24,2",5,7,€6.09m,0,+€6.09m,€2.50m,Free transfer
35,RNK Split,/rnk-split/startseite/verein/420/saison_id/2014,"23,2",8,€13.93m,€348k,2014,4.000 Seats,Park mladezi,40,"23,1",5,0,€250k,€440k,€-190k,Loan fee€100 Th.,€230 Th.
36,NK Lokomotiva,/nk-lokomotiva-zagreb/startseite/verein/11194/saison_id/2014,"21,1",4,€12.58m,€314k,2014,8.850 Seats,Kranjceviceva,40,"23,9",5,2,€2.28m,0,+€2.28m,€1.00m,Loan
37,NK Istra,/nk-istra-1961/startseite/verein/999/saison_id/2014,"22,5",16,€11.23m,€229k,2014,9.056 Seats,Aldo Drosina,49,"23,3",5,2,€340k,0,+€340k,Free transfer,Free transfer
38,Slaven Belupo,/slaven-belupo-koprivnica/startseite/verein/2362/saison_id/2014,"23,3",3,€9.83m,€273k,2014,5.000 Seats,Gradski Stadion Ivan Kusek Apas,36,"25,3",5,0,€850k,0,+€850k,€350 Th.,Loan
39,NK Osijek,/nk-osijek/startseite/verein/327/saison_id/2014,"22,9",9,€9.65m,€224k,2014,18.856 Seats,Gradski vrt,43,"25,2",5,3,€250k,0,+€250k,Free transfer,Free transfer
40,Dinamo Zagreb,/gnk-dinamo-zagreb/startseite/verein/419/saison_id/2015,"21,8",19,€54.70m,€1.12m,2015,35.123 Seats,Maksimir,49,"25,1",5,13,€13.90m,€9.30m,+€4.61m,€7.50m,€5.00m
41,HNK Rijeka,/hnk-rijeka/startseite/verein/144/saison_id/2015,"23,7",19,€35.95m,€856k,2015,8.136 Seats,Stadion Rujevica,42,"25,0",5,4,€6.95m,€1.22m,+€5.74m,€2.60m,Free transfer
42,Hajduk Split,/hnk-hajduk-split/startseite/verein/447/saison_id/2015,"21,0",12,€21.70m,€556k,2015,34.183 Seats,Poljud,39,"24,2",5,7,€6.00m,0,+€6.00m,€3.00m,Free transfer
43,RNK Split,/rnk-split/startseite/verein/420/saison_id/2015,"22,1",13,€14.00m,€292k,2015,4.000 Seats,Park mladezi,48,"23,1",5,0,€6.80m,0,+€6.80m,€5.00m,Free transfer
44,NK Lokomotiva,/nk-lokomotiva-zagreb/startseite/verein/11194/saison_id/2015,"21,0",7,€11.03m,€251k,2015,8.850 Seats,Kranjceviceva,44,"23,9",5,2,0,€130k,€-130k,?,Loan
45,NK Istra,/nk-istra-1961/startseite/verein/999/saison_id/2015,"23,7",18,€10.35m,€252k,2015,9.056 Seats,Aldo Drosina,41,"23,3",5,2,0,0,0,?,-
46,Slaven Belupo,/slaven-belupo-koprivnica/startseite/verein/2362/saison_id/2015,"23,7",6,€9.40m,€285k,2015,5.000 Seats,Gradski Stadion Ivan Kusek Apas,33,"25,3",5,0,€750k,0,+€750k,Free transfer,Loan
47,NK Osijek,/nk-osijek/startseite/verein/327/saison_id/2015,"22,7",4,€6.78m,€178k,2015,18.856 Seats,Gradski vrt,38,"25,2",5,3,€150k,0,+€150k,Free transfer,Free transfer
48,Partizan,/fk-partizan-belgrad/startseite/verein/669/saison_id/2010,"23,5",9,€32.28m,€872k,2010,32.710 Seats,Partizan Stadion,37,"25,3",5,6,€8.43m,€330k,+€8.10m,€4.00m,Free transfer
49,Red Star,/roter-stern-belgrad/startseite/verein/159/saison_id/2010,"22,9",9,€25.35m,€768k,2010,51.755 Seats,Rajko Mitić Stadium,33,"26,5",5,11,€4.66m,€2.46m,+€2.20m,€2.47m,€472 Th.
50,Vojvodina,/fk-vojvodina-novi-sad/startseite/verein/448/saison_id/2010,"21,2",12,€19.00m,€543k,2010,14.852 Seats,Stadion Karadjordje,35,"24,8",5,1,€1.70m,0,+€1.70m,€600 Th.,Free transfer
51,OFK Beograd,/ofk-belgrad/startseite/verein/53/saison_id/2010,"21,9",6,€11.60m,€322k,2010,19.000 Seats,Omladinski Stadion,36,"23,3",5,0,€750k,€200k,+€550k,Free transfer,Free transfer
52,Jagodina,/fk-jagodina/startseite/verein/12132/saison_id/2010,"24,2",6,€11.28m,€282k,2010,15.000 Seats,Gradski Stadion,40,"0,0",5,0,€268k,0,+€268k,Free transfer,Loan
53,Rad,/fk-rad-belgrad/startseite/verein/902/saison_id/2010,"20,9",4,€9.70m,€285k,2010,6.000 Seats,Stadion Kralj Petar Prvi,35,"26,2",5,0,€3.37m,€50k,+€3.32m,€472 Th.,Free transfer
54,Spartak,/fk-spartak-subotica/startseite/verein/15276/saison_id/2010,"22,6",6,€8.25m,€258k,2010,13.020 Seats,Gradski Stadion Subotica,32,"23,3",5,0,€900k,€160k,+€740k,€600 Th.,Free transfer
55,Red Star,/roter-stern-belgrad/startseite/verein/159/saison_id/2011,"22,1",12,€28.88m,€722k,2011,51.755 Seats,Rajko Mitić Stadium,40,"26,5",5,11,€6.55m,€3.07m,+€3.47m,€1.74m,Free transfer
56,Vojvodina,/fk-vojvodina-novi-sad/startseite/verein/448/saison_id/2011,"22,2",15,€22.75m,€615k,2011,14.852 Seats,Stadion Karadjordje,37,"24,8",5,1,€5.20m,€200k,+€5.00m,€1.50m,?
57,Partizan,/fk-partizan-belgrad/startseite/verein/669/saison_id/2011,"23,8",8,€22.68m,€756k,2011,32.710 Seats,Partizan Stadion,32,"25,3",5,6,€22.35m,€3.29m,+€19.06m,€12.00m,€369 Th.
58,Rad,/fk-rad-belgrad/startseite/verein/902/saison_id/2011,"21,2",4,€11.43m,€309k,2011,6.000 Seats,Stadion Kralj Petar Prvi,38,"26,2",5,0,€1.41m,€187k,+€1.22m,€708 Th.,€177 Th.
59,OFK Beograd,/ofk-belgrad/startseite/verein/53/saison_id/2011,"21,4",11,€11.20m,€260k,2011,19.000 Seats,Omladinski Stadion,43,"23,3",5,0,€800k,0,+€800k,€500 Th.,Free transfer
60,Spartak,/fk-spartak-subotica/startseite/verein/15276/saison_id/2011,"22,1",2,€8.70m,€281k,2011,13.020 Seats,Gradski Stadion Subotica,32,"23,3",5,0,€353k,0,+€353k,€153 Th.,Free transfer
61,Jagodina,/fk-jagodina/startseite/verein/12132/saison_id/2011,"22,7",7,€7.38m,€194k,2011,15.000 Seats,Gradski Stadion,38,"0,0",5,0,0,€110k,€-110k,Free transfer,-
62,Partizan,/fk-partizan-belgrad/startseite/verein/669/saison_id/2012,"22,7",8,€33.60m,€862k,2012,32.710 Seats,Partizan Stadion,40,"25,3",5,6,€3.50m,€850k,+€2.65m,€1.50m,?
63,Red Star,/roter-stern-belgrad/startseite/verein/159/saison_id/2012,"21,1",11,€26.50m,€679k,2012,51.755 Seats,Rajko Mitić Stadium,45,"26,5",5,11,€600k,€1.03m,€-427k,€600 Th.,Free transfer
64,Vojvodina,/fk-vojvodina-novi-sad/startseite/verein/448/saison_id/2012,"22,7",15,€19.30m,€522k,2012,14.852 Seats,Stadion Karadjordje,37,"24,8",5,1,€2.15m,0,+€2.15m,€1.50m,Loan
65,OFK Beograd,/ofk-belgrad/startseite/verein/53/saison_id/2012,"21,0",13,€11.10m,€258k,2012,19.000 Seats,Omladinski Stadion,46,"23,3",5,0,€2.00m,0,+€2.00m,€1.50m,Loan
66,Rad,/fk-rad-belgrad/startseite/verein/902/saison_id/2012,"20,1",3,€10.40m,€248k,2012,6.000 Seats,Stadion Kralj Petar Prvi,43,"26,2",5,0,€3.02m,0,+€3.02m,?,?
67,Jagodina,/fk-jagodina/startseite/verein/12132/saison_id/2012,"24,4",9,€9.15m,€247k,2012,15.000 Seats,Gradski Stadion,40,"0,0",5,0,€235k,0,+€235k,€235 Th.,?
68,Spartak,/fk-spartak-subotica/startseite/verein/15276/saison_id/2012,"23,0",3,€8.45m,€313k,2012,13.020 Seats,Gradski Stadion Subotica,28,"23,3",5,0,0,0,0,?,-
69,Partizan,/fk-partizan-belgrad/startseite/verein/669/saison_id/2013,"23,0",8,€34.85m,€792k,2013,32.710 Seats,Partizan Stadion,44,"25,3",5,6,€21.80m,€200k,+€21.60m,€10.00m,Free transfer
70,Red Star,/roter-stern-belgrad/startseite/verein/159/saison_id/2013,"23,3",10,€28.45m,€749k,2013,51.755 Seats,Rajko Mitić Stadium,41,"26,5",5,11,€6.51m,€901k,+€5.60m,€2.70m,Free transfer
71,Vojvodina,/fk-vojvodina-novi-sad/startseite/verein/448/saison_id/2013,"21,9",16,€17.68m,€347k,2013,14.852 Seats,Stadion Karadjordje,52,"24,8",5,1,€520k,0,+€520k,?,Free transfer
72,Rad,/fk-rad-belgrad/startseite/verein/902/saison_id/2013,"21,4",9,€12.90m,€258k,2013,6.000 Seats,Stadion Kralj Petar Prvi,50,"26,2",5,0,€500k,0,+€500k,?,Loan
73,OFK Beograd,/ofk-belgrad/startseite/verein/53/saison_id/2013,"21,8",8,€10.28m,€214k,2013,19.000 Seats,Omladinski Stadion,48,"23,3",5,0,€1.20m,0,+€1.20m,€1.00m,Free transfer
74,Jagodina,/fk-jagodina/startseite/verein/12132/saison_id/2013,"23,7",10,€10.05m,€258k,2013,15.000 Seats,Gradski Stadion,39,"0,0",5,0,€950k,0,+€950k,€750 Th.,Free transfer
75,Spartak,/fk-spartak-subotica/startseite/verein/15276/saison_id/2013,"22,3",6,€7.65m,€207k,2013,13.020 Seats,Gradski Stadion Subotica,38,"23,3",5,0,€440k,€80k,+€360k,€360 Th.,Loan
76,Partizan,/fk-partizan-belgrad/startseite/verein/669/saison_id/2014,"23,3",8,€24.70m,€633k,2014,32.710 Seats,Partizan Stadion,39,"25,3",5,6,€4.20m,0,+€4.20m,€3.20m,Free transfer
77,Red Star,/roter-stern-belgrad/startseite/verein/159/saison_id/2014,"23,3",7,€19.95m,€525k,2014,51.755 Seats,Rajko Mitić Stadium,38,"26,5",5,11,€3.00m,€600k,+€2.40m,€2.50m,Free transfer
78,Jagodina,/fk-jagodina/startseite/verein/12132/saison_id/2014,"22,9",9,€9.10m,€228k,2014,15.000 Seats,Gradski Stadion,40,"0,0",5,0,€800k,0,+€800k,€800 Th.,Free transfer
79,OFK Beograd,/ofk-belgrad/startseite/verein/53/saison_id/2014,"20,3",7,€8.60m,€195k,2014,19.000 Seats,Omladinski Stadion,44,"23,3",5,0,€1.90m,0,+€1.90m,€1.50m,Free transfer
80,Vojvodina,/fk-vojvodina-novi-sad/startseite/verein/448/saison_id/2014,"21,9",8,€8.15m,€220k,2014,14.852 Seats,Stadion Karadjordje,37,"24,8",5,1,€4.35m,0,+€4.35m,€1.75m,Free transfer
81,Rad,/fk-rad-belgrad/startseite/verein/902/saison_id/2014,"22,4",7,€7.35m,€216k,2014,6.000 Seats,Stadion Kralj Petar Prvi,35,"26,2",5,0,0,0,0,Free transfer,Loan
82,Spartak,/fk-spartak-subotica/startseite/verein/15276/saison_id/2014,"21,7",3,€5.35m,€162k,2014,13.020 Seats,Gradski Stadion Subotica,33,"23,3",5,0,0,0,0,Free transfer,?
83,Partizan,/fk-partizan-belgrad/startseite/verein/669/saison_id/2015,"23,0",12,€26.50m,€589k,2015,32.710 Seats,Partizan Stadion,45,"25,3",5,6,€5.47m,€870k,+€4.60m,€3.00m,Free transfer
84,Red Star,/roter-stern-belgrad/startseite/verein/159/saison_id/2015,"24,2",15,€25.43m,€687k,2015,51.755 Seats,Rajko Mitić Stadium,37,"26,5",5,11,€15.75m,€2.40m,+€13.35m,€7.00m,Loan fee€1.00m
85,Vojvodina,/fk-vojvodina-novi-sad/startseite/verein/448/saison_id/2015,"23,6",7,€12.85m,€313k,2015,14.852 Seats,Stadion Karadjordje,41,"24,8",5,1,€3.39m,0,+€3.39m,€1.25m,Free transfer
86,OFK Beograd,/ofk-belgrad/startseite/verein/53/saison_id/2015,"22,2",11,€10.60m,€204k,2015,19.000 Seats,Omladinski Stadion,52,"23,3",5,0,€3.40m,0,+€3.40m,€1.20m,Free transfer
87,Spartak,/fk-spartak-subotica/startseite/verein/15276/saison_id/2015,"23,0",5,€8.35m,€220k,2015,13.020 Seats,Gradski Stadion Subotica,38,"23,3",5,0,€350k,0,+€350k,€350 Th.,Free transfer
88,Rad,/fk-rad-belgrad/startseite/verein/902/saison_id/2015,"24,4",2,€7.93m,€203k,2015,6.000 Seats,Stadion Kralj Petar Prvi,39,"26,2",5,0,€1.16m,0,+€1.16m,€960 Th.,?
89,Jagodina,/fk-jagodina/startseite/verein/12132/saison_id/2015,"22,4",6,€6.95m,€154k,2015,15.000 Seats,Gradski Stadion,45,"0,0",5,0,0,0,0,Free transfer,Free transfer
90,Sparta Praha,/ac-sparta-prag/startseite/verein/197/saison_id/2010,"24,6",10,€27.73m,€770k,2010,18.944 Seats,Generali Arena,36,"26,5",5,8,€8.00m,€1.98m,+€6.02m,€4.00m,Free transfer
91,Slavia Prague,/sk-slavia-prag/startseite/verein/62/saison_id/2010,"24,1",9,€15.60m,€422k,2010,20.617 Seats,Sinobo Stadium,37,"27,0",5,13,€5.58m,0,+€5.58m,€3.80m,Free transfer
92,FK Teplice,/fk-teplice/startseite/verein/814/saison_id/2010,"24,0",5,€13.10m,€437k,2010,18.221 Seats,AGC Aréna,32,"27,0",5,1,0,€200k,€-200k,?,€200 Th.
93,Viktoria Plzen,/fc-viktoria-pilsen/startseite/verein/941/saison_id/2010,"24,7",5,€12.85m,€378k,2010,11.700 Seats,Doosan Aréna,36,"28,9",5,5,€500k,€1.46m,€-960k,Loan,€610 Th.
94,Mladá Boleslav,/fk-mlada-boleslav/startseite/verein/5546/saison_id/2010,"23,9",10,€12.03m,€364k,2010,5.000 Seats,Lokotrans Arena,33,"23,9",5,2,0,€100k,€-100k,?,Free transfer
95,Slovan Liberec,/fc-slovan-liberec/startseite/verein/697/saison_id/2010,"24,7",7,€11.15m,€384k,2010,9.900 Seats,Stadion U Nisy,29,"24,4",5,2,€100k,€450k,€-350k,€100 Th.,Free transfer
96,Banik Ostrava,/fc-banik-ostrava/startseite/verein/377/saison_id/2010,"23,4",7,€10.90m,€341k,2010,15.123 Seats,Městský stadion,32,"28,0",5,0,€4.70m,€750k,+€3.95m,€3.00m,?
97,FK Jablonec,/fk-jablonec/startseite/verein/1322/saison_id/2010,"24,8",3,€10.63m,€409k,2010,6.108 Seats,Střelnice,26,"26,0",5,3,€480k,€175k,+€305k,Loan fee€480 Th.,€75 Th.
98,Slovácko,/1-fc-slovacko/startseite/verein/5544/saison_id/2010,"23,5",5,€5.33m,€184k,2010,8.000 Seats,Městský fotbalový stadion Miroslava Valenty,29,"27,7",5,0,0,€225k,€-225k,Free transfer,€150 Th.
99,1.FK Pribram,/1-fk-pribram/startseite/verein/2598/saison_id/2010,"22,3",5,€4.88m,€157k,2010,9.100 Seats,Stadion Na Litavce,31,"25,3",5,0,€750k,0,+€750k,€750 Th.,?
100,Sparta Praha,/ac-sparta-prag/startseite/verein/197/saison_id/2011,"25,1",6,€25.58m,€710k,2011,18.944 Seats,Generali Arena,36,"26,5",5,8,€2.48m,€920k,+€1.56m,€2.00m,Free transfer
101,Viktoria Plzen,/fc-viktoria-pilsen/startseite/verein/941/saison_id/2011,"26,0",5,€16.45m,€548k,2011,11.700 Seats,Doosan Aréna,30,"28,9",5,5,€3.50m,€1.40m,+€2.10m,€3.50m,?
102,Banik Ostrava,/fc-banik-ostrava/startseite/verein/377/saison_id/2011,"23,6",9,€12.50m,€329k,2011,15.123 Seats,Městský stadion,38,"28,0",5,0,0,0,0,Loan,Loan
103,Mladá Boleslav,/fk-mlada-boleslav/startseite/verein/5546/saison_id/2011,"25,0",4,€12.15m,€392k,2011,5.000 Seats,Lokotrans Arena,33,"23,9",5,2,€600k,0,+€600k,Free transfer,?
104,FK Teplice,/fk-teplice/startseite/verein/814/saison_id/2011,"23,8",7,€11.15m,€372k,2011,18.221 Seats,AGC Aréna,31,"27,0",5,1,€30k,0,+€30k,Loan,Loan
105,Slavia Prague,/sk-slavia-prag/startseite/verein/62/saison_id/2011,"22,9",7,€9.90m,€275k,2011,20.617 Seats,Sinobo Stadium,37,"27,0",5,13,€900k,€400k,+€500k,?,Loan
106,Slovan Liberec,/fc-slovan-liberec/startseite/verein/697/saison_id/2011,"25,0",6,€9.28m,€371k,2011,9.900 Seats,Stadion U Nisy,25,"24,4",5,2,€1.80m,0,+€1.80m,€1.00m,Free transfer
107,FK Jablonec,/fk-jablonec/startseite/verein/1322/saison_id/2011,"23,7",3,€8.98m,€345k,2011,6.108 Seats,Střelnice,28,"26,0",5,3,€3.00m,0,+€3.00m,€2.00m,?
108,1.FK Pribram,/1-fk-pribram/startseite/verein/2598/saison_id/2011,"21,7",7,€5.05m,€163k,2011,9.100 Seats,Stadion Na Litavce,31,"25,3",5,0,€950k,0,+€950k,€800 Th.,?
109,Slovácko,/1-fc-slovacko/startseite/verein/5544/saison_id/2011,"24,0",4,€4.63m,€149k,2011,8.000 Seats,Městský fotbalový stadion Miroslava Valenty,31,"27,7",5,0,0,0,0,Free transfer,?
110,Sparta Praha,/ac-sparta-prag/startseite/verein/197/saison_id/2012,"23,8",7,€26.28m,€796k,2012,18.944 Seats,Generali Arena,34,"26,5",5,8,€450k,€1.42m,€-970k,Free transfer,€800 Th.
111,Viktoria Plzen,/fc-viktoria-pilsen/startseite/verein/941/saison_id/2012,"24,9",6,€18.31m,€610k,2012,11.700 Seats,Doosan Aréna,32,"28,9",5,5,€520k,€2.64m,€-2.12m,€300 Th.,€640 Th.
112,Banik Ostrava,/fc-banik-ostrava/startseite/verein/377/saison_id/2012,"24,3",8,€15.80m,€451k,2012,15.123 Seats,Městský stadion,36,"28,0",5,0,€300k,0,+€300k,Loan fee€300 Th.,Free transfer
113,Mladá Boleslav,/fk-mlada-boleslav/startseite/verein/5546/saison_id/2012,"25,6",7,€14.70m,€408k,2012,5.000 Seats,Lokotrans Arena,37,"23,9",5,2,0,0,0,Free transfer,Free transfer
114,Slovan Liberec,/fc-slovan-liberec/startseite/verein/697/saison_id/2012,"24,5",13,€12.68m,€352k,2012,9.900 Seats,Stadion U Nisy,39,"24,4",5,2,€2.35m,0,+€2.35m,€1.80m,Free transfer
115,Slavia Prague,/sk-slavia-prag/startseite/verein/62/saison_id/2012,"24,9",9,€11.28m,€364k,2012,20.617 Seats,Sinobo Stadium,36,"27,0",5,13,0,€500k,€-500k,Free transfer,Free transfer
116,FK Teplice,/fk-teplice/startseite/verein/814/saison_id/2012,"24,8",8,€11.23m,€387k,2012,18.221 Seats,AGC Aréna,33,"27,0",5,1,0,€120k,€-120k,Free transfer,-
117,FK Jablonec,/fk-jablonec/startseite/verein/1322/saison_id/2012,"24,7",3,€10.70m,€412k,2012,6.108 Seats,Střelnice,27,"26,0",5,3,€1.44m,0,+€1.44m,€800 Th.,?
118,1.FK Pribram,/1-fk-pribram/startseite/verein/2598/saison_id/2012,"24,1",6,€8.35m,€253k,2012,9.100 Seats,Stadion Na Litavce,36,"25,3",5,0,0,0,0,Free transfer,Loan
119,Slovácko,/1-fc-slovacko/startseite/verein/5544/saison_id/2012,"24,0",5,€6.78m,€205k,2012,8.000 Seats,Městský fotbalový stadion Miroslava Valenty,35,"27,7",5,0,0,0,0,?,?
120,Sparta Praha,/ac-sparta-prag/startseite/verein/197/saison_id/2013,"23,8",6,€33.65m,€841k,2013,18.944 Seats,Generali Arena,42,"26,5",5,8,€4.10m,€1.58m,+€2.52m,€3.20m,?
121,Viktoria Plzen,/fc-viktoria-pilsen/startseite/verein/941/saison_id/2013,"25,4",7,€28.93m,€723k,2013,11.700 Seats,Doosan Aréna,40,"28,9",5,5,€4.15m,€1.35m,+€2.80m,€4.00m,Free transfer
122,Slavia Prague,/sk-slavia-prag/startseite/verein/62/saison_id/2013,"24,6",13,€15.60m,€371k,2013,20.617 Seats,Sinobo Stadium,44,"27,0",5,13,€1.00m,€250k,+€750k,€1.00m,Loan
123,Mladá Boleslav,/fk-mlada-boleslav/startseite/verein/5546/saison_id/2013,"25,4",3,€13.08m,€319k,2013,5.000 Seats,Lokotrans Arena,42,"23,9",5,2,0,0,0,Loan,?
124,FK Jablonec,/fk-jablonec/startseite/verein/1322/saison_id/2013,"24,4",3,€11.65m,€333k,2013,6.108 Seats,Střelnice,35,"26,0",5,3,€1.15m,0,+€1.15m,€1.15m,?
125,Slovan Liberec,/fc-slovan-liberec/startseite/verein/697/saison_id/2013,"23,1",15,€11.30m,€290k,2013,9.900 Seats,Stadion U Nisy,39,"24,4",5,2,€700k,€121k,+€579k,€700 Th.,Free transfer
126,FK Teplice,/fk-teplice/startseite/verein/814/saison_id/2013,"24,4",11,€10.43m,€298k,2013,18.221 Seats,AGC Aréna,35,"27,0",5,1,0,€200k,€-200k,?,Free transfer
127,1.FK Pribram,/1-fk-pribram/startseite/verein/2598/saison_id/2013,"24,7",7,€8.33m,€245k,2013,9.100 Seats,Stadion Na Litavce,34,"25,3",5,0,0,0,0,Free transfer,?
128,Slovácko,/1-fc-slovacko/startseite/verein/5544/saison_id/2013,"24,6",4,€7.45m,€219k,2013,8.000 Seats,Městský fotbalový stadion Miroslava Valenty,36,"27,7",5,0,0,0,0,?,?
129,Banik Ostrava,/fc-banik-ostrava/startseite/verein/377/saison_id/2013,"22,8",9,€7.13m,€162k,2013,15.123 Seats,Městský stadion,44,"28,0",5,0,€20k,€250k,€-230k,Free transfer,Free transfer
130,Sparta Praha,/ac-sparta-prag/startseite/verein/197/saison_id/2014,"25,3",8,€34.10m,€1.03m,2014,18.944 Seats,Generali Arena,39,"26,5",5,8,€3.00m,€100k,+€2.90m,Loan fee€1.00m,Loan fee€100 Th.
131,Viktoria Plzen,/fc-viktoria-pilsen/startseite/verein/941/saison_id/2014,"27,0",6,€25.78m,€955k,2014,11.700 Seats,Doosan Aréna,33,"28,9",5,5,0,€1.35m,€-1.35m,Loan,Loan fee€250 Th.
132,FK Jablonec,/fk-jablonec/startseite/verein/1322/saison_id/2014,"24,7",6,€13.13m,€423k,2014,6.108 Seats,Střelnice,31,"26,0",5,3,0,0,0,Free transfer,Free transfer
133,Mladá Boleslav,/fk-mlada-boleslav/startseite/verein/5546/saison_id/2014,"24,2",13,€12.28m,€323k,2014,5.000 Seats,Lokotrans Arena,38,"23,9",5,2,0,0,0,Loan,Free transfer
134,Slovan Liberec,/fc-slovan-liberec/startseite/verein/697/saison_id/2014,"23,8",18,€12.20m,€330k,2014,9.900 Seats,Stadion U Nisy,39,"24,4",5,2,0,0,0,?,?
135,Slavia Prague,/sk-slavia-prag/startseite/verein/62/saison_id/2014,"23,8",11,€11.05m,€345k,2014,20.617 Seats,Sinobo Stadium,39,"27,0",5,13,€550k,0,+€550k,€550 Th.,?
136,FK Teplice,/fk-teplice/startseite/verein/814/saison_id/2014,"24,4",9,€9.73m,€304k,2014,18.221 Seats,AGC Aréna,33,"27,0",5,1,€400k,0,+€400k,€400 Th.,?
137,1.FK Pribram,/1-fk-pribram/startseite/verein/2598/saison_id/2014,"25,5",7,€8.55m,€204k,2014,9.100 Seats,Stadion Na Litavce,43,"25,3",5,0,0,0,0,Loan,Free transfer
138,Banik Ostrava,/fc-banik-ostrava/startseite/verein/377/saison_id/2014,"22,6",10,€7.33m,€209k,2014,15.123 Seats,Městský stadion,37,"28,0",5,0,€800k,0,+€800k,€800 Th.,-
139,Slovácko,/1-fc-slovacko/startseite/verein/5544/saison_id/2014,"23,3",6,€5.70m,€158k,2014,8.000 Seats,Městský fotbalový stadion Miroslava Valenty,36,"27,7",5,0,0,0,0,?,Free transfer
140,Sparta Praha,/ac-sparta-prag/startseite/verein/197/saison_id/2015,"25,4",7,€32.73m,€935k,2015,18.944 Seats,Generali Arena,47,"26,5",5,8,€4.10m,€1.25m,+€2.85m,€3.50m,-
141,Viktoria Plzen,/fc-viktoria-pilsen/startseite/verein/941/saison_id/2015,"26,8",5,€24.75m,€798k,2015,11.700 Seats,Doosan Aréna,34,"28,9",5,5,0,0,0,Loan,?
142,Slavia Prague,/sk-slavia-prag/startseite/verein/62/saison_id/2015,"23,8",6,€13.80m,€383k,2015,20.617 Seats,Sinobo Stadium,36,"27,0",5,13,0,€3.60m,€-3.60m,Free transfer,€600 Th.
143,Mladá Boleslav,/fk-mlada-boleslav/startseite/verein/5546/saison_id/2015,"24,5",7,€13.60m,€358k,2015,5.000 Seats,Lokotrans Arena,38,"23,9",5,2,€2.50m,0,+€2.50m,€1.70m,Free transfer
144,Slovan Liberec,/fc-slovan-liberec/startseite/verein/697/saison_id/2015,"23,2",13,€12.85m,€338k,2015,9.900 Seats,Stadion U Nisy,42,"24,4",5,2,€1.50m,0,+€1.50m,€1.50m,Loan
145,FK Jablonec,/fk-jablonec/startseite/verein/1322/saison_id/2015,"24,3",6,€12.70m,€454k,2015,6.108 Seats,Střelnice,28,"26,0",5,3,€140k,0,+€140k,?,?
146,FK Teplice,/fk-teplice/startseite/verein/814/saison_id/2015,"24,9",13,€9.38m,€260k,2015,18.221 Seats,AGC Aréna,36,"27,0",5,1,0,€75k,€-75k,Free transfer,-
147,1.FK Pribram,/1-fk-pribram/startseite/verein/2598/saison_id/2015,"23,2",4,€7.20m,€189k,2015,9.100 Seats,Stadion Na Litavce,38,"25,3",5,0,€400k,0,+€400k,?,Loan
148,Banik Ostrava,/fc-banik-ostrava/startseite/verein/377/saison_id/2015,"21,6",11,€6.70m,€152k,2015,15.123 Seats,Městský stadion,44,"28,0",5,0,€900k,0,+€900k,Free transfer,Loan
149,Slovácko,/1-fc-slovacko/startseite/verein/5544/saison_id/2015,"23,7",7,€5.40m,€169k,2015,8.000 Seats,Městský fotbalový stadion Miroslava Valenty,32,"27,7",5,0,0,0,0,Loan,Free transfer
150,Legia Warszawa,/legia-warschau/startseite/verein/255/saison_id/2010,"23,7",15,€30.13m,€861k,2010,30.967 Seats,Stadion Miejski im. Marszałka Józefa Piłsudskiego,35,"26,5",5,7,€620k,€2.72m,€-2.10m,Free transfer,€800 Th.
151,Wisla Kraków,/wisla-krakau/startseite/verein/422/saison_id/2010,"25,1",18,€30.00m,€789k,2010,33.130 Seats,Stadion Miejski im. Henryka Reymana,38,"25,0",5,2,€8.33m,€2.21m,+€6.12m,€3.80m,Free transfer
152,Lech Poznan,/lech-pozna%C5%84/startseite/verein/238/saison_id/2010,"24,4",11,€26.53m,€780k,2010,42.837 Seats,Stadion Poznań,34,"23,8",5,4,€5.33m,€2.98m,+€2.35m,€4.75m,€1.00m
153,Korona Kielce,/korona-kielce/startseite/verein/6110/saison_id/2010,"25,5",8,€14.53m,€427k,2010,15.500 Seats,Suzuki Arena,34,"24,1",5,2,€425k,€285k,+€140k,€250 Th.,Loan fee€50 Th.
154,Slask Wroclaw,/slask-wroclaw/startseite/verein/759/saison_id/2010,"25,6",6,€12.58m,€419k,2010,42.771 Seats,Stadion Miejski,30,"26,1",5,0,€75k,€380k,€-305k,Loan,Free transfer
155,Ruch Chorzow,/ruch-chorzow/startseite/verein/318/saison_id/2010,"26,3",5,€11.65m,€364k,2010,10.000 Seats,Stadion Ruchu Chorzów (przy Cichej),32,"22,5",5,0,€1.69m,€50k,+€1.64m,€675 Th.,Loan
156,Jagiellonia,/jagiellonia-bialystok/startseite/verein/2300/saison_id/2010,"23,3",13,€9.28m,€273k,2010,22.432 Seats,Stadion Miejski,34,"24,8",5,1,€1.28m,€783k,+€498k,€900 Th.,€100 Th.
157,Lechia Gdansk,/lechia-gdansk/startseite/verein/4000/saison_id/2010,"24,4",10,€8.75m,€313k,2010,43.615 Seats,Stadion Energa Gdańsk,28,"25,1",5,3,€330k,€590k,€-260k,€125 Th.,Free transfer
158,Górnik Zabrze,/gornik-zabrze/startseite/verein/428/saison_id/2010,"24,1",4,€7.05m,€227k,2010,24.563 Seats,Arena Zabrze,31,"23,8",5,4,€20k,€605k,€-585k,Loan,Free transfer
159,Legia Warszawa,/legia-warschau/startseite/verein/255/saison_id/2011,"24,2",15,€31.45m,€850k,2011,30.967 Seats,Stadion Miejski im. Marszałka Józefa Piłsudskiego,37,"26,5",5,7,€6.11m,€50k,+€6.06m,€3.20m,Free transfer
160,Lech Poznan,/lech-pozna%C5%84/startseite/verein/238/saison_id/2011,"24,0",11,€26.03m,€929k,2011,42.837 Seats,Stadion Poznań,29,"23,8",5,4,€370k,€350k,+€20k,€200 Th.,€350 Th.
161,Wisla Kraków,/wisla-krakau/startseite/verein/422/saison_id/2011,"25,2",16,€22.35m,€798k,2011,33.130 Seats,Stadion Miejski im. Henryka Reymana,31,"25,0",5,2,€115k,€1.10m,€-985k,-,Free transfer
162,Slask Wroclaw,/slask-wroclaw/startseite/verein/759/saison_id/2011,"25,7",8,€14.13m,€456k,2011,42.771 Seats,Stadion Miejski,31,"26,1",5,0,0,€800k,€-800k,Free transfer,Free transfer
163,Jagiellonia,/jagiellonia-bialystok/startseite/verein/2300/saison_id/2011,"23,6",14,€12.93m,€359k,2011,22.432 Seats,Stadion Miejski,37,"24,8",5,1,€2.19m,€650k,+€1.54m,€1.90m,Loan
164,Lechia Gdansk,/lechia-gdansk/startseite/verein/4000/saison_id/2011,"24,0",12,€11.20m,€329k,2011,43.615 Seats,Stadion Energa Gdańsk,34,"25,1",5,3,€20k,€270k,€-250k,Free transfer,Loan fee€55 Th.
165,Korona Kielce,/korona-kielce/startseite/verein/6110/saison_id/2011,"24,3",6,€10.40m,€297k,2011,15.500 Seats,Suzuki Arena,36,"24,1",5,2,€120k,€45k,+€75k,€120 Th.,Loan fee€25 Th.
166,Ruch Chorzow,/ruch-chorzow/startseite/verein/318/saison_id/2011,"26,0",6,€9.05m,€312k,2011,10.000 Seats,Stadion Ruchu Chorzów (przy Cichej),29,"22,5",5,0,€10k,€58k,€-48k,Free transfer,Free transfer
167,Górnik Zabrze,/gornik-zabrze/startseite/verein/428/saison_id/2011,"24,8",7,€9.00m,€257k,2011,24.563 Seats,Arena Zabrze,35,"23,8",5,4,€1.13m,€390k,+€740k,€600 Th.,Loan
168,Wisla Kraków,/wisla-krakau/startseite/verein/422/saison_id/2012,"25,0",13,€20.23m,€632k,2012,33.130 Seats,Stadion Miejski im. Henryka Reymana,33,"25,0",5,2,€1.80m,€42k,+€1.76m,Loan fee€700 Th.,Free transfer
169,Slask Wroclaw,/slask-wroclaw/startseite/verein/759/saison_id/2012,"24,6",9,€20.20m,€594k,2012,42.771 Seats,Stadion Miejski,34,"26,1",5,0,0,0,0,Free transfer,Loan
170,Legia Warszawa,/legia-warschau/startseite/verein/255/saison_id/2012,"24,2",7,€19.30m,€772k,2012,30.967 Seats,Stadion Miejski im. Marszałka Józefa Piłsudskiego,33,"26,5",5,7,€2.70m,€210k,+€2.49m,€2.70m,Free transfer
171,Lech Poznan,/lech-pozna%C5%84/startseite/verein/238/saison_id/2012,"24,2",10,€15.63m,€504k,2012,42.837 Seats,Stadion Poznań,33,"23,8",5,4,€4.13m,€945k,+€3.18m,€3.50m,€125 Th.
172,Górnik Zabrze,/gornik-zabrze/startseite/verein/428/saison_id/2012,"25,3",3,€11.68m,€377k,2012,24.563 Seats,Arena Zabrze,33,"23,8",5,4,€2.66m,€305k,+€2.36m,€2.60m,€260 Th.
173,Ruch Chorzow,/ruch-chorzow/startseite/verein/318/saison_id/2012,"25,2",6,€10.68m,€334k,2012,10.000 Seats,Stadion Ruchu Chorzów (przy Cichej),34,"22,5",5,0,€375k,€460k,€-85k,€350 Th.,€325 Th.
174,Lechia Gdansk,/lechia-gdansk/startseite/verein/4000/saison_id/2012,"22,7",9,€9.53m,€238k,2012,43.615 Seats,Stadion Energa Gdańsk,41,"25,1",5,3,€500k,€110k,+€390k,Free transfer,Free transfer
175,Korona Kielce,/korona-kielce/startseite/verein/6110/saison_id/2012,"24,4",8,€9.43m,€248k,2012,15.500 Seats,Suzuki Arena,38,"24,1",5,2,€13k,€13k,0,Free transfer,-
176,Jagiellonia,/jagiellonia-bialystok/startseite/verein/2300/saison_id/2012,"22,6",8,€9.30m,€266k,2012,22.432 Seats,Stadion Miejski,36,"24,8",5,1,€1.60m,€260k,+€1.34m,€1.00m,Free transfer
177,Legia Warszawa,/legia-warschau/startseite/verein/255/saison_id/2013,"23,4",13,€24.05m,€587k,2013,30.967 Seats,Stadion Miejski im. Marszałka Józefa Piłsudskiego,42,"26,5",5,7,€5.33m,€1.64m,+€3.69m,€2.65m,€450 Th.
178,Lech Poznan,/lech-pozna%C5%84/startseite/verein/238/saison_id/2013,"23,7",11,€17.05m,€501k,2013,42.837 Seats,Stadion Poznań,34,"23,8",5,4,€3.43m,€100k,+€3.33m,€3.20m,Free transfer
179,Slask Wroclaw,/slask-wroclaw/startseite/verein/759/saison_id/2013,"24,7",14,€15.03m,€417k,2013,42.771 Seats,Stadion Miejski,36,"26,1",5,0,€1.00m,€26k,+€974k,€1.00m,Free transfer
180,Górnik Zabrze,/gornik-zabrze/startseite/verein/428/saison_id/2013,"24,7",8,€13.30m,€302k,2013,24.563 Seats,Arena Zabrze,44,"23,8",5,4,€1.39m,0,+€1.39m,€890 Th.,Free transfer
181,Wisla Kraków,/wisla-krakau/startseite/verein/422/saison_id/2013,"22,5",10,€11.83m,€311k,2013,33.130 Seats,Stadion Miejski im. Henryka Reymana,38,"25,0",5,2,€180k,0,+€180k,€150 Th.,Free transfer
182,Jagiellonia,/jagiellonia-bialystok/startseite/verein/2300/saison_id/2013,"21,9",11,€10.78m,€251k,2013,22.432 Seats,Stadion Miejski,43,"24,8",5,1,€580k,€50k,+€530k,€500 Th.,Free transfer
183,Korona Kielce,/korona-kielce/startseite/verein/6110/saison_id/2013,"23,9",10,€10.45m,€249k,2013,15.500 Seats,Suzuki Arena,43,"24,1",5,2,€55k,€115k,€-60k,Free transfer,Free transfer
184,Lechia Gdansk,/lechia-gdansk/startseite/verein/4000/saison_id/2013,"22,8",7,€9.88m,€253k,2013,43.615 Seats,Stadion Energa Gdańsk,39,"25,1",5,3,€755k,€230k,+€525k,€350 Th.,Loan
185,Ruch Chorzow,/ruch-chorzow/startseite/verein/318/saison_id/2013,"23,4",2,€7.23m,€190k,2013,10.000 Seats,Stadion Ruchu Chorzów (przy Cichej),38,"22,5",5,0,0,€25k,€-25k,Free transfer,Free transfer
186,Legia Warszawa,/legia-warschau/startseite/verein/255/saison_id/2014,"24,1",11,€23.55m,€604k,2014,30.967 Seats,Stadion Miejski im. Marszałka Józefa Piłsudskiego,39,"26,5",5,7,€5.18m,€1.61m,+€3.57m,€2.25m,Loan
187,Lech Poznan,/lech-pozna%C5%84/startseite/verein/238/saison_id/2014,"23,3",15,€17.20m,€521k,2014,42.837 Seats,Stadion Poznań,33,"23,8",5,4,€4.00m,€1.60m,+€2.40m,€4.00m,Free transfer
188,Lechia Gdansk,/lechia-gdansk/startseite/verein/4000/saison_id/2014,"22,7",15,€17.20m,€430k,2014,43.615 Seats,Stadion Energa Gdańsk,40,"25,1",5,3,€2.58m,€2.90m,€-320k,€2.50m,Free transfer
189,Wisla Kraków,/wisla-krakau/startseite/verein/422/saison_id/2014,"23,5",9,€11.40m,€356k,2014,33.130 Seats,Stadion Miejski im. Henryka Reymana,32,"25,0",5,2,€1.40m,€75k,+€1.33m,€1.40m,Free transfer
190,Korona Kielce,/korona-kielce/startseite/verein/6110/saison_id/2014,"24,7",14,€11.30m,€323k,2014,15.500 Seats,Suzuki Arena,35,"24,1",5,2,€2k,0,+€2k,Free transfer,Free transfer
191,Slask Wroclaw,/slask-wroclaw/startseite/verein/759/saison_id/2014,"24,8",11,€11.23m,€362k,2014,42.771 Seats,Stadion Miejski,31,"26,1",5,0,€370k,€7k,+€364k,Free transfer,Free transfer
192,Górnik Zabrze,/gornik-zabrze/startseite/verein/428/saison_id/2014,"25,0",7,€9.48m,€263k,2014,24.563 Seats,Arena Zabrze,36,"23,8",5,4,€500k,€10k,+€490k,Free transfer,Free transfer
193,Jagiellonia,/jagiellonia-bialystok/startseite/verein/2300/saison_id/2014,"21,4",7,€8.55m,€199k,2014,22.432 Seats,Stadion Miejski,43,"24,8",5,1,€950k,€125k,+€825k,€700 Th.,Loan
194,Ruch Chorzow,/ruch-chorzow/startseite/verein/318/saison_id/2014,"24,9",5,€8.35m,€246k,2014,10.000 Seats,Stadion Ruchu Chorzów (przy Cichej),34,"22,5",5,0,€500k,€225k,+€275k,€300 Th.,€200 Th.
195,Legia Warszawa,/legia-warschau/startseite/verein/255/saison_id/2015,"25,4",11,€32.45m,€901k,2015,30.967 Seats,Stadion Miejski im. Marszałka Józefa Piłsudskiego,36,"26,5",5,7,€2.75m,€2.93m,€-175k,€500 Th.,Loan
196,Lech Poznan,/lech-pozna%C5%84/startseite/verein/238/saison_id/2015,"24,2",14,€23.90m,€683k,2015,42.837 Seats,Stadion Poznań,35,"23,8",5,4,€210k,€1.70m,€-1.49m,Free transfer,Free transfer
197,Lechia Gdansk,/lechia-gdansk/startseite/verein/4000/saison_id/2015,"24,0",14,€18.08m,€489k,2015,43.615 Seats,Stadion Energa Gdańsk,37,"25,1",5,3,€1.10m,€910k,+€190k,€800 Th.,€150 Th.
198,Jagiellonia,/jagiellonia-bialystok/startseite/verein/2300/saison_id/2015,"22,2",8,€13.40m,€327k,2015,22.432 Seats,Stadion Miejski,41,"24,8",5,1,€2.70m,€693k,+€2.01m,€1.00m,€250 Th.
199,Wisla Kraków,/wisla-krakau/startseite/verein/422/saison_id/2015,"24,1",9,€12.08m,€335k,2015,33.130 Seats,Stadion Miejski im. Henryka Reymana,36,"25,0",5,2,€110k,€475k,€-365k,Free transfer,Free transfer
200,Slask Wroclaw,/slask-wroclaw/startseite/verein/759/saison_id/2015,"24,7",11,€11.18m,€360k,2015,42.771 Seats,Stadion Miejski,31,"26,1",5,0,€400k,0,+€400k,Free transfer,Free transfer
201,Górnik Zabrze,/gornik-zabrze/startseite/verein/428/saison_id/2015,"25,8",10,€7.70m,€188k,2015,24.563 Seats,Arena Zabrze,41,"23,8",5,4,0,0,0,Free transfer,Free transfer
202,Korona Kielce,/korona-kielce/startseite/verein/6110/saison_id/2015,"23,5",11,€6.40m,€149k,2015,15.500 Seats,Suzuki Arena,43,"24,1",5,2,€13k,0,+€13k,Free transfer,Free transfer
203,Ruch Chorzow,/ruch-chorzow/startseite/verein/318/saison_id/2015,"24,5",3,€5.05m,€163k,2015,10.000 Seats,Stadion Ruchu Chorzów (przy Cichej),31,"22,5",5,0,€500k,€100k,+€400k,Free transfer,€100 Th.
204,M. Tel Aviv,/maccabi-tel-aviv/startseite/verein/119/saison_id/2010,"24,5",6,€15.95m,€515k,2010,29.150 Seats,Bloomfield,34,"27,2",5,8,€1.00m,€5.06m,€-4.06m,Free transfer,€2.00m
205,Hapoel Tel Aviv,/hapoel-tel-aviv/startseite/verein/1017/saison_id/2010,"24,7",5,€15.78m,€544k,2010,29.500 Seats,Bloomfield,34,"25,0",5,5,€2.60m,€1.90m,+€700k,€2.60m,Free transfer
206,Maccabi Haifa,/maccabi-haifa/startseite/verein/1064/saison_id/2010,"23,6",9,€15.48m,€595k,2010,30.820 Seats,Sammy Ofer Stadium,27,"26,5",5,8,€4.15m,€2.23m,+€1.93m,€1.80m,Loan
207,B. Jerusalem,/beitar-jerusalem/startseite/verein/3793/saison_id/2010,"24,2",6,€11.15m,€360k,2010,33.500 Seats,Teddy-Kollek-Stadion,31,"26,8",5,3,€2.90m,0,+€2.90m,€1.45m,Loan
208,Bnei Sakhnin,/hapoel-bnei-sachnin/startseite/verein/4769/saison_id/2010,"25,5",8,€5.83m,€216k,2010,8.500 Seats,Doha Stadium,30,"25,6",5,1,0,0,0,Free transfer,Free transfer
209,H. Beer Sheva,/hapoel-beer-sheva/startseite/verein/2976/saison_id/2010,"23,9",7,€4.53m,€137k,2010,16.126 Seats,Toto Jacob Turner Stadium,35,"27,0",5,6,€675k,0,+€675k,€675 Th.,?
210,Hapoel Haifa,/hapoel-haifa/startseite/verein/810/saison_id/2010,"24,3",3,€3.38m,€147k,2010,30.820 Seats,Sammy Ofer Stadium,23,"28,6",5,2,0,0,0,Free transfer,Free transfer
211,Hapoel Acre,/hapoel-akko/startseite/verein/6025/saison_id/2010,"24,0",5,€3.38m,€116k,2010,5.000 Seats,Akko Municipal Stadium,29,"23,1",5,0,€600k,0,+€600k,€600 Th.,?
212,Kiryat Shmona,/hapoel-ironi-kiryat-shmona/startseite/verein/6028/saison_id/2010,"23,9",4,€1.20m,€46k,2010,5.300 Seats,Kiryat Shmona Municipal Stadium,28,"24,6",5,1,€800k,0,+€800k,€800 Th.,Free transfer
213,Maccabi Haifa,/maccabi-haifa/startseite/verein/1064/saison_id/2011,"22,8",10,€17.60m,€503k,2011,30.820 Seats,Sammy Ofer Stadium,35,"26,5",5,8,€3.05m,€4.65m,€-1.60m,€2.50m,Free transfer
214,Hapoel Tel Aviv,/hapoel-tel-aviv/startseite/verein/1017/saison_id/2011,"25,2",6,€14.80m,€529k,2011,29.500 Seats,Bloomfield,29,"25,0",5,5,€4.93m,€2.55m,+€2.38m,€2.50m,Loan
215,M. Tel Aviv,/maccabi-tel-aviv/startseite/verein/119/saison_id/2011,"22,8",6,€11.50m,€348k,2011,29.150 Seats,Bloomfield,33,"27,2",5,8,€600k,€810k,€-210k,€500 Th.,€100 Th.
216,Hapoel Haifa,/hapoel-haifa/startseite/verein/810/saison_id/2011,"24,3",6,€7.45m,€233k,2011,30.820 Seats,Sammy Ofer Stadium,32,"28,6",5,2,€35k,€37k,€-2k,Free transfer,Free transfer
217,B. Jerusalem,/beitar-jerusalem/startseite/verein/3793/saison_id/2011,"22,6",5,€7.05m,€227k,2011,33.500 Seats,Teddy-Kollek-Stadion,32,"26,8",5,3,€1.00m,0,+€1.00m,€200 Th.,Loan
218,H. Beer Sheva,/hapoel-beer-sheva/startseite/verein/2976/saison_id/2011,"23,6",9,€6.18m,€193k,2011,16.126 Seats,Toto Jacob Turner Stadium,34,"27,0",5,6,0,0,0,?,Loan
219,Hapoel Acre,/hapoel-akko/startseite/verein/6025/saison_id/2011,"24,2",7,€5.30m,€166k,2011,5.000 Seats,Akko Municipal Stadium,32,"23,1",5,0,€185k,0,+€185k,Free transfer,Loan
220,Kiryat Shmona,/hapoel-ironi-kiryat-shmona/startseite/verein/6028/saison_id/2011,"23,7",4,€3.63m,€129k,2011,5.300 Seats,Kiryat Shmona Municipal Stadium,29,"24,6",5,1,€700k,€270k,+€430k,€700 Th.,?
221,Bnei Sakhnin,/hapoel-bnei-sachnin/startseite/verein/4769/saison_id/2011,"24,1",4,€3.25m,€125k,2011,8.500 Seats,Doha Stadium,28,"25,6",5,1,0,0,0,?,Free transfer
222,Hapoel Tel Aviv,/hapoel-tel-aviv/startseite/verein/1017/saison_id/2012,"24,6",10,€19.68m,€532k,2012,29.500 Seats,Bloomfield,38,"25,0",5,5,€1.37m,€900k,+€470k,€1.10m,Loan
223,M. Tel Aviv,/maccabi-tel-aviv/startseite/verein/119/saison_id/2012,"24,8",6,€16.43m,€657k,2012,29.150 Seats,Bloomfield,31,"27,2",5,8,€2.40m,€1.40m,+€1.01m,€2.00m,Free transfer
224,Maccabi Haifa,/maccabi-haifa/startseite/verein/1064/saison_id/2012,"23,5",7,€12.83m,€428k,2012,30.820 Seats,Sammy Ofer Stadium,32,"26,5",5,8,0,€2.11m,€-2.11m,?,€800 Th.
225,Kiryat Shmona,/hapoel-ironi-kiryat-shmona/startseite/verein/6028/saison_id/2012,"24,3",7,€7.85m,€238k,2012,5.300 Seats,Kiryat Shmona Municipal Stadium,35,"24,6",5,1,€555k,€520k,+€35k,€350 Th.,€150 Th.
226,B. Jerusalem,/beitar-jerusalem/startseite/verein/3793/saison_id/2012,"22,8",5,€6.55m,€218k,2012,33.500 Seats,Teddy-Kollek-Stadion,31,"26,8",5,3,€250k,0,+€250k,Free transfer,Free transfer
227,Hapoel Haifa,/hapoel-haifa/startseite/verein/810/saison_id/2012,"24,7",7,€6.48m,€209k,2012,30.820 Seats,Sammy Ofer Stadium,33,"28,6",5,2,0,0,0,Free transfer,-
228,H. Beer Sheva,/hapoel-beer-sheva/startseite/verein/2976/saison_id/2012,"23,6",7,€5.85m,€189k,2012,16.126 Seats,Toto Jacob Turner Stadium,33,"27,0",5,6,0,€205k,€-205k,Free transfer,Free transfer
229,Bnei Sakhnin,/hapoel-bnei-sachnin/startseite/verein/4769/saison_id/2012,"23,9",8,€5.78m,€186k,2012,8.500 Seats,Doha Stadium,33,"25,6",5,1,€320k,0,+€320k,€20 Th.,Free transfer
230,Hapoel Acre,/hapoel-akko/startseite/verein/6025/saison_id/2012,"25,9",7,€5.63m,€181k,2012,5.000 Seats,Akko Municipal Stadium,32,"23,1",5,0,0,0,0,Free transfer,Loan
231,M. Tel Aviv,/maccabi-tel-aviv/startseite/verein/119/saison_id/2013,"25,5",6,€14.55m,€560k,2013,29.150 Seats,Bloomfield,27,"27,2",5,8,€2.32m,€1.63m,+€690k,Free transfer,Free transfer
232,Maccabi Haifa,/maccabi-haifa/startseite/verein/1064/saison_id/2013,"23,5",7,€13.48m,€408k,2013,30.820 Seats,Sammy Ofer Stadium,38,"26,5",5,8,0,€2.00m,€-2.00m,Free transfer,Loan
233,B. Jerusalem,/beitar-jerusalem/startseite/verein/3793/saison_id/2013,"23,7",9,€11.60m,€305k,2013,33.500 Seats,Teddy-Kollek-Stadion,40,"26,8",5,3,€500k,€290k,+€210k,Free transfer,Loan
234,Hapoel Tel Aviv,/hapoel-tel-aviv/startseite/verein/1017/saison_id/2013,"24,7",7,€11.25m,€363k,2013,29.500 Seats,Bloomfield,31,"25,0",5,5,€1.23m,€500k,+€725k,Loan,€500 Th.
235,H. Beer Sheva,/hapoel-beer-sheva/startseite/verein/2976/saison_id/2013,"24,9",7,€9.65m,€371k,2013,16.126 Seats,Toto Jacob Turner Stadium,31,"27,0",5,6,0,€165k,€-165k,?,Loan
236,Bnei Sakhnin,/hapoel-bnei-sachnin/startseite/verein/4769/saison_id/2013,"24,9",8,€8.95m,€249k,2013,8.500 Seats,Doha Stadium,37,"25,6",5,1,0,0,0,Free transfer,Loan
237,Kiryat Shmona,/hapoel-ironi-kiryat-shmona/startseite/verein/6028/saison_id/2013,"24,6",5,€7.68m,€265k,2013,5.300 Seats,Kiryat Shmona Municipal Stadium,30,"24,6",5,1,€1.30m,€330k,+€970k,€200 Th.,Free transfer
238,Hapoel Acre,/hapoel-akko/startseite/verein/6025/saison_id/2013,"25,8",9,€7.33m,€193k,2013,5.000 Seats,Akko Municipal Stadium,40,"23,1",5,0,0,€15k,€-15k,?,Loan
239,Hapoel Haifa,/hapoel-haifa/startseite/verein/810/saison_id/2013,"25,9",7,€5.90m,€184k,2013,30.820 Seats,Sammy Ofer Stadium,32,"28,6",5,2,€465k,0,+€465k,?,Free transfer
240,Maccabi Haifa,/maccabi-haifa/startseite/verein/1064/saison_id/2014,"27,2",9,€21.45m,€650k,2014,30.820 Seats,Sammy Ofer Stadium,33,"26,5",5,8,€700k,€155k,+€545k,€450 Th.,Loan
241,M. Tel Aviv,/maccabi-tel-aviv/startseite/verein/119/saison_id/2014,"25,8",6,€17.50m,€625k,2014,29.150 Seats,Bloomfield,29,"27,2",5,8,0,€2.00m,€-2.00m,?,€700 Th.
242,Hapoel Tel Aviv,/hapoel-tel-aviv/startseite/verein/1017/saison_id/2014,"23,8",9,€11.83m,€282k,2014,29.500 Seats,Bloomfield,43,"25,0",5,5,€2.58m,€250k,+€2.33m,€420 Th.,?
243,B. Jerusalem,/beitar-jerusalem/startseite/verein/3793/saison_id/2014,"25,2",7,€10.43m,€298k,2014,33.500 Seats,Teddy-Kollek-Stadion,35,"26,8",5,3,0,€610k,€-610k,Free transfer,Loan
244,H. Beer Sheva,/hapoel-beer-sheva/startseite/verein/2976/saison_id/2014,"25,2",6,€10.10m,€348k,2014,16.126 Seats,Toto Jacob Turner Stadium,30,"27,0",5,6,€250k,€530k,€-280k,?,€200 Th.
245,Hapoel Haifa,/hapoel-haifa/startseite/verein/810/saison_id/2014,"24,9",8,€6.10m,€169k,2014,30.820 Seats,Sammy Ofer Stadium,36,"28,6",5,2,€320k,0,+€320k,Free transfer,?
246,Hapoel Acre,/hapoel-akko/startseite/verein/6025/saison_id/2014,"25,5",9,€6.05m,€155k,2014,5.000 Seats,Akko Municipal Stadium,40,"23,1",5,0,0,0,0,?,?
247,Bnei Sakhnin,/hapoel-bnei-sachnin/startseite/verein/4769/saison_id/2014,"24,0",7,€5.25m,€135k,2014,8.500 Seats,Doha Stadium,39,"25,6",5,1,0,€100k,€-100k,-,Free transfer
248,Kiryat Shmona,/hapoel-ironi-kiryat-shmona/startseite/verein/6028/saison_id/2014,"23,8",5,€5.18m,€162k,2014,5.300 Seats,Kiryat Shmona Municipal Stadium,32,"24,6",5,1,0,€215k,€-215k,?,Loan
249,M. Tel Aviv,/maccabi-tel-aviv/startseite/verein/119/saison_id/2015,"26,7",8,€26.45m,€912k,2015,29.150 Seats,Bloomfield,31,"27,2",5,8,€1.40m,€4.50m,€-3.10m,Free transfer,€3.00m
250,Maccabi Haifa,/maccabi-haifa/startseite/verein/1064/saison_id/2015,"25,4",6,€20.70m,€609k,2015,30.820 Seats,Sammy Ofer Stadium,36,"26,5",5,8,€500k,€720k,€-220k,Free transfer,€250 Th.
251,Hapoel Tel Aviv,/hapoel-tel-aviv/startseite/verein/1017/saison_id/2015,"23,8",8,€14.18m,€405k,2015,29.500 Seats,Bloomfield,35,"25,0",5,5,€250k,€2.93m,€-2.68m,Loan,Free transfer
252,B. Jerusalem,/beitar-jerusalem/startseite/verein/3793/saison_id/2015,"24,8",6,€12.28m,€396k,2015,33.500 Seats,Teddy-Kollek-Stadion,32,"26,8",5,3,€1.37m,€140k,+€1.23m,Free transfer,Free transfer
253,H. Beer Sheva,/hapoel-beer-sheva/startseite/verein/2976/saison_id/2015,"26,8",4,€11.33m,€453k,2015,16.126 Seats,Toto Jacob Turner Stadium,28,"27,0",5,6,0,€1.12m,€-1.12m,Loan,Free transfer
254,Hapoel Haifa,/hapoel-haifa/startseite/verein/810/saison_id/2015,"25,2",7,€6.85m,€221k,2015,30.820 Seats,Sammy Ofer Stadium,31,"28,6",5,2,0,€175k,€-175k,Free transfer,Free transfer
255,Bnei Sakhnin,/hapoel-bnei-sachnin/startseite/verein/4769/saison_id/2015,"25,0",7,€4.53m,€156k,2015,8.500 Seats,Doha Stadium,29,"25,6",5,1,0,0,0,Free transfer,Free transfer
256,Kiryat Shmona,/hapoel-ironi-kiryat-shmona/startseite/verein/6028/saison_id/2015,"23,7",8,€4.50m,€150k,2015,5.300 Seats,Kiryat Shmona Municipal Stadium,30,"24,6",5,1,€1.11m,€140k,+€965k,€450 Th.,?
257,Hapoel Acre,/hapoel-akko/startseite/verein/6025/saison_id/2015,"22,6",7,€3.33m,€107k,2015,5.000 Seats,Akko Municipal Stadium,31,"23,1",5,0,0,0,0,Free transfer,-
258,FC Copenhagen,/fc-kopenhagen/startseite/verein/190/saison_id/2010,"24,9",14,€43.10m,€1.49m,2010,38.065 Seats,Telia Parken,32,"27,1",5,9,€1.37m,€4.02m,€-2.65m,Free transfer,Free transfer
259,Odense BK,/odense-boldklub/startseite/verein/173/saison_id/2010,"25,2",13,€31.10m,€889k,2010,15.790 Seats,Nature Energy Park,35,"25,1",5,1,0,€200k,€-200k,Free transfer,Free transfer
260,Bröndby IF,/brondby-if/startseite/verein/206/saison_id/2010,"24,2",11,€29.50m,€952k,2010,28.000 Seats,Brøndby Stadion,0,"25,1",5,4,0,0,0,-,-
261,FC Midtjylland,/fc-midtjylland/startseite/verein/865/saison_id/2010,"22,2",9,€22.60m,€685k,2010,11.535 Seats,MCH Arena,33,"24,2",5,6,€5.60m,€1.50m,+€4.10m,€4.20m,€500 Th.
262,Aalborg BK,/aalborg-bk/startseite/verein/1053/saison_id/2010,"23,2",10,€16.65m,€490k,2010,13.800 Seats,Aalborg Portland Park,34,"24,8",5,3,€1.20m,0,+€1.20m,Free transfer,Loan
263,Nordsjaelland,/fc-nordsjaelland/startseite/verein/2778/saison_id/2010,"21,8",9,€14.53m,€393k,2010,10.300 Seats,Right to Dream Park,37,"21,6",5,2,€1.75m,0,+€1.75m,€1.75m,Loan
264,SönderjyskE,/sonderjyske/startseite/verein/5817/saison_id/2010,"24,1",10,€11.00m,€407k,2010,10.000 Seats,Sydbank Park,28,"26,4",5,2,€1.76m,0,+€1.76m,€1.35m,Loan
265,FC Copenhagen,/fc-kopenhagen/startseite/verein/190/saison_id/2011,"24,8",14,€42.08m,€1.45m,2011,38.065 Seats,Telia Parken,30,"27,1",5,9,€4.30m,€5.20m,€-900k,€3.50m,€750 Th.
266,Bröndby IF,/brondby-if/startseite/verein/206/saison_id/2011,"23,0",10,€29.10m,€808k,2011,28.000 Seats,Brøndby Stadion,36,"25,1",5,4,€350k,€470k,€-120k,Free transfer,Free transfer
267,Odense BK,/odense-boldklub/startseite/verein/173/saison_id/2011,"24,9",11,€23.23m,€829k,2011,15.790 Seats,Nature Energy Park,29,"25,1",5,1,€540k,€960k,€-420k,€540 Th.,Loan
268,FC Midtjylland,/fc-midtjylland/startseite/verein/865/saison_id/2011,"22,4",11,€19.13m,€580k,2011,11.535 Seats,MCH Arena,35,"24,2",5,6,€300k,0,+€300k,Free transfer,?
269,Nordsjaelland,/fc-nordsjaelland/startseite/verein/2778/saison_id/2011,"22,1",7,€13.80m,€406k,2011,10.300 Seats,Right to Dream Park,34,"21,6",5,2,0,€135k,€-135k,?,Free transfer
270,Aalborg BK,/aalborg-bk/startseite/verein/1053/saison_id/2011,"23,8",6,€10.45m,€387k,2011,13.800 Seats,Aalborg Portland Park,29,"24,8",5,3,€63k,0,+€63k,Free transfer,?
271,SönderjyskE,/sonderjyske/startseite/verein/5817/saison_id/2011,"24,8",7,€8.65m,€376k,2011,10.000 Seats,Sydbank Park,25,"26,4",5,2,€200k,0,+€200k,Free transfer,Free transfer
272,FC Copenhagen,/fc-kopenhagen/startseite/verein/190/saison_id/2012,"24,5",13,€34.30m,€1.14m,2012,38.065 Seats,Telia Parken,32,"27,1",5,9,€9.90m,€2.80m,+€7.10m,€5.00m,€1.00m
273,Bröndby IF,/brondby-if/startseite/verein/206/saison_id/2012,"22,7",8,€21.45m,€715k,2012,28.000 Seats,Brøndby Stadion,32,"25,1",5,4,€1.10m,€670k,+€430k,€100 Th.,€670 Th.
274,Odense BK,/odense-boldklub/startseite/verein/173/saison_id/2012,"24,8",12,€18.95m,€677k,2012,15.790 Seats,Nature Energy Park,30,"25,1",5,1,€3.65m,€540k,+€3.11m,€1.75m,-
275,Nordsjaelland,/fc-nordsjaelland/startseite/verein/2778/saison_id/2012,"22,4",14,€16.93m,€394k,2012,10.300 Seats,Right to Dream Park,46,"21,6",5,2,€5.54m,€675k,+€4.86m,€2.80m,Free transfer
276,FC Midtjylland,/fc-midtjylland/startseite/verein/865/saison_id/2012,"22,4",13,€15.20m,€461k,2012,11.535 Seats,MCH Arena,36,"24,2",5,6,€1.20m,€320k,+€880k,€1.20m,Free transfer
277,SönderjyskE,/sonderjyske/startseite/verein/5817/saison_id/2012,"25,4",11,€13.65m,€414k,2012,10.000 Seats,Sydbank Park,34,"26,4",5,2,€945k,0,+€945k,€670 Th.,Free transfer
278,Aalborg BK,/aalborg-bk/startseite/verein/1053/saison_id/2012,"22,5",3,€9.60m,€356k,2012,13.800 Seats,Aalborg Portland Park,28,"24,8",5,3,€1.40m,0,+€1.40m,€1.40m,?
279,FC Copenhagen,/fc-kopenhagen/startseite/verein/190/saison_id/2013,"24,7",14,€30.70m,€1.10m,2013,38.065 Seats,Telia Parken,31,"27,1",5,9,€13.48m,€5.55m,+€7.93m,€8.70m,€3.50m
280,Bröndby IF,/brondby-if/startseite/verein/206/saison_id/2013,"22,6",13,€18.30m,€555k,2013,28.000 Seats,Brøndby Stadion,33,"25,1",5,4,€100k,€3.08m,€-2.98m,Free transfer,Loan fee€500 Th.
281,Nordsjaelland,/fc-nordsjaelland/startseite/verein/2778/saison_id/2013,"22,7",9,€16.25m,€428k,2013,10.300 Seats,Right to Dream Park,38,"21,6",5,2,€4.80m,€550k,+€4.25m,€4.70m,€550 Th.
282,FC Midtjylland,/fc-midtjylland/startseite/verein/865/saison_id/2013,"23,1",14,€14.15m,€372k,2013,11.535 Seats,MCH Arena,38,"24,2",5,6,€600k,€800k,€-200k,€600 Th.,€800 Th.
283,Odense BK,/odense-boldklub/startseite/verein/173/saison_id/2013,"23,4",12,€13.48m,€421k,2013,15.790 Seats,Nature Energy Park,33,"25,1",5,1,0,0,0,Free transfer,?
284,Aalborg BK,/aalborg-bk/startseite/verein/1053/saison_id/2013,"22,9",4,€10.13m,€349k,2013,13.800 Seats,Aalborg Portland Park,29,"24,8",5,3,€1.80m,€170k,+€1.63m,€1.50m,Loan fee€100 Th.
285,SönderjyskE,/sonderjyske/startseite/verein/5817/saison_id/2013,"24,0",9,€8.55m,€251k,2013,10.000 Seats,Sydbank Park,34,"26,4",5,2,€650k,0,+€650k,€650 Th.,Loan
286,Bröndby IF,/brondby-if/startseite/verein/206/saison_id/2014,"22,7",14,€38.00m,€1.19m,2014,28.000 Seats,Brøndby Stadion,33,"25,1",5,4,€2.30m,€7.62m,€-5.32m,€2.30m,€4.00m
287,FC Copenhagen,/fc-kopenhagen/startseite/verein/190/saison_id/2014,"24,3",18,€35.55m,€988k,2014,38.065 Seats,Telia Parken,36,"27,1",5,9,€4.35m,€7.70m,€-3.35m,€3.00m,Loan
288,FC Midtjylland,/fc-midtjylland/startseite/verein/865/saison_id/2014,"24,2",14,€16.25m,€508k,2014,11.535 Seats,MCH Arena,32,"24,2",5,6,€500k,€2.90m,€-2.40m,?,€450 Th.
289,Odense BK,/odense-boldklub/startseite/verein/173/saison_id/2014,"23,9",9,€15.00m,€455k,2014,15.790 Seats,Nature Energy Park,33,"25,1",5,1,0,€100k,€-100k,Free transfer,-
290,Nordsjaelland,/fc-nordsjaelland/startseite/verein/2778/saison_id/2014,"22,8",10,€12.75m,€411k,2014,10.300 Seats,Right to Dream Park,31,"21,6",5,2,€1.42m,€500k,+€920k,€750 Th.,€500 Th.
291,Aalborg BK,/aalborg-bk/startseite/verein/1053/saison_id/2014,"22,8",5,€11.03m,€356k,2014,13.800 Seats,Aalborg Portland Park,31,"24,8",5,3,€600k,€150k,+€450k,€600 Th.,Loan
292,SönderjyskE,/sonderjyske/startseite/verein/5817/saison_id/2014,"24,9",10,€8.33m,€260k,2014,10.000 Seats,Sydbank Park,32,"26,4",5,2,0,0,0,Free transfer,Free transfer
293,FC Copenhagen,/fc-kopenhagen/startseite/verein/190/saison_id/2015,"23,7",14,€27.65m,€838k,2015,38.065 Seats,Telia Parken,33,"27,1",5,9,€7.12m,€6.80m,+€318k,€6.60m,€3.10m
294,Bröndby IF,/brondby-if/startseite/verein/206/saison_id/2015,"23,6",12,€26.08m,€705k,2015,28.000 Seats,Brøndby Stadion,37,"25,1",5,4,€4.10m,€2.15m,+€1.95m,€2.50m,€675 Th.
295,FC Midtjylland,/fc-midtjylland/startseite/verein/865/saison_id/2015,"23,6",23,€25.70m,€584k,2015,11.535 Seats,MCH Arena,44,"24,2",5,6,€3.70m,€4.61m,€-910k,€2.50m,€2.10m
296,Odense BK,/odense-boldklub/startseite/verein/173/saison_id/2015,"23,7",12,€17.25m,€507k,2015,15.790 Seats,Nature Energy Park,34,"25,1",5,1,€2.35m,€700k,+€1.65m,€1.50m,Loan
297,Aalborg BK,/aalborg-bk/startseite/verein/1053/saison_id/2015,"23,2",7,€11.30m,€377k,2015,13.800 Seats,Aalborg Portland Park,30,"24,8",5,3,€300k,0,+€300k,€300 Th.,Free transfer
298,Nordsjaelland,/fc-nordsjaelland/startseite/verein/2778/saison_id/2015,"21,0",15,€9.05m,€259k,2015,10.300 Seats,Right to Dream Park,35,"21,6",5,2,€6.10m,€700k,+€5.40m,€3.75m,?
299,SönderjyskE,/sonderjyske/startseite/verein/5817/saison_id/2015,"24,4",9,€8.13m,€262k,2015,10.000 Seats,Sydbank Park,31,"26,4",5,2,€550k,0,+€550k,€550 Th.,Free transfer
300,IFK Göteborg,/ifk-goteborg/startseite/verein/801/saison_id/2010,"22,4",6,€25.02m,€736k,2010,18.800 Seats,Gamla Ullevi,34,"24,3",5,3,€400k,0,+€400k,?,Free transfer
301,Elfsborg,/if-elfsborg-boras/startseite/verein/1101/saison_id/2010,"26,3",4,€20.18m,€611k,2010,16.894 Seats,Borås Arena,33,"26,2",5,3,€5.70m,€1.53m,+€4.17m,€3.50m,€670 Th.
302,Malmö FF,/malmo-ff/startseite/verein/496/saison_id/2010,"22,1",13,€17.00m,€567k,2010,24.000 Seats,Stadion,30,"27,5",5,5,0,0,0,Free transfer,Free transfer
303,AIK,/aik-stockholm/startseite/verein/272/saison_id/2010,"23,2",15,€13.83m,€419k,2010,54.329 Seats,Friends Arena,33,"27,9",5,9,€700k,€245k,+€455k,Free transfer,Free transfer
304,Kalmar FF,/kalmar-ff/startseite/verein/3654/saison_id/2010,"24,0",13,€13.00m,€371k,2010,12.182 Seats,Guldfågeln Arena,35,"24,8",5,1,0,0,0,?,Free transfer
305,Helsingborg,/helsingborgs-if/startseite/verein/699/saison_id/2010,"23,5",10,€12.38m,€375k,2010,16.673 Seats,Olympia,33,"27,2",5,1,€2.30m,€500k,+€1.80m,€1.80m,Loan
306,Djurgarden,/djurgardens-if/startseite/verein/1044/saison_id/2010,"21,9",18,€12.10m,€346k,2010,32.000 Seats,Tele2 Arena,35,"26,0",5,4,0,0,0,Free transfer,Free transfer
307,Häcken,/bk-hacken/startseite/verein/1109/saison_id/2010,"24,4",9,€8.38m,€310k,2010,8.000 Seats,Bravida Arena,27,"27,2",5,4,0,€500k,€-500k,Free transfer,€500 Th.
308,Gefle,/gefle-if/startseite/verein/4414/saison_id/2010,"24,1",7,€8.30m,€277k,2010,6.500 Seats,Gavlevallen,31,"22,1",5,0,€500k,0,+€500k,-,Free transfer
309,Norrköping,/ifk-norrkoping/startseite/verein/2844/saison_id/2010,"23,0",14,€5.43m,€170k,2010,15.734 Seats,Östgotaparken,32,"24,5",5,11,0,€30k,€-30k,Free transfer,Free transfer
310,Malmö FF,/malmo-ff/startseite/verein/496/saison_id/2011,"22,0",15,€24.33m,€579k,2011,24.000 Seats,Stadion,48,"27,5",5,5,€500k,€1.50m,€-1.00m,€500 Th.,€1.50m
311,Helsingborg,/helsingborgs-if/startseite/verein/699/saison_id/2011,"23,7",14,€21.18m,€557k,2011,16.673 Seats,Olympia,45,"27,2",5,1,€9.30m,€700k,+€8.60m,€4.80m,?
312,IFK Göteborg,/ifk-goteborg/startseite/verein/801/saison_id/2011,"23,6",5,€21.00m,€778k,2011,18.800 Seats,Gamla Ullevi,33,"24,3",5,3,€1.35m,€1.31m,+€37k,€800 Th.,Free transfer
313,Elfsborg,/if-elfsborg-boras/startseite/verein/1101/saison_id/2011,"25,5",7,€19.70m,€547k,2011,16.894 Seats,Borås Arena,41,"26,2",5,3,€560k,0,+€560k,Free transfer,-
314,AIK,/aik-stockholm/startseite/verein/272/saison_id/2011,"23,1",12,€15.53m,€518k,2011,54.329 Seats,Friends Arena,32,"27,9",5,9,€5.50m,0,+€5.50m,€3.30m,Free transfer
315,Häcken,/bk-hacken/startseite/verein/1109/saison_id/2011,"25,2",13,€14.60m,€417k,2011,8.000 Seats,Bravida Arena,38,"27,2",5,4,€2.50m,0,+€2.50m,€1.50m,Loan
316,Djurgarden,/djurgardens-if/startseite/verein/1044/saison_id/2011,"23,1",16,€14.18m,€417k,2011,32.000 Seats,Tele2 Arena,42,"26,0",5,4,0,0,0,Free transfer,Loan
317,Kalmar FF,/kalmar-ff/startseite/verein/3654/saison_id/2011,"22,8",11,€9.10m,€364k,2011,12.182 Seats,Guldfågeln Arena,33,"24,8",5,1,€1.50m,0,+€1.50m,€1.50m,Free transfer
318,Norrköping,/ifk-norrkoping/startseite/verein/2844/saison_id/2011,"23,5",14,€6.48m,€249k,2011,15.734 Seats,Östgotaparken,30,"24,5",5,11,0,€330k,€-330k,Free transfer,€200 Th.
319,Gefle,/gefle-if/startseite/verein/4414/saison_id/2011,"23,2",3,€4.88m,€188k,2011,6.500 Seats,Gavlevallen,28,"22,1",5,0,0,0,0,?,Free transfer
320,Malmö FF,/malmo-ff/startseite/verein/496/saison_id/2012,"21,2",9,€19.55m,€575k,2012,24.000 Seats,Stadion,36,"27,5",5,5,€2.58m,€300k,+€2.28m,€2.00m,Loan
321,Elfsborg,/if-elfsborg-boras/startseite/verein/1101/saison_id/2012,"24,4",10,€18.98m,€499k,2012,16.894 Seats,Borås Arena,40,"26,2",5,3,€2.20m,€200k,+€2.00m,Loan,Loan
322,Helsingborg,/helsingborgs-if/startseite/verein/699/saison_id/2012,"24,1",15,€18.43m,€472k,2012,16.673 Seats,Olympia,44,"27,2",5,1,0,€500k,€-500k,?,Loan
323,IFK Göteborg,/ifk-goteborg/startseite/verein/801/saison_id/2012,"23,9",7,€18.20m,€628k,2012,18.800 Seats,Gamla Ullevi,34,"24,3",5,3,€1.82m,0,+€1.82m,€1.50m,Free transfer
324,AIK,/aik-stockholm/startseite/verein/272/saison_id/2012,"23,5",15,€15.88m,€418k,2012,54.329 Seats,Friends Arena,40,"27,9",5,9,0,0,0,Loan,Free transfer
325,Häcken,/bk-hacken/startseite/verein/1109/saison_id/2012,"23,9",13,€12.93m,€417k,2012,8.000 Seats,Bravida Arena,34,"27,2",5,4,€2.90m,0,+€2.90m,€2.90m,Free transfer
326,Kalmar FF,/kalmar-ff/startseite/verein/3654/saison_id/2012,"23,3",15,€11.08m,€346k,2012,12.182 Seats,Guldfågeln Arena,38,"24,8",5,1,0,0,0,Free transfer,-
327,Norrköping,/ifk-norrkoping/startseite/verein/2844/saison_id/2012,"23,5",14,€8.18m,€273k,2012,15.734 Seats,Östgotaparken,32,"24,5",5,11,€1.70m,0,+€1.70m,?,?
328,Djurgarden,/djurgardens-if/startseite/verein/1044/saison_id/2012,"23,2",13,€7.83m,€252k,2012,32.000 Seats,Tele2 Arena,34,"26,0",5,4,€1.12m,€350k,+€770k,€500 Th.,€350 Th.
329,Gefle,/gefle-if/startseite/verein/4414/saison_id/2012,"23,8",5,€5.65m,€209k,2012,6.500 Seats,Gavlevallen,32,"22,1",5,0,0,0,0,Loan,Free transfer
330,IFK Göteborg,/ifk-goteborg/startseite/verein/801/saison_id/2013,"25,2",8,€18.70m,€748k,2013,18.800 Seats,Gamla Ullevi,45,"24,3",5,3,€2.75m,€1.25m,+€1.50m,€1.75m,Free transfer
331,Malmö FF,/malmo-ff/startseite/verein/496/saison_id/2013,"22,6",6,€16.83m,€601k,2013,24.000 Seats,Stadion,46,"27,5",5,5,€4.19m,€150k,+€4.04m,€4.00m,Free transfer
332,Elfsborg,/if-elfsborg-boras/startseite/verein/1101/saison_id/2013,"25,6",8,€15.43m,€498k,2013,16.894 Seats,Borås Arena,38,"26,2",5,3,0,0,0,?,Free transfer
333,Häcken,/bk-hacken/startseite/verein/1109/saison_id/2013,"25,5",9,€13.25m,€530k,2013,8.000 Seats,Bravida Arena,42,"27,2",5,4,0,0,0,Free transfer,Free transfer
334,AIK,/aik-stockholm/startseite/verein/272/saison_id/2013,"23,8",8,€7.82m,€411k,2013,54.329 Seats,Friends Arena,36,"27,9",5,9,0,0,0,?,Loan
335,Djurgarden,/djurgardens-if/startseite/verein/1044/saison_id/2013,"24,0",8,€7.30m,€304k,2013,32.000 Seats,Tele2 Arena,39,"26,0",5,4,0,€200k,€-200k,Free transfer,?
336,Helsingborg,/helsingborgs-if/startseite/verein/699/saison_id/2013,"22,9",7,€6.95m,€331k,2013,16.673 Seats,Olympia,37,"27,2",5,1,€800k,0,+€800k,Free transfer,?
337,Gefle,/gefle-if/startseite/verein/4414/saison_id/2013,"24,8",7,€6.40m,€221k,2013,6.500 Seats,Gavlevallen,37,"22,1",5,0,€500k,0,+€500k,€500 Th.,?
338,Kalmar FF,/kalmar-ff/startseite/verein/3654/saison_id/2013,"23,6",7,€6.08m,€338k,2013,12.182 Seats,Guldfågeln Arena,32,"24,8",5,1,€415k,0,+€415k,€400 Th.,Loan
339,Norrköping,/ifk-norrkoping/startseite/verein/2844/saison_id/2013,"23,8",10,€5.95m,€238k,2013,15.734 Seats,Östgotaparken,34,"24,5",5,11,0,€100k,€-100k,?,Free transfer
340,Malmö FF,/malmo-ff/startseite/verein/496/saison_id/2014,"22,4",10,€21.03m,€584k,2014,24.000 Seats,Stadion,42,"27,5",5,5,€10.78m,€570k,+€10.21m,€3.70m,Free transfer
341,Kalmar FF,/kalmar-ff/startseite/verein/3654/saison_id/2014,"24,0",6,€20.88m,€803k,2014,12.182 Seats,Guldfågeln Arena,32,"24,8",5,1,€1.50m,0,+€1.50m,€1.50m,Free transfer
342,IFK Göteborg,/ifk-goteborg/startseite/verein/801/saison_id/2014,"25,1",13,€20.25m,€614k,2014,18.800 Seats,Gamla Ullevi,38,"24,3",5,3,€2.80m,€1.15m,+€1.66m,Free transfer,?
343,AIK,/aik-stockholm/startseite/verein/272/saison_id/2014,"24,5",18,€13.50m,€409k,2014,54.329 Seats,Friends Arena,40,"27,9",5,9,€5.85m,0,+€5.85m,€2.30m,Free transfer
344,Helsingborg,/helsingborgs-if/startseite/verein/699/saison_id/2014,"23,1",8,€10.48m,€388k,2014,16.673 Seats,Olympia,29,"27,2",5,1,€2.00m,0,+€2.00m,€2.00m,Free transfer
345,Elfsborg,/if-elfsborg-boras/startseite/verein/1101/saison_id/2014,"24,6",6,€9.70m,€334k,2014,16.894 Seats,Borås Arena,31,"26,2",5,3,€1.30m,0,+€1.30m,€800 Th.,Free transfer
346,Häcken,/bk-hacken/startseite/verein/1109/saison_id/2014,"24,4",10,€8.98m,€309k,2014,8.000 Seats,Bravida Arena,33,"27,2",5,4,€450k,€100k,+€350k,,-
347,Norrköping,/ifk-norrkoping/startseite/verein/2844/saison_id/2014,"25,0",5,€7.60m,€292k,2014,15.734 Seats,Östgotaparken,28,"24,5",5,11,€910k,0,+€910k,Loan fee€800 Th.,Free transfer
348,Djurgarden,/djurgardens-if/startseite/verein/1044/saison_id/2014,"24,0",7,€6.65m,€302k,2014,32.000 Seats,Tele2 Arena,25,"26,0",5,4,€4.25m,€175k,+€4.08m,€1.00m,Free transfer
349,Gefle,/gefle-if/startseite/verein/4414/saison_id/2014,"23,2",5,€3.70m,€142k,2014,6.500 Seats,Gavlevallen,28,"22,1",5,0,0,0,0,Free transfer,Free transfer
350,Malmö FF,/malmo-ff/startseite/verein/496/saison_id/2015,"23,5",13,€23.08m,€744k,2015,24.000 Seats,Stadion,37,"27,5",5,5,€3.35m,€1.16m,+€2.19m,€1.70m,€325 Th.
351,IFK Göteborg,/ifk-goteborg/startseite/verein/801/saison_id/2015,"24,8",12,€18.97m,€632k,2015,18.800 Seats,Gamla Ullevi,37,"24,3",5,3,€1.85m,0,+€1.85m,€1.30m,?
352,Kalmar FF,/kalmar-ff/startseite/verein/3654/saison_id/2015,"23,3",6,€14.45m,€482k,2015,12.182 Seats,Guldfågeln Arena,34,"24,8",5,1,0,0,0,?,Free transfer
353,Helsingborg,/helsingborgs-if/startseite/verein/699/saison_id/2015,"25,3",10,€13.45m,€396k,2015,16.673 Seats,Olympia,42,"27,2",5,1,€500k,0,+€500k,Free transfer,Free transfer
354,Elfsborg,/if-elfsborg-boras/startseite/verein/1101/saison_id/2015,"24,7",9,€13.13m,€410k,2015,16.894 Seats,Borås Arena,36,"26,2",5,3,€2.45m,€400k,+€2.05m,€1.95m,€400 Th.
355,AIK,/aik-stockholm/startseite/verein/272/saison_id/2015,"23,9",15,€12.80m,€356k,2015,54.329 Seats,Friends Arena,39,"27,9",5,9,€2.26m,0,+€2.26m,?,Free transfer
356,Djurgarden,/djurgardens-if/startseite/verein/1044/saison_id/2015,"23,5",12,€10.93m,€364k,2015,32.000 Seats,Tele2 Arena,38,"26,0",5,4,€1.10m,0,+€1.10m,€1.10m,Loan
357,Norrköping,/ifk-norrkoping/startseite/verein/2844/saison_id/2015,"22,9",8,€10.18m,€328k,2015,15.734 Seats,Östgotaparken,37,"24,5",5,11,0,0,0,?,?
358,Häcken,/bk-hacken/startseite/verein/1109/saison_id/2015,"24,3",14,€9.38m,€302k,2015,8.000 Seats,Bravida Arena,34,"27,2",5,4,€1.87m,0,+€1.87m,€1.50m,Free transfer
359,Gefle,/gefle-if/startseite/verein/4414/saison_id/2015,"23,7",9,€5.98m,€187k,2015,6.500 Seats,Gavlevallen,35,"22,1",5,0,0,0,0,?,Loan
360,Celtic,/celtic-glasgow/startseite/verein/371/saison_id/2010,"23,5",31,€65.45m,€1.56m,2010,60.832 Seats,Celtic Park,42,"25,3",5,12,€20.59m,€12.18m,+€8.41m,€12.00m,Free transfer
361,Aberdeen FC,/aberdeen-fc/startseite/verein/370/saison_id/2010,"22,1",16,€18.70m,€479k,2010,22.199 Seats,Pittodrie Stadium,39,"26,2",5,4,0,0,0,Free transfer,Free transfer
362,Dundee United,/dundee-united-fc/startseite/verein/1519/saison_id/2010,"23,3",13,€15.08m,€503k,2010,14.223 Seats,Tannadice Park,30,"25,3",5,1,0,0,0,Free transfer,Free transfer
363,St. Johnstone,/st-johnstone-fc/startseite/verein/2578/saison_id/2010,"24,2",14,€11.48m,€319k,2010,10.696 Seats,McDiarmid Park,37,"26,1",5,3,€12k,0,+€12k,Free transfer,Free transfer
364,Motherwell FC,/motherwell-fc/startseite/verein/987/saison_id/2010,"22,4",15,€9.68m,€293k,2010,13.750 Seats,Fir Park,33,"25,3",5,4,€1.50m,0,+€1.50m,€1.35m,Free transfer
365,Kilmarnock FC,/kilmarnock-fc/startseite/verein/2553/saison_id/2010,"22,7",24,€9.08m,€245k,2010,18.128 Seats,Rugby Park,37,"27,0",5,5,€700k,€100k,+€600k,Free transfer,Loan
366,Inverness Cal.,/inverness-caledonian-thistle-fc/startseite/verein/2451/saison_id/2010,"24,2",12,€7.23m,€258k,2010,7.750 Seats,Tulloch Caledonian Stadium,28,"25,2",5,0,0,0,0,Free transfer,Free transfer
367,Celtic,/celtic-glasgow/startseite/verein/371/saison_id/2011,"22,9",32,€61.85m,€1.34m,2011,60.832 Seats,Celtic Park,47,"25,3",5,12,€1.75m,€3.97m,€-2.22m,Loan,Loan fee€325 Th.
368,Aberdeen FC,/aberdeen-fc/startseite/verein/370/saison_id/2011,"23,6",14,€15.98m,€456k,2011,22.199 Seats,Pittodrie Stadium,37,"26,2",5,4,€747k,€55k,+€692k,€300 Th.,Free transfer
369,St. Johnstone,/st-johnstone-fc/startseite/verein/2578/saison_id/2011,"25,3",11,€15.03m,€455k,2011,10.696 Seats,McDiarmid Park,43,"26,1",5,3,0,0,0,Free transfer,Loan
370,Dundee United,/dundee-united-fc/startseite/verein/1519/saison_id/2011,"23,2",12,€14.95m,€482k,2011,14.223 Seats,Tannadice Park,32,"25,3",5,1,€3.88m,0,+€3.88m,€3.40m,-
371,Kilmarnock FC,/kilmarnock-fc/startseite/verein/2553/saison_id/2011,"23,6",25,€10.03m,€278k,2011,18.128 Seats,Rugby Park,38,"27,0",5,5,€510k,0,+€510k,€510 Th.,Free transfer
372,Motherwell FC,/motherwell-fc/startseite/verein/987/saison_id/2011,"23,0",14,€8.90m,€330k,2011,13.750 Seats,Fir Park,28,"25,3",5,4,0,0,0,Free transfer,-
373,Inverness Cal.,/inverness-caledonian-thistle-fc/startseite/verein/2451/saison_id/2011,"22,5",20,€6.78m,€194k,2011,7.750 Seats,Tulloch Caledonian Stadium,35,"25,2",5,0,€60k,0,+€60k,Free transfer,Free transfer
374,Celtic,/celtic-glasgow/startseite/verein/371/saison_id/2012,"22,2",29,€58.78m,€1.37m,2012,60.832 Seats,Celtic Park,45,"25,3",5,12,€7.32m,€2.98m,+€4.34m,€7.00m,Loan
375,St. Johnstone,/st-johnstone-fc/startseite/verein/2578/saison_id/2012,"25,0",10,€10.93m,€364k,2012,10.696 Seats,McDiarmid Park,39,"26,1",5,3,0,0,0,Free transfer,Free transfer
376,Kilmarnock FC,/kilmarnock-fc/startseite/verein/2553/saison_id/2012,"22,8",22,€10.68m,€267k,2012,18.128 Seats,Rugby Park,41,"27,0",5,5,€560k,0,+€560k,Free transfer,Free transfer
377,Aberdeen FC,/aberdeen-fc/startseite/verein/370/saison_id/2012,"23,5",11,€9.85m,€308k,2012,22.199 Seats,Pittodrie Stadium,34,"26,2",5,4,€1.12m,0,+€1.12m,€635 Th.,Free transfer
378,Motherwell FC,/motherwell-fc/startseite/verein/987/saison_id/2012,"23,6",14,€8.95m,€358k,2012,13.750 Seats,Fir Park,29,"25,3",5,4,0,0,0,?,Free transfer
379,Dundee United,/dundee-united-fc/startseite/verein/1519/saison_id/2012,"23,4",12,€7.68m,€265k,2012,14.223 Seats,Tannadice Park,34,"25,3",5,1,0,0,0,Free transfer,-
380,Inverness Cal.,/inverness-caledonian-thistle-fc/startseite/verein/2451/saison_id/2012,"22,4",18,€4.38m,€156k,2012,7.750 Seats,Tulloch Caledonian Stadium,33,"25,2",5,0,0,0,0,Free transfer,Free transfer
381,Celtic,/celtic-glasgow/startseite/verein/371/saison_id/2013,"22,5",27,€65.88m,€1.61m,2013,60.832 Seats,Celtic Park,42,"25,3",5,12,€27.20m,€14.16m,+€13.04m,€14.50m,€2.50m
382,Aberdeen FC,/aberdeen-fc/startseite/verein/370/saison_id/2013,"24,3",13,€10.53m,€351k,2013,22.199 Seats,Pittodrie Stadium,31,"26,2",5,4,0,0,0,Free transfer,Loan
383,St. Johnstone,/st-johnstone-fc/startseite/verein/2578/saison_id/2013,"25,9",12,€10.20m,€309k,2013,10.696 Seats,McDiarmid Park,34,"26,1",5,3,0,0,0,Free transfer,-
384,Kilmarnock FC,/kilmarnock-fc/startseite/verein/2553/saison_id/2013,"24,1",20,€9.03m,€244k,2013,18.128 Seats,Rugby Park,38,"27,0",5,5,0,0,0,?,Loan
385,Dundee United,/dundee-united-fc/startseite/verein/1519/saison_id/2013,"21,8",12,€8.48m,€242k,2013,14.223 Seats,Tannadice Park,36,"25,3",5,1,€878k,0,+€878k,€878 Th.,Loan
386,Motherwell FC,/motherwell-fc/startseite/verein/987/saison_id/2013,"23,3",9,€8.20m,€293k,2013,13.750 Seats,Fir Park,30,"25,3",5,4,€360k,0,+€360k,Free transfer,Free transfer
387,Inverness Cal.,/inverness-caledonian-thistle-fc/startseite/verein/2451/saison_id/2013,"22,3",21,€4.80m,€166k,2013,7.750 Seats,Tulloch Caledonian Stadium,30,"25,2",5,0,0,0,0,Free transfer,Free transfer
388,Celtic,/celtic-glasgow/startseite/verein/371/saison_id/2014,"22,9",25,€65.58m,€1.53m,2014,60.832 Seats,Celtic Park,43,"25,3",5,12,€14.00m,€2.67m,+€11.33m,€12.50m,Loan
389,Aberdeen FC,/aberdeen-fc/startseite/verein/370/saison_id/2014,"22,7",12,€11.08m,€308k,2014,22.199 Seats,Pittodrie Stadium,36,"26,2",5,4,0,€400k,€-400k,Loan,-
390,St. Johnstone,/st-johnstone-fc/startseite/verein/2578/saison_id/2014,"25,2",6,€9.40m,€285k,2014,10.696 Seats,McDiarmid Park,33,"26,1",5,3,€1.00m,0,+€1.00m,€1.00m,-
391,Dundee United,/dundee-united-fc/startseite/verein/1519/saison_id/2014,"22,4",16,€8.78m,€225k,2014,14.223 Seats,Tannadice Park,39,"25,3",5,1,€6.35m,€534k,+€5.82m,€3.60m,Free transfer
392,Motherwell FC,/motherwell-fc/startseite/verein/987/saison_id/2014,"22,9",17,€8.65m,€222k,2014,13.750 Seats,Fir Park,39,"25,3",5,4,€350k,0,+€350k,Free transfer,Free transfer
393,Inverness Cal.,/inverness-caledonian-thistle-fc/startseite/verein/2451/saison_id/2014,"23,6",19,€6.20m,€221k,2014,7.750 Seats,Tulloch Caledonian Stadium,28,"25,2",5,0,€200k,0,+€200k,Free transfer,-
394,Kilmarnock FC,/kilmarnock-fc/startseite/verein/2553/saison_id/2014,"22,0",11,€5.75m,€192k,2014,18.128 Seats,Rugby Park,30,"27,0",5,5,€200k,0,+€200k,Free transfer,?
395,Celtic,/celtic-glasgow/startseite/verein/371/saison_id/2015,"23,0",24,€55.90m,€1.33m,2015,60.832 Seats,Celtic Park,42,"25,3",5,12,€19.18m,€15.10m,+€4.07m,€15.70m,€7.50m
396,Dundee United,/dundee-united-fc/startseite/verein/1519/saison_id/2015,"22,8",23,€12.60m,€286k,2015,14.223 Seats,Tannadice Park,44,"25,3",5,1,€2.68m,0,+€2.68m,€2.09m,-
397,Aberdeen FC,/aberdeen-fc/startseite/verein/370/saison_id/2015,"23,8",15,€10.73m,€315k,2015,22.199 Seats,Pittodrie Stadium,34,"26,2",5,4,0,0,0,Free transfer,Free transfer
398,St. Johnstone,/st-johnstone-fc/startseite/verein/2578/saison_id/2015,"25,3",9,€9.73m,€286k,2015,10.696 Seats,McDiarmid Park,34,"26,1",5,3,0,0,0,Free transfer,Loan
399,Kilmarnock FC,/kilmarnock-fc/startseite/verein/2553/saison_id/2015,"22,4",13,€7.73m,€184k,2015,18.128 Seats,Rugby Park,42,"27,0",5,5,0,0,0,Free transfer,?
400,Motherwell FC,/motherwell-fc/startseite/verein/987/saison_id/2015,"23,7",15,€6.93m,€210k,2015,13.750 Seats,Fir Park,33,"25,3",5,4,0,0,0,Free transfer,Loan
401,Inverness Cal.,/inverness-caledonian-thistle-fc/startseite/verein/2451/saison_id/2015,"24,4",24,€5.43m,€170k,2015,7.750 Seats,Tulloch Caledonian Stadium,32,"25,2",5,0,0,0,0,Free transfer,Free transfer
402,Anorthosis,/anorthosis-famagusta/startseite/verein/3899/saison_id/2010,"25,8",27,€19.45m,€442k,2010,10.230 Seats,Antonis Papadopoulos,44,"27,7",5,8,€50k,€480k,€-430k,Loan,Loan
403,Omonia Nikosia,/omonia-nikosia/startseite/verein/829/saison_id/2010,"26,2",16,€18.50m,€638k,2010,22.859 Seats,GSP Stadium,29,"26,5",5,7,0,0,0,Free transfer,Free transfer
404,AEL Limassol,/ael-limassol/startseite/verein/786/saison_id/2010,"25,7",24,€15.08m,€377k,2010,13.331 Seats,Tsirion Stadion,42,"27,4",5,7,€50k,0,+€50k,Free transfer,?
405,APOEL Nicosia,/apoel-nikosia/startseite/verein/2784/saison_id/2010,"27,6",15,€14.28m,€510k,2010,22.859 Seats,GSP Stadium,28,"27,5",5,8,0,€873k,€-873k,Free transfer,Free transfer
406,AEK Larnaca,/aek-larnaka/startseite/verein/2156/saison_id/2010,"27,2",19,€13.18m,€454k,2010,8.000 Seats,AEK Arena - Georgios Karapatakis,30,"26,3",5,3,0,0,0,-,Loan
407,Apol. Limassol,/apollon-limassol/startseite/verein/429/saison_id/2010,"25,5",18,€9.43m,€314k,2010,13.331 Seats,Tsirion Stadion,31,"27,6",5,9,€870k,€250k,+€620k,€800 Th.,Free transfer
408,Ethnikos,/ethnikos-achnas/startseite/verein/4590/saison_id/2010,"27,3",21,€6.15m,€192k,2010,7.000 Seats,Stadio Ethnikos Achnas (Dasaki),33,"26,9",5,1,0,0,0,Free transfer,Free transfer
409,APOEL Nicosia,/apoel-nikosia/startseite/verein/2784/saison_id/2011,"29,0",18,€18.95m,€677k,2011,22.859 Seats,GSP Stadium,31,"27,5",5,8,€300k,€340k,€-40k,€300 Th.,Free transfer
410,Anorthosis,/anorthosis-famagusta/startseite/verein/3899/saison_id/2011,"26,9",22,€18.85m,€539k,2011,10.230 Seats,Antonis Papadopoulos,37,"27,7",5,8,0,€450k,€-450k,Free transfer,Loan
411,Omonia Nikosia,/omonia-nikosia/startseite/verein/829/saison_id/2011,"26,7",20,€17.40m,€580k,2011,22.859 Seats,GSP Stadium,30,"26,5",5,7,0,€380k,€-380k,Free transfer,€230 Th.
412,AEK Larnaca,/aek-larnaka/startseite/verein/2156/saison_id/2011,"26,1",20,€14.90m,€514k,2011,8.000 Seats,AEK Arena - Georgios Karapatakis,33,"26,3",5,3,€320k,0,+€320k,-,Free transfer
413,AEL Limassol,/ael-limassol/startseite/verein/786/saison_id/2011,"25,9",20,€11.35m,€405k,2011,13.331 Seats,Tsirion Stadion,30,"27,4",5,7,0,€170k,€-170k,Free transfer,Free transfer
414,Apol. Limassol,/apollon-limassol/startseite/verein/429/saison_id/2011,"27,1",21,€9.20m,€329k,2011,13.331 Seats,Tsirion Stadion,36,"27,6",5,9,0,0,0,?,Free transfer
415,Ethnikos,/ethnikos-achnas/startseite/verein/4590/saison_id/2011,"27,5",23,€8.40m,€255k,2011,7.000 Seats,Stadio Ethnikos Achnas (Dasaki),35,"26,9",5,1,0,0,0,?,Free transfer
416,APOEL Nicosia,/apoel-nikosia/startseite/verein/2784/saison_id/2012,"28,9",19,€23.40m,€807k,2012,22.859 Seats,GSP Stadium,30,"27,5",5,8,€3.20m,€235k,+€2.97m,€2.20m,Free transfer
417,Anorthosis,/anorthosis-famagusta/startseite/verein/3899/saison_id/2012,"26,8",21,€16.45m,€514k,2012,10.230 Seats,Antonis Papadopoulos,32,"27,7",5,8,€300k,€625k,€-325k,Free transfer,?
418,Omonia Nikosia,/omonia-nikosia/startseite/verein/829/saison_id/2012,"25,6",19,€15.95m,€532k,2012,22.859 Seats,GSP Stadium,31,"26,5",5,7,€275k,0,+€275k,Free transfer,?
419,AEK Larnaca,/aek-larnaka/startseite/verein/2156/saison_id/2012,"26,8",21,€13.98m,€466k,2012,8.000 Seats,AEK Arena - Georgios Karapatakis,31,"26,3",5,3,€225k,€15k,+€210k,€225 Th.,Free transfer
420,AEL Limassol,/ael-limassol/startseite/verein/786/saison_id/2012,"26,2",21,€12.20m,€407k,2012,13.331 Seats,Tsirion Stadion,30,"27,4",5,7,0,0,0,Free transfer,Free transfer
421,Apol. Limassol,/apollon-limassol/startseite/verein/429/saison_id/2012,"25,1",18,€12.08m,€345k,2012,13.331 Seats,Tsirion Stadion,38,"27,6",5,9,0,0,0,?,Free transfer
422,Ethnikos,/ethnikos-achnas/startseite/verein/4590/saison_id/2012,"27,0",22,€7.30m,€228k,2012,7.000 Seats,Stadio Ethnikos Achnas (Dasaki),32,"26,9",5,1,0,0,0,?,-
423,APOEL Nicosia,/apoel-nikosia/startseite/verein/2784/saison_id/2013,"26,8",21,€20.75m,€576k,2013,22.859 Seats,GSP Stadium,36,"27,5",5,8,0,€415k,€-415k,Free transfer,Free transfer
424,AEL Limassol,/ael-limassol/startseite/verein/786/saison_id/2013,"25,7",25,€13.40m,€432k,2013,13.331 Seats,Tsirion Stadion,32,"27,4",5,7,€1.20m,0,+€1.20m,?,?
425,Anorthosis,/anorthosis-famagusta/startseite/verein/3899/saison_id/2013,"25,7",19,€13.15m,€376k,2013,10.230 Seats,Antonis Papadopoulos,36,"27,7",5,8,€1.70m,€20k,+€1.68m,€1.70m,Loan
426,Apol. Limassol,/apollon-limassol/startseite/verein/429/saison_id/2013,"25,7",20,€11.00m,€355k,2013,13.331 Seats,Tsirion Stadion,31,"27,6",5,9,0,€500k,€-500k,Loan,Free transfer
427,AEK Larnaca,/aek-larnaka/startseite/verein/2156/saison_id/2013,"24,1",21,€10.50m,€269k,2013,8.000 Seats,AEK Arena - Georgios Karapatakis,40,"26,3",5,3,0,0,0,-,Free transfer
428,Omonia Nikosia,/omonia-nikosia/startseite/verein/829/saison_id/2013,"23,7",21,€10.38m,€259k,2013,22.859 Seats,GSP Stadium,41,"26,5",5,7,€200k,0,+€200k,Free transfer,Free transfer
429,Ethnikos,/ethnikos-achnas/startseite/verein/4590/saison_id/2013,"26,0",19,€5.80m,€176k,2013,7.000 Seats,Stadio Ethnikos Achnas (Dasaki),36,"26,9",5,1,0,0,0,Free transfer,Free transfer
430,APOEL Nicosia,/apoel-nikosia/startseite/verein/2784/saison_id/2014,"26,1",17,€19.85m,€567k,2014,22.859 Seats,GSP Stadium,36,"27,5",5,8,0,€575k,€-575k,Free transfer,Free transfer
431,Apol. Limassol,/apollon-limassol/startseite/verein/429/saison_id/2014,"26,0",23,€14.75m,€434k,2014,13.331 Seats,Tsirion Stadion,35,"27,6",5,9,€1.90m,€2.90m,€-1.00m,€1.90m,€2.50m
432,Omonia Nikosia,/omonia-nikosia/startseite/verein/829/saison_id/2014,"25,0",21,€13.20m,€347k,2014,22.859 Seats,GSP Stadium,39,"26,5",5,7,0,0,0,Free transfer,Free transfer
433,Anorthosis,/anorthosis-famagusta/startseite/verein/3899/saison_id/2014,"23,6",16,€12.00m,€400k,2014,10.230 Seats,Antonis Papadopoulos,30,"27,7",5,8,0,0,0,Free transfer,Loan
434,AEL Limassol,/ael-limassol/startseite/verein/786/saison_id/2014,"25,5",24,€10.80m,€348k,2014,13.331 Seats,Tsirion Stadion,39,"27,4",5,7,0,0,0,?,Free transfer
435,AEK Larnaca,/aek-larnaka/startseite/verein/2156/saison_id/2014,"24,8",17,€7.38m,€205k,2014,8.000 Seats,AEK Arena - Georgios Karapatakis,36,"26,3",5,3,0,0,0,Free transfer,Free transfer
436,Ethnikos,/ethnikos-achnas/startseite/verein/4590/saison_id/2014,"25,0",20,€3.15m,€98k,2014,7.000 Seats,Stadio Ethnikos Achnas (Dasaki),36,"26,9",5,1,0,0,0,Free transfer,Loan
437,APOEL Nicosia,/apoel-nikosia/startseite/verein/2784/saison_id/2015,"25,7",18,€19.63m,€503k,2015,22.859 Seats,GSP Stadium,39,"27,5",5,8,0,0,0,Loan,Free transfer
438,Omonia Nikosia,/omonia-nikosia/startseite/verein/829/saison_id/2015,"25,8",24,€16.35m,€430k,2015,22.859 Seats,GSP Stadium,38,"26,5",5,7,0,0,0,Free transfer,Free transfer
439,Apol. Limassol,/apollon-limassol/startseite/verein/429/saison_id/2015,"24,7",20,€16.28m,€452k,2015,13.331 Seats,Tsirion Stadion,36,"27,6",5,9,€6.60m,€2.00m,+€4.60m,€6.60m,Free transfer
440,Anorthosis,/anorthosis-famagusta/startseite/verein/3899/saison_id/2015,"24,1",19,€13.33m,€444k,2015,10.230 Seats,Antonis Papadopoulos,30,"27,7",5,8,€500k,€400k,+€100k,€350 Th.,Loan fee€200 Th.
441,AEK Larnaca,/aek-larnaka/startseite/verein/2156/saison_id/2015,"25,5",19,€10.23m,€310k,2015,8.000 Seats,AEK Arena - Georgios Karapatakis,33,"26,3",5,3,0,0,0,?,Free transfer
442,AEL Limassol,/ael-limassol/startseite/verein/786/saison_id/2015,"24,5",21,€8.03m,€229k,2015,13.331 Seats,Tsirion Stadion,35,"27,4",5,7,€75k,0,+€75k,?,Free transfer
443,Ethnikos,/ethnikos-achnas/startseite/verein/4590/saison_id/2015,"25,9",20,€3.98m,€137k,2015,7.000 Seats,Stadio Ethnikos Achnas (Dasaki),29,"26,9",5,1,0,0,0,Free transfer,Free transfer
444,BATE Borisov,/bate-borisov/startseite/verein/713/saison_id/2010,"22,4",9,€13.98m,€358k,2010,13.126 Seats,Borisov-Arena,40,"27,0",5,15,€590k,€585k,+€5k,€100 Th.,€100 Th.
445,Dinamo Minsk,/dinamo-minsk/startseite/verein/1180/saison_id/2010,"21,9",11,€11.30m,€231k,2010,22.246 Seats,Dinamo,49,"28,1",5,3,€1.12m,€215k,+€900k,€300 Th.,Free transfer
446,Belshina,/belshina-bobruisk/startseite/verein/3886/saison_id/2010,"25,4",12,€7.20m,€180k,2010,3.709 Seats,Spartak,40,"26,5",5,0,€20k,€25k,€-5k,Free transfer,Free transfer
447,FK Minsk,/fk-minsk/startseite/verein/23664/saison_id/2010,"24,9",5,€6.33m,€181k,2010,3.000 Seats,Stadion FK Minsk,35,"25,8",5,2,0,0,0,Free transfer,Free transfer
448,Naftan,/naftan-novopolotsk/startseite/verein/8563/saison_id/2010,"24,7",5,€5.33m,€157k,2010,4.522 Seats,Atlant,34,"25,3",5,0,€190k,€100k,+€90k,€90 Th.,€25 Th.
449,Neman Grodno,/neman-grodno/startseite/verein/14178/saison_id/2010,"24,7",8,€5.15m,€147k,2010,8.479 Seats,"Tsentralny Sportivny Komplex ""Neman""",35,"27,2",5,1,0,€50k,€-50k,Free transfer,€50 Th.
450,Soligorsk,/shakhtjor-soligorsk/startseite/verein/10695/saison_id/2010,"25,4",4,€5.10m,€176k,2010,4.200 Seats,Stroitel,29,"29,2",5,6,€50k,€100k,€-50k,€50 Th.,Free transfer
451,Torpedo Zhodino,/torpedo-zhodino/startseite/verein/7964/saison_id/2010,"24,6",9,€5.03m,€136k,2010,6.524 Seats,Torpedo,37,"27,3",5,2,0,0,0,?,Free transfer
452,BATE Borisov,/bate-borisov/startseite/verein/713/saison_id/2011,"23,4",6,€21.98m,€523k,2011,13.126 Seats,Borisov-Arena,44,"27,0",5,15,€4.30m,€1.07m,+€3.24m,€2.80m,€500 Th.
453,FK Minsk,/fk-minsk/startseite/verein/23664/saison_id/2011,"24,7",12,€12.33m,€257k,2011,3.000 Seats,Stadion FK Minsk,51,"25,8",5,2,0,0,0,Free transfer,Free transfer
454,Dinamo Minsk,/dinamo-minsk/startseite/verein/1180/saison_id/2011,"22,5",12,€11.95m,€266k,2011,22.246 Seats,Dinamo,45,"28,1",5,3,€300k,€715k,€-415k,Free transfer,€35 Th.
455,Soligorsk,/shakhtjor-soligorsk/startseite/verein/10695/saison_id/2011,"26,3",8,€9.70m,€323k,2011,4.200 Seats,Stroitel,32,"29,2",5,6,€450k,€80k,+€370k,€450 Th.,Free transfer
456,Belshina,/belshina-bobruisk/startseite/verein/3886/saison_id/2011,"25,7",13,€8.33m,€238k,2011,3.709 Seats,Spartak,42,"26,5",5,0,€120k,0,+€120k,€120 Th.,Loan
457,Neman Grodno,/neman-grodno/startseite/verein/14178/saison_id/2011,"25,4",7,€7.83m,€237k,2011,8.479 Seats,"Tsentralny Sportivny Komplex ""Neman""",35,"27,2",5,1,0,0,0,Free transfer,Loan
458,Naftan,/naftan-novopolotsk/startseite/verein/8563/saison_id/2011,"24,7",5,€6.40m,€221k,2011,4.522 Seats,Atlant,32,"25,3",5,0,€75k,0,+€75k,€75 Th.,Loan
459,Torpedo Zhodino,/torpedo-zhodino/startseite/verein/7964/saison_id/2011,"23,9",1,€5.88m,€190k,2011,6.524 Seats,Torpedo,40,"27,3",5,2,0,€10k,€-10k,Free transfer,Loan
460,BATE Borisov,/bate-borisov/startseite/verein/713/saison_id/2012,"24,6",3,€23.65m,€657k,2012,13.126 Seats,Borisov-Arena,41,"27,0",5,15,€4.67m,€375k,+€4.30m,€3.50m,Free transfer
461,Dinamo Minsk,/dinamo-minsk/startseite/verein/1180/saison_id/2012,"23,5",15,€18.63m,€405k,2012,22.246 Seats,Dinamo,49,"28,1",5,3,€1.20m,€435k,+€765k,€1.20m,Loan
462,Belshina,/belshina-bobruisk/startseite/verein/3886/saison_id/2012,"26,0",21,€10.35m,€220k,2012,3.709 Seats,Spartak,53,"26,5",5,0,0,€36k,€-36k,Free transfer,Free transfer
463,Torpedo Zhodino,/torpedo-zhodino/startseite/verein/7964/saison_id/2012,"25,9",10,€9.50m,€216k,2012,6.524 Seats,Torpedo,48,"27,3",5,2,€65k,0,+€65k,€65 Th.,Free transfer
464,Naftan,/naftan-novopolotsk/startseite/verein/8563/saison_id/2012,"25,9",15,€8.20m,€191k,2012,4.522 Seats,Atlant,49,"25,3",5,0,0,0,0,Free transfer,Free transfer
465,Soligorsk,/shakhtjor-soligorsk/startseite/verein/10695/saison_id/2012,"27,6",7,€8.10m,€312k,2012,4.200 Seats,Stroitel,33,"29,2",5,6,0,0,0,Free transfer,Free transfer
466,FK Minsk,/fk-minsk/startseite/verein/23664/saison_id/2012,"24,0",6,€7.90m,€226k,2012,3.000 Seats,Stadion FK Minsk,41,"25,8",5,2,0,0,0,Free transfer,Free transfer
467,Neman Grodno,/neman-grodno/startseite/verein/14178/saison_id/2012,"24,9",11,€6.93m,€223k,2012,8.479 Seats,"Tsentralny Sportivny Komplex ""Neman""",36,"27,2",5,1,0,0,0,Free transfer,Free transfer
468,BATE Borisov,/bate-borisov/startseite/verein/713/saison_id/2013,"25,2",4,€23.70m,€741k,2013,13.126 Seats,Borisov-Arena,38,"27,0",5,15,€1.02m,€191k,+€829k,Free transfer,Free transfer
469,Dinamo Minsk,/dinamo-minsk/startseite/verein/1180/saison_id/2013,"24,6",12,€13.25m,€390k,2013,22.246 Seats,Dinamo,38,"28,1",5,3,€7k,€350k,€-343k,Free transfer,Free transfer
470,Soligorsk,/shakhtjor-soligorsk/startseite/verein/10695/saison_id/2013,"27,2",9,€9.05m,€292k,2013,4.200 Seats,Stroitel,37,"29,2",5,6,0,0,0,Free transfer,Free transfer
471,Neman Grodno,/neman-grodno/startseite/verein/14178/saison_id/2013,"25,6",7,€7.80m,€269k,2013,8.479 Seats,"Tsentralny Sportivny Komplex ""Neman""",37,"27,2",5,1,0,0,0,Free transfer,Free transfer
472,Belshina,/belshina-bobruisk/startseite/verein/3886/saison_id/2013,"25,2",11,€7.25m,€227k,2013,3.709 Seats,Spartak,45,"26,5",5,0,€36k,0,+€36k,€36 Th.,Free transfer
473,FK Minsk,/fk-minsk/startseite/verein/23664/saison_id/2013,"23,7",7,€6.85m,€201k,2013,3.000 Seats,Stadion FK Minsk,43,"25,8",5,2,0,0,0,Free transfer,Free transfer
474,Torpedo Zhodino,/torpedo-zhodino/startseite/verein/7964/saison_id/2013,"27,2",9,€5.95m,€198k,2013,6.524 Seats,Torpedo,34,"27,3",5,2,0,0,0,Free transfer,Free transfer
475,Naftan,/naftan-novopolotsk/startseite/verein/8563/saison_id/2013,"26,0",6,€2.93m,€146k,2013,4.522 Seats,Atlant,35,"25,3",5,0,€20k,0,+€20k,€20 Th.,-
476,BATE Borisov,/bate-borisov/startseite/verein/713/saison_id/2014,"24,7",7,€22.63m,€665k,2014,13.126 Seats,Borisov-Arena,39,"27,0",5,15,€1.00m,€35k,+€965k,€1.00m,Free transfer
477,Dinamo Minsk,/dinamo-minsk/startseite/verein/1180/saison_id/2014,"24,5",14,€16.50m,€485k,2014,22.246 Seats,Dinamo,41,"28,1",5,3,0,€200k,€-200k,Free transfer,Free transfer
478,Soligorsk,/shakhtjor-soligorsk/startseite/verein/10695/saison_id/2014,"27,3",12,€10.60m,€312k,2014,4.200 Seats,Stroitel,36,"29,2",5,6,€250k,0,+€250k,Free transfer,Loan
479,Neman Grodno,/neman-grodno/startseite/verein/14178/saison_id/2014,"24,9",7,€6.88m,€181k,2014,8.479 Seats,"Tsentralny Sportivny Komplex ""Neman""",41,"27,2",5,1,€66k,0,+€66k,Loan,Free transfer
480,Torpedo Zhodino,/torpedo-zhodino/startseite/verein/7964/saison_id/2014,"27,6",5,€5.55m,€231k,2014,6.524 Seats,Torpedo,30,"27,3",5,2,0,0,0,Free transfer,Free transfer
481,FK Minsk,/fk-minsk/startseite/verein/23664/saison_id/2014,"22,0",3,€4.80m,€155k,2014,3.000 Seats,Stadion FK Minsk,35,"25,8",5,2,0,0,0,Free transfer,Free transfer
482,Belshina,/belshina-bobruisk/startseite/verein/3886/saison_id/2014,"24,7",10,€4.75m,€140k,2014,3.709 Seats,Spartak,36,"26,5",5,0,0,0,0,Free transfer,-
483,Naftan,/naftan-novopolotsk/startseite/verein/8563/saison_id/2014,"25,9",8,€4.03m,€144k,2014,4.522 Seats,Atlant,33,"25,3",5,0,0,0,0,Free transfer,Free transfer
484,BATE Borisov,/bate-borisov/startseite/verein/713/saison_id/2015,"23,2",7,€20.03m,€435k,2015,13.126 Seats,Borisov-Arena,50,"27,0",5,15,€1.95m,€1.25m,+€700k,€1.50m,€1.00m
485,Dinamo Minsk,/dinamo-minsk/startseite/verein/1180/saison_id/2015,"25,0",12,€14.45m,€352k,2015,22.246 Seats,Dinamo,49,"28,1",5,3,€1.25m,€109k,+€1.14m,€450 Th.,Free transfer
486,Soligorsk,/shakhtjor-soligorsk/startseite/verein/10695/saison_id/2015,"27,1",7,€9.10m,€276k,2015,4.200 Seats,Stroitel,37,"29,2",5,6,0,€19k,€-19k,Free transfer,-
487,Torpedo Zhodino,/torpedo-zhodino/startseite/verein/7964/saison_id/2015,"26,6",10,€8.88m,€222k,2015,6.524 Seats,Torpedo,48,"27,3",5,2,0,0,0,Free transfer,Free transfer
488,Belshina,/belshina-bobruisk/startseite/verein/3886/saison_id/2015,"25,7",13,€7.45m,€186k,2015,3.709 Seats,Spartak,52,"26,5",5,0,0,€215k,€-215k,Free transfer,-
489,FK Minsk,/fk-minsk/startseite/verein/23664/saison_id/2015,"21,7",7,€5.40m,€154k,2015,3.000 Seats,Stadion FK Minsk,40,"25,8",5,2,€50k,0,+€50k,?,Loan
490,Naftan,/naftan-novopolotsk/startseite/verein/8563/saison_id/2015,"25,1",6,€4.25m,€129k,2015,4.522 Seats,Atlant,38,"25,3",5,0,€19k,0,+€19k,?,Loan
491,Neman Grodno,/neman-grodno/startseite/verein/14178/saison_id/2015,"25,4",3,€3.98m,€133k,2015,8.479 Seats,"Tsentralny Sportivny Komplex ""Neman""",39,"27,2",5,1,0,0,0,Free transfer,Loan
492,Slo. Bratislava,/slovan-bratislava/startseite/verein/540/saison_id/2010,"23,9",8,€11.73m,€345k,2010,22.500 Seats,Tehelné pole,34,"25,5",5,4,€1.75m,0,+€1.75m,€1.50m,?
493,MSK Zilina,/msk-zilina/startseite/verein/1443/saison_id/2010,"23,9",12,€6.23m,€173k,2010,11.800 Seats,Pod Dubnom,36,"23,0",5,2,€1.33m,€1.10m,+€225k,€400 Th.,€900 Th.
494,FK Senica,/fk-senica/startseite/verein/6163/saison_id/2010,"24,6",13,€5.00m,€161k,2010,4.165 Seats,OMS Arena,31,"23,1",5,0,0,0,0,Loan,Free transfer
495,Spartak Trnava,/spartak-trnava/startseite/verein/365/saison_id/2010,"23,1",10,€4.68m,€138k,2010,19.200 Seats,City Aréna - Štadión Antona Malatinského,34,"25,1",5,0,0,0,0,Free transfer,?
496,Ruzomberok,/mfk-ruzomberok/startseite/verein/7087/saison_id/2010,"23,6",7,€2.38m,€79k,2010,5.000 Seats,Štadión pod Čebraťom,30,"23,4",5,2,€200k,0,+€200k,?,Free transfer
497,Zlate Moravce,/fc-zlate-moravce/startseite/verein/12005/saison_id/2010,"25,5",2,€825k,€31k,2010,5.000 Seats,Stadion ViOn,27,"24,9",5,0,0,0,0,Free transfer,Free transfer
498,Slo. Bratislava,/slovan-bratislava/startseite/verein/540/saison_id/2011,"24,6",10,€14.30m,€333k,2011,22.500 Seats,Tehelné pole,43,"25,5",5,4,€930k,€400k,+€530k,Loan fee€630 Th.,€400 Th.
499,Spartak Trnava,/spartak-trnava/startseite/verein/365/saison_id/2011,"25,1",11,€8.70m,€218k,2011,19.200 Seats,City Aréna - Štadión Antona Malatinského,40,"25,1",5,0,€250k,0,+€250k,€250 Th.,?
500,MSK Zilina,/msk-zilina/startseite/verein/1443/saison_id/2011,"24,1",10,€8.23m,€242k,2011,11.800 Seats,Pod Dubnom,35,"23,0",5,2,€220k,€120k,+€100k,Loan,€60 Th.
501,FK Senica,/fk-senica/startseite/verein/6163/saison_id/2011,"24,3",19,€7.33m,€215k,2011,4.165 Seats,OMS Arena,34,"23,1",5,0,0,0,0,?,Free transfer
502,Ruzomberok,/mfk-ruzomberok/startseite/verein/7087/saison_id/2011,"23,6",10,€7.10m,€178k,2011,5.000 Seats,Štadión pod Čebraťom,40,"23,4",5,2,€500k,0,+€500k,?,?
503,Zlate Moravce,/fc-zlate-moravce/startseite/verein/12005/saison_id/2011,"25,4",2,€4.05m,€135k,2011,5.000 Seats,Stadion ViOn,31,"24,9",5,0,0,0,0,Loan,?
504,Slo. Bratislava,/slovan-bratislava/startseite/verein/540/saison_id/2012,"23,6",8,€9.35m,€292k,2012,22.500 Seats,Tehelné pole,32,"25,5",5,4,€630k,€150k,+€480k,€630 Th.,?
505,FK Senica,/fk-senica/startseite/verein/6163/saison_id/2012,"25,1",16,€8.48m,€257k,2012,4.165 Seats,OMS Arena,36,"23,1",5,0,0,0,0,?,?
506,Spartak Trnava,/spartak-trnava/startseite/verein/365/saison_id/2012,"26,1",9,€7.68m,€213k,2012,19.200 Seats,City Aréna - Štadión Antona Malatinského,37,"25,1",5,0,€120k,€60k,+€60k,€120 Th.,Free transfer
507,MSK Zilina,/msk-zilina/startseite/verein/1443/saison_id/2012,"22,8",8,€7.05m,€220k,2012,11.800 Seats,Pod Dubnom,32,"23,0",5,2,€300k,0,+€300k,€300 Th.,?
508,Zlate Moravce,/fc-zlate-moravce/startseite/verein/12005/saison_id/2012,"24,7",1,€3.98m,€142k,2012,5.000 Seats,Stadion ViOn,28,"24,9",5,0,0,0,0,?,Loan
509,Ruzomberok,/mfk-ruzomberok/startseite/verein/7087/saison_id/2012,"21,8",4,€2.25m,€83k,2012,5.000 Seats,Štadión pod Čebraťom,27,"23,4",5,2,0,0,0,Free transfer,?
510,Slo. Bratislava,/slovan-bratislava/startseite/verein/540/saison_id/2013,"22,7",9,€8.93m,€241k,2013,22.500 Seats,Tehelné pole,37,"25,5",5,4,€480k,0,+€480k,Loan,-
511,FK Senica,/fk-senica/startseite/verein/6163/saison_id/2013,"21,5",16,€7.13m,€162k,2013,4.165 Seats,OMS Arena,44,"23,1",5,0,0,0,0,?,Loan
512,MSK Zilina,/msk-zilina/startseite/verein/1443/saison_id/2013,"22,2",7,€6.10m,€169k,2013,11.800 Seats,Pod Dubnom,37,"23,0",5,2,€26k,0,+€26k,?,?
513,Spartak Trnava,/spartak-trnava/startseite/verein/365/saison_id/2013,"24,8",7,€6.03m,€163k,2013,19.200 Seats,City Aréna - Štadión Antona Malatinského,37,"25,1",5,0,0,0,0,?,Loan
514,Ruzomberok,/mfk-ruzomberok/startseite/verein/7087/saison_id/2013,"22,2",5,€4.98m,€138k,2013,5.000 Seats,Štadión pod Čebraťom,36,"23,4",5,2,0,0,0,Free transfer,Free transfer
515,Zlate Moravce,/fc-zlate-moravce/startseite/verein/12005/saison_id/2013,"25,4",4,€3.68m,€123k,2013,5.000 Seats,Stadion ViOn,30,"24,9",5,0,0,€50k,€-50k,Free transfer,Loan
516,Slo. Bratislava,/slovan-bratislava/startseite/verein/540/saison_id/2014,"23,8",9,€12.60m,€323k,2014,22.500 Seats,Tehelné pole,39,"25,5",5,4,0,€550k,€-550k,Loan,Free transfer
517,Spartak Trnava,/spartak-trnava/startseite/verein/365/saison_id/2014,"23,3",11,€8.23m,€201k,2014,19.200 Seats,City Aréna - Štadión Antona Malatinského,41,"25,1",5,0,€150k,€5k,+€145k,Free transfer,Loan
518,Ruzomberok,/mfk-ruzomberok/startseite/verein/7087/saison_id/2014,"23,2",4,€7.75m,€189k,2014,5.000 Seats,Štadión pod Čebraťom,41,"23,4",5,2,€160k,0,+€160k,?,Free transfer
519,FK Senica,/fk-senica/startseite/verein/6163/saison_id/2014,"21,6",6,€5.00m,€156k,2014,4.165 Seats,OMS Arena,32,"23,1",5,0,€360k,0,+€360k,Free transfer,-
520,MSK Zilina,/msk-zilina/startseite/verein/1443/saison_id/2014,"21,3",4,€4.43m,€148k,2014,11.800 Seats,Pod Dubnom,30,"23,0",5,2,0,0,0,Loan,Free transfer
521,Zlate Moravce,/fc-zlate-moravce/startseite/verein/12005/saison_id/2014,"24,5",11,€4.40m,€122k,2014,5.000 Seats,Stadion ViOn,36,"24,9",5,0,0,€75k,€-75k,?,Loan
522,Slo. Bratislava,/slovan-bratislava/startseite/verein/540/saison_id/2015,"23,3",16,€12.50m,€278k,2015,22.500 Seats,Tehelné pole,45,"25,5",5,4,0,€100k,€-100k,Free transfer,Free transfer
523,Spartak Trnava,/spartak-trnava/startseite/verein/365/saison_id/2015,"23,5",11,€8.48m,€207k,2015,19.200 Seats,City Aréna - Štadión Antona Malatinského,41,"25,1",5,0,€850k,0,+€850k,€700 Th.,?
524,MSK Zilina,/msk-zilina/startseite/verein/1443/saison_id/2015,"21,9",10,€8.00m,€222k,2015,11.800 Seats,Pod Dubnom,36,"23,0",5,2,€7.80m,€350k,+€7.45m,€6.00m,Free transfer
525,Ruzomberok,/mfk-ruzomberok/startseite/verein/7087/saison_id/2015,"25,6",5,€5.78m,€193k,2015,5.000 Seats,Štadión pod Čebraťom,30,"23,4",5,2,0,0,0,Free transfer,?
526,Zlate Moravce,/fc-zlate-moravce/startseite/verein/12005/saison_id/2015,"24,0",23,€5.48m,€148k,2015,5.000 Seats,Stadion ViOn,37,"24,9",5,0,0,0,0,?,Free transfer
527,FK Senica,/fk-senica/startseite/verein/6163/saison_id/2015,"21,3",6,€4.13m,€109k,2015,4.165 Seats,OMS Arena,38,"23,1",5,0,0,0,0,Free transfer,Free transfer
