,Team,Link,Age,AbroadPlayers,Value,Difference,Year,Country,stadium_capacity,stadium_name,squad_size,top_arrival,top_departure,income_value,expenditure_values,overall_balance
0,Dinamo Zagreb,/gnk-dinamo-zagreb/startseite/verein/419/saison_id/2010,"23,9",13,€48.95m,€1.32m,2010,Croatia,35.123 Seats,Maksimir,38,€1.50m,€7.00m,€8.01m,€3.80m,+€4.21m
1,Hajduk Split,/hnk-hajduk-split/startseite/verein/447/saison_id/2010,"21,8",3,€25.20m,€741k,2010,Croatia,34.183 Seats,Poljud,34,€150k,€5.00m,€9.64m,€150k,+€9.49m
2,Slaven Belupo,/slaven-belupo-koprivnica/startseite/verein/2362/saison_id/2010,"22,8",2,€12.55m,€380k,2010,Croatia,5.000 Seats,Gradski Stadion Ivan Kusek Apas,33,Free transfer,€385k,€385k,0,+€385k
3,NK Osijek,/nk-osijek/startseite/verein/327/saison_id/2010,"22,5",3,€10.95m,€332k,2010,Croatia,18.856 Seats,Gradski vrt,33,Free transfer,€2.40m,€2.40m,0,+€2.40m
4,HNK Rijeka,/hnk-rijeka/startseite/verein/144/saison_id/2010,"23,0",6,€10.30m,€322k,2010,Croatia,8.136 Seats,Stadion Rujevica,32,€100k,€725k,€1.70m,€150k,+€1.55m
5,NK Istra,/nk-istra-1961/startseite/verein/999/saison_id/2010,"23,8",13,€9.35m,€253k,2010,Croatia,9.056 Seats,Aldo Drosina,37,Free transfer,Free transfer,0,0,0
6,NK Lokomotiva,/nk-lokomotiva-zagreb/startseite/verein/11194/saison_id/2010,"22,0",9,€8.90m,€247k,2010,Croatia,8.850 Seats,Kranjceviceva,36,€50k,Free transfer,0,€50k,€-50k
7,RNK Split,/rnk-split/startseite/verein/420/saison_id/2010,"25,7",5,€6.75m,€225k,2010,Croatia,4.000 Seats,Park mladezi,30,€100k,Free transfer,0,€100k,€-100k
8,Dinamo Zagreb,/gnk-dinamo-zagreb/startseite/verein/419/saison_id/2011,"23,9",13,€50.80m,€1.45m,2011,Croatia,35.123 Seats,Maksimir,35,€1.45m,€300k,€420k,€4.75m,€-4.33m
9,Hajduk Split,/hnk-hajduk-split/startseite/verein/447/saison_id/2011,"21,4",8,€29.48m,€602k,2011,Croatia,34.183 Seats,Poljud,49,€250k,€1.00m,€2.65m,€500k,+€2.15m
10,Slaven Belupo,/slaven-belupo-koprivnica/startseite/verein/2362/saison_id/2011,"23,7",1,€11.83m,€394k,2011,Croatia,5.000 Seats,Gradski Stadion Ivan Kusek Apas,31,€15k,€75k,€135k,€15k,+€120k
11,RNK Split,/rnk-split/startseite/verein/420/saison_id/2011,"24,7",5,€11.53m,€296k,2011,Croatia,4.000 Seats,Park mladezi,39,Free transfer,Free transfer,0,0,0
12,NK Lokomotiva,/nk-lokomotiva-zagreb/startseite/verein/11194/saison_id/2011,"21,2",6,€11.15m,€310k,2011,Croatia,8.850 Seats,Kranjceviceva,36,€300k,€1.20m,€1.20m,€300k,+€900k
13,NK Istra,/nk-istra-1961/startseite/verein/999/saison_id/2011,"23,0",6,€10.88m,€311k,2011,Croatia,9.056 Seats,Aldo Drosina,35,€2k,€50k,€50k,€2k,+€48k
14,NK Osijek,/nk-osijek/startseite/verein/327/saison_id/2011,"23,0",2,€10.00m,€303k,2011,Croatia,18.856 Seats,Gradski vrt,36,Free transfer,€500k,€800k,0,+€800k
15,HNK Rijeka,/hnk-rijeka/startseite/verein/144/saison_id/2011,"22,5",8,€9.68m,€269k,2011,Croatia,8.136 Seats,Stadion Rujevica,36,Free transfer,€50k,€50k,0,+€50k
16,Dinamo Zagreb,/gnk-dinamo-zagreb/startseite/verein/419/saison_id/2012,"22,5",11,€48.70m,€1.32m,2012,Croatia,35.123 Seats,Maksimir,37,€2.40m,€11.00m,€20.00m,€4.10m,+€15.90m
17,Hajduk Split,/hnk-hajduk-split/startseite/verein/447/saison_id/2012,"20,5",6,€19.55m,€489k,2012,Croatia,34.183 Seats,Poljud,43,€300k,€3.70m,€7.64m,€400k,+€7.24m
18,HNK Rijeka,/hnk-rijeka/startseite/verein/144/saison_id/2012,"25,3",6,€14.60m,€562k,2012,Croatia,8.136 Seats,Stadion Rujevica,32,€450k,Free transfer,0,€810k,€-810k
19,RNK Split,/rnk-split/startseite/verein/420/saison_id/2012,"25,9",7,€13.70m,€457k,2012,Croatia,4.000 Seats,Park mladezi,35,€235k,Free transfer,0,€285k,€-285k
20,Slaven Belupo,/slaven-belupo-koprivnica/startseite/verein/2362/saison_id/2012,"23,2",1,€10.85m,€350k,2012,Croatia,5.000 Seats,Gradski Stadion Ivan Kusek Apas,33,Free transfer,Free transfer,0,0,0
21,NK Istra,/nk-istra-1961/startseite/verein/999/saison_id/2012,"23,9",2,€9.20m,€329k,2012,Croatia,9.056 Seats,Aldo Drosina,32,Free transfer,€235k,€285k,0,+€285k
22,NK Lokomotiva,/nk-lokomotiva-zagreb/startseite/verein/11194/saison_id/2012,"21,1",3,€7.70m,€257k,2012,Croatia,8.850 Seats,Kranjceviceva,31,Free transfer,€2.40m,€3.60m,0,+€3.60m
23,NK Osijek,/nk-osijek/startseite/verein/327/saison_id/2012,"21,6",2,€6.91m,€187k,2012,Croatia,18.856 Seats,Gradski vrt,37,Free transfer,€450k,€1.07m,0,+€1.07m
24,Dinamo Zagreb,/gnk-dinamo-zagreb/startseite/verein/419/saison_id/2013,"21,6",17,€43.90m,€770k,2013,Croatia,35.123 Seats,Maksimir,58,€1.60m,€5.00m,€15.78m,€4.32m,+€11.46m
25,HNK Rijeka,/hnk-rijeka/startseite/verein/144/saison_id/2013,"23,3",8,€22.13m,€452k,2013,Croatia,8.136 Seats,Stadion Rujevica,50,€1.20m,€1.00m,€1.45m,€1.77m,€-320k
26,Hajduk Split,/hnk-hajduk-split/startseite/verein/447/saison_id/2013,"20,1",12,€16.25m,€319k,2013,Croatia,34.183 Seats,Poljud,51,Free transfer,€1.00m,€1.22m,0,+€1.22m
27,RNK Split,/rnk-split/startseite/verein/420/saison_id/2013,"24,6",6,€15.30m,€437k,2013,Croatia,4.000 Seats,Park mladezi,37,Free transfer,€4.50m,€4.50m,0,+€4.50m
28,Slaven Belupo,/slaven-belupo-koprivnica/startseite/verein/2362/saison_id/2013,"23,5",2,€11.50m,€371k,2013,Croatia,5.000 Seats,Gradski Stadion Ivan Kusek Apas,32,Free transfer,€1.50m,€2.10m,0,+€2.10m
29,NK Lokomotiva,/nk-lokomotiva-zagreb/startseite/verein/11194/saison_id/2013,"21,4",4,€10.05m,€251k,2013,Croatia,8.850 Seats,Kranjceviceva,42,Free transfer,€1.00m,€1.00m,0,+€1.00m
30,NK Istra,/nk-istra-1961/startseite/verein/999/saison_id/2013,"22,5",11,€8.60m,€191k,2013,Croatia,9.056 Seats,Aldo Drosina,47,Free transfer,€350k,€1.02m,0,+€1.02m
31,NK Osijek,/nk-osijek/startseite/verein/327/saison_id/2013,"22,2",2,€7.65m,€213k,2013,Croatia,18.856 Seats,Gradski vrt,36,Free transfer,€190k,€190k,0,+€190k
32,Dinamo Zagreb,/gnk-dinamo-zagreb/startseite/verein/419/saison_id/2014,"23,2",19,€59.18m,€1.44m,2014,Croatia,35.123 Seats,Maksimir,41,€2.50m,€5.00m,€9.93m,€9.05m,+€880k
33,HNK Rijeka,/hnk-rijeka/startseite/verein/144/saison_id/2014,"23,8",17,€33.23m,€738k,2014,Croatia,8.136 Seats,Stadion Rujevica,45,€550k,€9.00m,€9.50m,€1.85m,+€7.65m
34,Hajduk Split,/hnk-hajduk-split/startseite/verein/447/saison_id/2014,"21,2",13,€19.80m,€460k,2014,Croatia,34.183 Seats,Poljud,43,Free transfer,€2.50m,€6.09m,0,+€6.09m
35,RNK Split,/rnk-split/startseite/verein/420/saison_id/2014,"23,2",8,€13.93m,€348k,2014,Croatia,4.000 Seats,Park mladezi,40,€230k,€150k,€250k,€440k,€-190k
36,NK Lokomotiva,/nk-lokomotiva-zagreb/startseite/verein/11194/saison_id/2014,"21,1",4,€12.58m,€314k,2014,Croatia,8.850 Seats,Kranjceviceva,40,Free transfer,€1.00m,€2.28m,0,+€2.28m
37,NK Istra,/nk-istra-1961/startseite/verein/999/saison_id/2014,"22,5",16,€11.23m,€229k,2014,Croatia,9.056 Seats,Aldo Drosina,49,Free transfer,€230k,€340k,0,+€340k
38,Slaven Belupo,/slaven-belupo-koprivnica/startseite/verein/2362/saison_id/2014,"23,3",3,€9.83m,€273k,2014,Croatia,5.000 Seats,Gradski Stadion Ivan Kusek Apas,36,Free transfer,€350k,€850k,0,+€850k
39,NK Osijek,/nk-osijek/startseite/verein/327/saison_id/2014,"22,9",9,€9.65m,€224k,2014,Croatia,18.856 Seats,Gradski vrt,43,Free transfer,€250k,€250k,0,+€250k
40,Dinamo Zagreb,/gnk-dinamo-zagreb/startseite/verein/419/saison_id/2015,"21,8",19,€54.70m,€1.12m,2015,Croatia,35.123 Seats,Maksimir,49,€5.00m,€7.50m,€13.90m,€9.30m,+€4.61m
41,HNK Rijeka,/hnk-rijeka/startseite/verein/144/saison_id/2015,"23,7",19,€35.95m,€856k,2015,Croatia,8.136 Seats,Stadion Rujevica,42,€600k,€2.60m,€6.95m,€1.22m,+€5.74m
42,Hajduk Split,/hnk-hajduk-split/startseite/verein/447/saison_id/2015,"21,0",12,€21.70m,€556k,2015,Croatia,34.183 Seats,Poljud,39,Free transfer,€3.00m,€6.00m,0,+€6.00m
43,RNK Split,/rnk-split/startseite/verein/420/saison_id/2015,"22,1",13,€14.00m,€292k,2015,Croatia,4.000 Seats,Park mladezi,48,Free transfer,€5.00m,€6.80m,0,+€6.80m
44,NK Lokomotiva,/nk-lokomotiva-zagreb/startseite/verein/11194/saison_id/2015,"21,0",7,€11.03m,€251k,2015,Croatia,8.850 Seats,Kranjceviceva,44,€65k,Free transfer,0,€130k,€-130k
45,NK Istra,/nk-istra-1961/startseite/verein/999/saison_id/2015,"23,7",18,€10.35m,€252k,2015,Croatia,9.056 Seats,Aldo Drosina,41,Free transfer,Free transfer,0,0,0
46,Slaven Belupo,/slaven-belupo-koprivnica/startseite/verein/2362/saison_id/2015,"23,7",6,€9.40m,€285k,2015,Croatia,5.000 Seats,Gradski Stadion Ivan Kusek Apas,33,Free transfer,€400k,€750k,0,+€750k
47,NK Osijek,/nk-osijek/startseite/verein/327/saison_id/2015,"22,7",4,€6.78m,€178k,2015,Croatia,18.856 Seats,Gradski vrt,38,Free transfer,€150k,€150k,0,+€150k
48,Partizan,/fk-partizan-belgrad/startseite/verein/669/saison_id/2010,"23,5",9,€32.28m,€872k,2010,Serbia,32.710 Seats,Partizan Stadion,37,€300k,€4.00m,€8.43m,€330k,+€8.10m
49,Red Star,/roter-stern-belgrad/startseite/verein/159/saison_id/2010,"22,9",9,€25.35m,€768k,2010,Serbia,51.755 Seats,Rajko Mitić Stadium,33,€770k,€2.47m,€4.66m,€2.46m,+€2.20m
50,Vojvodina,/fk-vojvodina-novi-sad/startseite/verein/448/saison_id/2010,"21,2",12,€19.00m,€543k,2010,Serbia,14.852 Seats,Stadion Karadjordje,35,Free transfer,€1.10m,€1.70m,0,+€1.70m
51,OFK Beograd,/ofk-belgrad/startseite/verein/53/saison_id/2010,"21,9",6,€11.60m,€322k,2010,Serbia,19.000 Seats,Omladinski Stadion,36,€200k,€650k,€750k,€200k,+€550k
52,Jagodina,/fk-jagodina/startseite/verein/12132/saison_id/2010,"24,2",6,€11.28m,€282k,2010,Serbia,15.000 Seats,Gradski Stadion,40,Free transfer,€150k,€268k,0,+€268k
53,Rad,/fk-rad-belgrad/startseite/verein/902/saison_id/2010,"20,9",4,€9.70m,€285k,2010,Serbia,6.000 Seats,Stadion Kralj Petar Prvi,35,€50k,€1.20m,€3.37m,€50k,+€3.32m
54,Spartak,/fk-spartak-subotica/startseite/verein/15276/saison_id/2010,"22,6",6,€8.25m,€258k,2010,Serbia,13.020 Seats,Gradski Stadion Subotica,32,€100k,€600k,€900k,€160k,+€740k
55,Red Star,/roter-stern-belgrad/startseite/verein/159/saison_id/2011,"22,1",12,€28.88m,€722k,2011,Serbia,51.755 Seats,Rajko Mitić Stadium,40,€708k,€1.74m,€6.55m,€3.07m,+€3.47m
56,Vojvodina,/fk-vojvodina-novi-sad/startseite/verein/448/saison_id/2011,"22,2",15,€22.75m,€615k,2011,Serbia,14.852 Seats,Stadion Karadjordje,37,€200k,€2.00m,€5.20m,€200k,+€5.00m
57,Partizan,/fk-partizan-belgrad/startseite/verein/669/saison_id/2011,"23,8",8,€22.68m,€756k,2011,Serbia,32.710 Seats,Partizan Stadion,32,€1.20m,€12.00m,€22.35m,€3.29m,+€19.06m
58,Rad,/fk-rad-belgrad/startseite/verein/902/saison_id/2011,"21,2",4,€11.43m,€309k,2011,Serbia,6.000 Seats,Stadion Kralj Petar Prvi,38,€177k,€708k,€1.41m,€187k,+€1.22m
59,OFK Beograd,/ofk-belgrad/startseite/verein/53/saison_id/2011,"21,4",11,€11.20m,€260k,2011,Serbia,19.000 Seats,Omladinski Stadion,43,Free transfer,€500k,€800k,0,+€800k
60,Spartak,/fk-spartak-subotica/startseite/verein/15276/saison_id/2011,"22,1",2,€8.70m,€281k,2011,Serbia,13.020 Seats,Gradski Stadion Subotica,32,Free transfer,€153k,€353k,0,+€353k
61,Jagodina,/fk-jagodina/startseite/verein/12132/saison_id/2011,"22,7",7,€7.38m,€194k,2011,Serbia,15.000 Seats,Gradski Stadion,38,€100k,Free transfer,0,€110k,€-110k
62,Partizan,/fk-partizan-belgrad/startseite/verein/669/saison_id/2012,"22,7",8,€33.60m,€862k,2012,Serbia,32.710 Seats,Partizan Stadion,40,€300k,€2.00m,€3.50m,€850k,+€2.65m
63,Red Star,/roter-stern-belgrad/startseite/verein/159/saison_id/2012,"21,1",11,€26.50m,€679k,2012,Serbia,51.755 Seats,Rajko Mitić Stadium,45,€425k,€600k,€600k,€1.03m,€-427k
64,Vojvodina,/fk-vojvodina-novi-sad/startseite/verein/448/saison_id/2012,"22,7",15,€19.30m,€522k,2012,Serbia,14.852 Seats,Stadion Karadjordje,37,Free transfer,€1.50m,€2.15m,0,+€2.15m
65,OFK Beograd,/ofk-belgrad/startseite/verein/53/saison_id/2012,"21,0",13,€11.10m,€258k,2012,Serbia,19.000 Seats,Omladinski Stadion,46,Free transfer,€1.50m,€2.00m,0,+€2.00m
66,Rad,/fk-rad-belgrad/startseite/verein/902/saison_id/2012,"20,1",3,€10.40m,€248k,2012,Serbia,6.000 Seats,Stadion Kralj Petar Prvi,43,Free transfer,€1.20m,€3.02m,0,+€3.02m
67,Jagodina,/fk-jagodina/startseite/verein/12132/saison_id/2012,"24,4",9,€9.15m,€247k,2012,Serbia,15.000 Seats,Gradski Stadion,40,Free transfer,€235k,€235k,0,+€235k
68,Spartak,/fk-spartak-subotica/startseite/verein/15276/saison_id/2012,"23,0",3,€8.45m,€313k,2012,Serbia,13.020 Seats,Gradski Stadion Subotica,28,Free transfer,Free transfer,0,0,0
69,Partizan,/fk-partizan-belgrad/startseite/verein/669/saison_id/2013,"23,0",8,€34.85m,€792k,2013,Serbia,32.710 Seats,Partizan Stadion,44,€200k,€10.00m,€21.80m,€200k,+€21.60m
70,Red Star,/roter-stern-belgrad/startseite/verein/159/saison_id/2013,"23,3",10,€28.45m,€749k,2013,Serbia,51.755 Seats,Rajko Mitić Stadium,41,€200k,€2.70m,€6.51m,€901k,+€5.60m
71,Vojvodina,/fk-vojvodina-novi-sad/startseite/verein/448/saison_id/2013,"21,9",16,€17.68m,€347k,2013,Serbia,14.852 Seats,Stadion Karadjordje,52,Free transfer,€200k,€520k,0,+€520k
72,Rad,/fk-rad-belgrad/startseite/verein/902/saison_id/2013,"21,4",9,€12.90m,€258k,2013,Serbia,6.000 Seats,Stadion Kralj Petar Prvi,50,Free transfer,€500k,€500k,0,+€500k
73,OFK Beograd,/ofk-belgrad/startseite/verein/53/saison_id/2013,"21,8",8,€10.28m,€214k,2013,Serbia,19.000 Seats,Omladinski Stadion,48,Free transfer,€1.00m,€1.20m,0,+€1.20m
74,Jagodina,/fk-jagodina/startseite/verein/12132/saison_id/2013,"23,7",10,€10.05m,€258k,2013,Serbia,15.000 Seats,Gradski Stadion,39,Free transfer,€750k,€950k,0,+€950k
75,Spartak,/fk-spartak-subotica/startseite/verein/15276/saison_id/2013,"22,3",6,€7.65m,€207k,2013,Serbia,13.020 Seats,Gradski Stadion Subotica,38,€80k,€360k,€440k,€80k,+€360k
76,Partizan,/fk-partizan-belgrad/startseite/verein/669/saison_id/2014,"23,3",8,€24.70m,€633k,2014,Serbia,32.710 Seats,Partizan Stadion,39,Free transfer,€3.20m,€4.20m,0,+€4.20m
77,Red Star,/roter-stern-belgrad/startseite/verein/159/saison_id/2014,"23,3",7,€19.95m,€525k,2014,Serbia,51.755 Seats,Rajko Mitić Stadium,38,€250k,€2.50m,€3.00m,€600k,+€2.40m
78,Jagodina,/fk-jagodina/startseite/verein/12132/saison_id/2014,"22,9",9,€9.10m,€228k,2014,Serbia,15.000 Seats,Gradski Stadion,40,Free transfer,€800k,€800k,0,+€800k
79,OFK Beograd,/ofk-belgrad/startseite/verein/53/saison_id/2014,"20,3",7,€8.60m,€195k,2014,Serbia,19.000 Seats,Omladinski Stadion,44,Free transfer,€1.50m,€1.90m,0,+€1.90m
80,Vojvodina,/fk-vojvodina-novi-sad/startseite/verein/448/saison_id/2014,"21,9",8,€8.15m,€220k,2014,Serbia,14.852 Seats,Stadion Karadjordje,37,Free transfer,€1.75m,€4.35m,0,+€4.35m
81,Rad,/fk-rad-belgrad/startseite/verein/902/saison_id/2014,"22,4",7,€7.35m,€216k,2014,Serbia,6.000 Seats,Stadion Kralj Petar Prvi,35,Free transfer,Free transfer,0,0,0
82,Spartak,/fk-spartak-subotica/startseite/verein/15276/saison_id/2014,"21,7",3,€5.35m,€162k,2014,Serbia,13.020 Seats,Gradski Stadion Subotica,33,Free transfer,Free transfer,0,0,0
83,Partizan,/fk-partizan-belgrad/startseite/verein/669/saison_id/2015,"23,0",12,€26.50m,€589k,2015,Serbia,32.710 Seats,Partizan Stadion,45,€450k,€3.00m,€5.47m,€870k,+€4.60m
84,Red Star,/roter-stern-belgrad/startseite/verein/159/saison_id/2015,"24,2",15,€25.43m,€687k,2015,Serbia,51.755 Seats,Rajko Mitić Stadium,37,€1.00m,€7.00m,€15.75m,€2.40m,+€13.35m
85,Vojvodina,/fk-vojvodina-novi-sad/startseite/verein/448/saison_id/2015,"23,6",7,€12.85m,€313k,2015,Serbia,14.852 Seats,Stadion Karadjordje,41,Free transfer,€1.25m,€3.39m,0,+€3.39m
86,OFK Beograd,/ofk-belgrad/startseite/verein/53/saison_id/2015,"22,2",11,€10.60m,€204k,2015,Serbia,19.000 Seats,Omladinski Stadion,52,Free transfer,€1.20m,€3.40m,0,+€3.40m
87,Spartak,/fk-spartak-subotica/startseite/verein/15276/saison_id/2015,"23,0",5,€8.35m,€220k,2015,Serbia,13.020 Seats,Gradski Stadion Subotica,38,Free transfer,€350k,€350k,0,+€350k
88,Rad,/fk-rad-belgrad/startseite/verein/902/saison_id/2015,"24,4",2,€7.93m,€203k,2015,Serbia,6.000 Seats,Stadion Kralj Petar Prvi,39,Free transfer,€960k,€1.16m,0,+€1.16m
89,Jagodina,/fk-jagodina/startseite/verein/12132/saison_id/2015,"22,4",6,€6.95m,€154k,2015,Serbia,15.000 Seats,Gradski Stadion,45,Free transfer,Free transfer,0,0,0
90,Sparta Praha,/ac-sparta-prag/startseite/verein/197/saison_id/2010,"24,6",10,€27.73m,€770k,2010,Czech Republic,18.944 Seats,Generali Arena,36,€1.15m,€4.00m,€8.00m,€1.98m,+€6.02m
91,Slavia Prague,/sk-slavia-prag/startseite/verein/62/saison_id/2010,"24,1",9,€15.60m,€422k,2010,Czech Republic,20.617 Seats,Sinobo Stadium,37,Free transfer,€3.80m,€5.58m,0,+€5.58m
92,FK Teplice,/fk-teplice/startseite/verein/814/saison_id/2010,"24,0",5,€13.10m,€437k,2010,Czech Republic,18.221 Seats,AGC Aréna,32,€200k,Free transfer,0,€200k,€-200k
93,Viktoria Plzen,/fc-viktoria-pilsen/startseite/verein/941/saison_id/2010,"24,7",5,€12.85m,€378k,2010,Czech Republic,11.700 Seats,Doosan Aréna,36,€700k,€500k,€500k,€1.46m,€-960k
94,Mladá Boleslav,/fk-mlada-boleslav/startseite/verein/5546/saison_id/2010,"23,9",10,€12.03m,€364k,2010,Czech Republic,5.000 Seats,Lokotrans Arena,33,€100k,Free transfer,0,€100k,€-100k
95,Slovan Liberec,/fc-slovan-liberec/startseite/verein/697/saison_id/2010,"24,7",7,€11.15m,€384k,2010,Czech Republic,9.900 Seats,Stadion U Nisy,29,€450k,€100k,€100k,€450k,€-350k
96,Banik Ostrava,/fc-banik-ostrava/startseite/verein/377/saison_id/2010,"23,4",7,€10.90m,€341k,2010,Czech Republic,15.123 Seats,Městský stadion,32,€750k,€3.00m,€4.70m,€750k,+€3.95m
97,FK Jablonec,/fk-jablonec/startseite/verein/1322/saison_id/2010,"24,8",3,€10.63m,€409k,2010,Czech Republic,6.108 Seats,Střelnice,26,€100k,€480k,€480k,€175k,+€305k
98,Slovácko,/1-fc-slovacko/startseite/verein/5544/saison_id/2010,"23,5",5,€5.33m,€184k,2010,Czech Republic,8.000 Seats,Městský fotbalový stadion Miroslava Valenty,29,€150k,Free transfer,0,€225k,€-225k
99,1.FK Pribram,/1-fk-pribram/startseite/verein/2598/saison_id/2010,"22,3",5,€4.88m,€157k,2010,Czech Republic,9.100 Seats,Stadion Na Litavce,31,Free transfer,€750k,€750k,0,+€750k
100,Sparta Praha,/ac-sparta-prag/startseite/verein/197/saison_id/2011,"25,1",6,€25.58m,€710k,2011,Czech Republic,18.944 Seats,Generali Arena,36,€600k,€2.00m,€2.48m,€920k,+€1.56m
101,Viktoria Plzen,/fc-viktoria-pilsen/startseite/verein/941/saison_id/2011,"26,0",5,€16.45m,€548k,2011,Czech Republic,11.700 Seats,Doosan Aréna,30,€800k,€3.50m,€3.50m,€1.40m,+€2.10m
102,Banik Ostrava,/fc-banik-ostrava/startseite/verein/377/saison_id/2011,"23,6",9,€12.50m,€329k,2011,Czech Republic,15.123 Seats,Městský stadion,38,Free transfer,Free transfer,0,0,0
103,Mladá Boleslav,/fk-mlada-boleslav/startseite/verein/5546/saison_id/2011,"25,0",4,€12.15m,€392k,2011,Czech Republic,5.000 Seats,Lokotrans Arena,33,?,€600k,€600k,0,+€600k
104,FK Teplice,/fk-teplice/startseite/verein/814/saison_id/2011,"23,8",7,€11.15m,€372k,2011,Czech Republic,18.221 Seats,AGC Aréna,31,Free transfer,€30k,€30k,0,+€30k
105,Slavia Prague,/sk-slavia-prag/startseite/verein/62/saison_id/2011,"22,9",7,€9.90m,€275k,2011,Czech Republic,20.617 Seats,Sinobo Stadium,37,€400k,€900k,€900k,€400k,+€500k
106,Slovan Liberec,/fc-slovan-liberec/startseite/verein/697/saison_id/2011,"25,0",6,€9.28m,€371k,2011,Czech Republic,9.900 Seats,Stadion U Nisy,25,Free transfer,€1.00m,€1.80m,0,+€1.80m
107,FK Jablonec,/fk-jablonec/startseite/verein/1322/saison_id/2011,"23,7",3,€8.98m,€345k,2011,Czech Republic,6.108 Seats,Střelnice,28,Free transfer,€2.00m,€3.00m,0,+€3.00m
108,1.FK Pribram,/1-fk-pribram/startseite/verein/2598/saison_id/2011,"21,7",7,€5.05m,€163k,2011,Czech Republic,9.100 Seats,Stadion Na Litavce,31,Free transfer,€800k,€950k,0,+€950k
109,Slovácko,/1-fc-slovacko/startseite/verein/5544/saison_id/2011,"24,0",4,€4.63m,€149k,2011,Czech Republic,8.000 Seats,Městský fotbalový stadion Miroslava Valenty,31,?,Free transfer,0,0,0
110,Sparta Praha,/ac-sparta-prag/startseite/verein/197/saison_id/2012,"23,8",7,€26.28m,€796k,2012,Czech Republic,18.944 Seats,Generali Arena,34,€800k,€450k,€450k,€1.42m,€-970k
111,Viktoria Plzen,/fc-viktoria-pilsen/startseite/verein/941/saison_id/2012,"24,9",6,€18.31m,€610k,2012,Czech Republic,11.700 Seats,Doosan Aréna,32,€800k,€300k,€520k,€2.64m,€-2.12m
112,Banik Ostrava,/fc-banik-ostrava/startseite/verein/377/saison_id/2012,"24,3",8,€15.80m,€451k,2012,Czech Republic,15.123 Seats,Městský stadion,36,Free transfer,€300k,€300k,0,+€300k
113,Mladá Boleslav,/fk-mlada-boleslav/startseite/verein/5546/saison_id/2012,"25,6",7,€14.70m,€408k,2012,Czech Republic,5.000 Seats,Lokotrans Arena,37,Free transfer,Free transfer,0,0,0
114,Slovan Liberec,/fc-slovan-liberec/startseite/verein/697/saison_id/2012,"24,5",13,€12.68m,€352k,2012,Czech Republic,9.900 Seats,Stadion U Nisy,39,Free transfer,€1.80m,€2.35m,0,+€2.35m
115,Slavia Prague,/sk-slavia-prag/startseite/verein/62/saison_id/2012,"24,9",9,€11.28m,€364k,2012,Czech Republic,20.617 Seats,Sinobo Stadium,36,€500k,Free transfer,0,€500k,€-500k
116,FK Teplice,/fk-teplice/startseite/verein/814/saison_id/2012,"24,8",8,€11.23m,€387k,2012,Czech Republic,18.221 Seats,AGC Aréna,33,€120k,Free transfer,0,€120k,€-120k
117,FK Jablonec,/fk-jablonec/startseite/verein/1322/saison_id/2012,"24,7",3,€10.70m,€412k,2012,Czech Republic,6.108 Seats,Střelnice,27,Free transfer,€800k,€1.44m,0,+€1.44m
118,1.FK Pribram,/1-fk-pribram/startseite/verein/2598/saison_id/2012,"24,1",6,€8.35m,€253k,2012,Czech Republic,9.100 Seats,Stadion Na Litavce,36,Free transfer,Free transfer,0,0,0
119,Slovácko,/1-fc-slovacko/startseite/verein/5544/saison_id/2012,"24,0",5,€6.78m,€205k,2012,Czech Republic,8.000 Seats,Městský fotbalový stadion Miroslava Valenty,35,Free transfer,Free transfer,0,0,0
120,Sparta Praha,/ac-sparta-prag/startseite/verein/197/saison_id/2013,"23,8",6,€33.65m,€841k,2013,Czech Republic,18.944 Seats,Generali Arena,42,€1.10m,€3.20m,€4.10m,€1.58m,+€2.52m
121,Viktoria Plzen,/fc-viktoria-pilsen/startseite/verein/941/saison_id/2013,"25,4",7,€28.93m,€723k,2013,Czech Republic,11.700 Seats,Doosan Aréna,40,€750k,€4.00m,€4.15m,€1.35m,+€2.80m
122,Slavia Prague,/sk-slavia-prag/startseite/verein/62/saison_id/2013,"24,6",13,€15.60m,€371k,2013,Czech Republic,20.617 Seats,Sinobo Stadium,44,€250k,€1.00m,€1.00m,€250k,+€750k
123,Mladá Boleslav,/fk-mlada-boleslav/startseite/verein/5546/saison_id/2013,"25,4",3,€13.08m,€319k,2013,Czech Republic,5.000 Seats,Lokotrans Arena,42,Free transfer,Free transfer,0,0,0
124,FK Jablonec,/fk-jablonec/startseite/verein/1322/saison_id/2013,"24,4",3,€11.65m,€333k,2013,Czech Republic,6.108 Seats,Střelnice,35,Free transfer,€1.15m,€1.15m,0,+€1.15m
125,Slovan Liberec,/fc-slovan-liberec/startseite/verein/697/saison_id/2013,"23,1",15,€11.30m,€290k,2013,Czech Republic,9.900 Seats,Stadion U Nisy,39,€121k,€700k,€700k,€121k,+€579k
126,FK Teplice,/fk-teplice/startseite/verein/814/saison_id/2013,"24,4",11,€10.43m,€298k,2013,Czech Republic,18.221 Seats,AGC Aréna,35,€200k,Free transfer,0,€200k,€-200k
127,1.FK Pribram,/1-fk-pribram/startseite/verein/2598/saison_id/2013,"24,7",7,€8.33m,€245k,2013,Czech Republic,9.100 Seats,Stadion Na Litavce,34,Free transfer,Free transfer,0,0,0
128,Slovácko,/1-fc-slovacko/startseite/verein/5544/saison_id/2013,"24,6",4,€7.45m,€219k,2013,Czech Republic,8.000 Seats,Městský fotbalový stadion Miroslava Valenty,36,Free transfer,?,0,0,0
129,Banik Ostrava,/fc-banik-ostrava/startseite/verein/377/saison_id/2013,"22,8",9,€7.13m,€162k,2013,Czech Republic,15.123 Seats,Městský stadion,44,€250k,€20k,€20k,€250k,€-230k
130,Sparta Praha,/ac-sparta-prag/startseite/verein/197/saison_id/2014,"25,3",8,€34.10m,€1.03m,2014,Czech Republic,18.944 Seats,Generali Arena,39,€100k,€2.00m,€3.00m,€100k,+€2.90m
131,Viktoria Plzen,/fc-viktoria-pilsen/startseite/verein/941/saison_id/2014,"27,0",6,€25.78m,€955k,2014,Czech Republic,11.700 Seats,Doosan Aréna,33,€700k,Free transfer,0,€1.35m,€-1.35m
132,FK Jablonec,/fk-jablonec/startseite/verein/1322/saison_id/2014,"24,7",6,€13.13m,€423k,2014,Czech Republic,6.108 Seats,Střelnice,31,Free transfer,Free transfer,0,0,0
133,Mladá Boleslav,/fk-mlada-boleslav/startseite/verein/5546/saison_id/2014,"24,2",13,€12.28m,€323k,2014,Czech Republic,5.000 Seats,Lokotrans Arena,38,Free transfer,Free transfer,0,0,0
134,Slovan Liberec,/fc-slovan-liberec/startseite/verein/697/saison_id/2014,"23,8",18,€12.20m,€330k,2014,Czech Republic,9.900 Seats,Stadion U Nisy,39,Free transfer,Free transfer,0,0,0
135,Slavia Prague,/sk-slavia-prag/startseite/verein/62/saison_id/2014,"23,8",11,€11.05m,€345k,2014,Czech Republic,20.617 Seats,Sinobo Stadium,39,Free transfer,€550k,€550k,0,+€550k
136,FK Teplice,/fk-teplice/startseite/verein/814/saison_id/2014,"24,4",9,€9.73m,€304k,2014,Czech Republic,18.221 Seats,AGC Aréna,33,Free transfer,€400k,€400k,0,+€400k
137,1.FK Pribram,/1-fk-pribram/startseite/verein/2598/saison_id/2014,"25,5",7,€8.55m,€204k,2014,Czech Republic,9.100 Seats,Stadion Na Litavce,43,Free transfer,Free transfer,0,0,0
138,Banik Ostrava,/fc-banik-ostrava/startseite/verein/377/saison_id/2014,"22,6",10,€7.33m,€209k,2014,Czech Republic,15.123 Seats,Městský stadion,37,Free transfer,€800k,€800k,0,+€800k
139,Slovácko,/1-fc-slovacko/startseite/verein/5544/saison_id/2014,"23,3",6,€5.70m,€158k,2014,Czech Republic,8.000 Seats,Městský fotbalový stadion Miroslava Valenty,36,Free transfer,Free transfer,0,0,0
140,Sparta Praha,/ac-sparta-prag/startseite/verein/197/saison_id/2015,"25,4",7,€32.73m,€935k,2015,Czech Republic,18.944 Seats,Generali Arena,47,€500k,€3.50m,€4.10m,€1.25m,+€2.85m
141,Viktoria Plzen,/fc-viktoria-pilsen/startseite/verein/941/saison_id/2015,"26,8",5,€24.75m,€798k,2015,Czech Republic,11.700 Seats,Doosan Aréna,34,Free transfer,Free transfer,0,0,0
142,Slavia Prague,/sk-slavia-prag/startseite/verein/62/saison_id/2015,"23,8",6,€13.80m,€383k,2015,Czech Republic,20.617 Seats,Sinobo Stadium,36,€1.00m,Free transfer,0,€3.60m,€-3.60m
143,Mladá Boleslav,/fk-mlada-boleslav/startseite/verein/5546/saison_id/2015,"24,5",7,€13.60m,€358k,2015,Czech Republic,5.000 Seats,Lokotrans Arena,38,Free transfer,€1.70m,€2.50m,0,+€2.50m
144,Slovan Liberec,/fc-slovan-liberec/startseite/verein/697/saison_id/2015,"23,2",13,€12.85m,€338k,2015,Czech Republic,9.900 Seats,Stadion U Nisy,42,Free transfer,€1.50m,€1.50m,0,+€1.50m
145,FK Jablonec,/fk-jablonec/startseite/verein/1322/saison_id/2015,"24,3",6,€12.70m,€454k,2015,Czech Republic,6.108 Seats,Střelnice,28,Free transfer,€140k,€140k,0,+€140k
146,FK Teplice,/fk-teplice/startseite/verein/814/saison_id/2015,"24,9",13,€9.38m,€260k,2015,Czech Republic,18.221 Seats,AGC Aréna,36,€75k,Free transfer,0,€75k,€-75k
147,1.FK Pribram,/1-fk-pribram/startseite/verein/2598/saison_id/2015,"23,2",4,€7.20m,€189k,2015,Czech Republic,9.100 Seats,Stadion Na Litavce,38,Free transfer,€400k,€400k,0,+€400k
148,Banik Ostrava,/fc-banik-ostrava/startseite/verein/377/saison_id/2015,"21,6",11,€6.70m,€152k,2015,Czech Republic,15.123 Seats,Městský stadion,44,Free transfer,€400k,€900k,0,+€900k
149,Slovácko,/1-fc-slovacko/startseite/verein/5544/saison_id/2015,"23,7",7,€5.40m,€169k,2015,Czech Republic,8.000 Seats,Městský fotbalový stadion Miroslava Valenty,32,Free transfer,Free transfer,0,0,0
150,Legia Warszawa,/legia-warschau/startseite/verein/255/saison_id/2010,"23,7",15,€30.13m,€861k,2010,Poland,30.967 Seats,Stadion Miejski im. Marszałka Józefa Piłsudskiego,35,€800k,€250k,€620k,€2.72m,€-2.10m
151,Wisla Kraków,/wisla-krakau/startseite/verein/422/saison_id/2010,"25,1",18,€30.00m,€789k,2010,Poland,33.130 Seats,Stadion Miejski im. Henryka Reymana,38,€675k,€3.80m,€8.33m,€2.21m,+€6.12m
152,Lech Poznan,/lech-pozna%C5%84/startseite/verein/238/saison_id/2010,"24,4",11,€26.53m,€780k,2010,Poland,42.837 Seats,Stadion Poznań,34,€1.00m,€4.75m,€5.33m,€2.98m,+€2.35m
153,Korona Kielce,/korona-kielce/startseite/verein/6110/saison_id/2010,"25,5",8,€14.53m,€427k,2010,Poland,15.500 Seats,Suzuki Arena,34,€150k,€250k,€425k,€285k,+€140k
154,Slask Wroclaw,/slask-wroclaw/startseite/verein/759/saison_id/2010,"25,6",6,€12.58m,€419k,2010,Poland,42.771 Seats,Stadion Miejski,30,€275k,€75k,€75k,€380k,€-305k
155,Ruch Chorzow,/ruch-chorzow/startseite/verein/318/saison_id/2010,"26,3",5,€11.65m,€364k,2010,Poland,10.000 Seats,Stadion Ruchu Chorzów (przy Cichej),32,€25k,€1.00m,€1.69m,€50k,+€1.64m
156,Jagiellonia,/jagiellonia-bialystok/startseite/verein/2300/saison_id/2010,"23,3",13,€9.28m,€273k,2010,Poland,22.432 Seats,Stadion Miejski,34,€350k,€900k,€1.28m,€783k,+€498k
157,Lechia Gdansk,/lechia-gdansk/startseite/verein/4000/saison_id/2010,"24,4",10,€8.75m,€313k,2010,Poland,43.615 Seats,Stadion Energa Gdańsk,28,€215k,€140k,€330k,€590k,€-260k
158,Górnik Zabrze,/gornik-zabrze/startseite/verein/428/saison_id/2010,"24,1",4,€7.05m,€227k,2010,Poland,24.563 Seats,Arena Zabrze,31,€125k,€13k,€20k,€605k,€-585k
159,Legia Warszawa,/legia-warschau/startseite/verein/255/saison_id/2011,"24,2",15,€31.45m,€850k,2011,Poland,30.967 Seats,Stadion Miejski im. Marszałka Józefa Piłsudskiego,37,€50k,€3.20m,€6.11m,€50k,+€6.06m
160,Lech Poznan,/lech-pozna%C5%84/startseite/verein/238/saison_id/2011,"24,0",11,€26.03m,€929k,2011,Poland,42.837 Seats,Stadion Poznań,29,€350k,€200k,€370k,€350k,+€20k
161,Wisla Kraków,/wisla-krakau/startseite/verein/422/saison_id/2011,"25,2",16,€22.35m,€798k,2011,Poland,33.130 Seats,Stadion Miejski im. Henryka Reymana,31,€650k,€80k,€115k,€1.10m,€-985k
162,Slask Wroclaw,/slask-wroclaw/startseite/verein/759/saison_id/2011,"25,7",8,€14.13m,€456k,2011,Poland,42.771 Seats,Stadion Miejski,31,€300k,Free transfer,0,€800k,€-800k
163,Jagiellonia,/jagiellonia-bialystok/startseite/verein/2300/saison_id/2011,"23,6",14,€12.93m,€359k,2011,Poland,22.432 Seats,Stadion Miejski,37,€280k,€1.90m,€2.19m,€650k,+€1.54m
164,Lechia Gdansk,/lechia-gdansk/startseite/verein/4000/saison_id/2011,"24,0",12,€11.20m,€329k,2011,Poland,43.615 Seats,Stadion Energa Gdańsk,34,€70k,€20k,€20k,€270k,€-250k
165,Korona Kielce,/korona-kielce/startseite/verein/6110/saison_id/2011,"24,3",6,€10.40m,€297k,2011,Poland,15.500 Seats,Suzuki Arena,36,€25k,€120k,€120k,€45k,+€75k
166,Ruch Chorzow,/ruch-chorzow/startseite/verein/318/saison_id/2011,"26,0",6,€9.05m,€312k,2011,Poland,10.000 Seats,Stadion Ruchu Chorzów (przy Cichej),29,€25k,€10k,€10k,€58k,€-48k
167,Górnik Zabrze,/gornik-zabrze/startseite/verein/428/saison_id/2011,"24,8",7,€9.00m,€257k,2011,Poland,24.563 Seats,Arena Zabrze,35,€80k,€600k,€1.13m,€390k,+€740k
168,Wisla Kraków,/wisla-krakau/startseite/verein/422/saison_id/2012,"25,0",13,€20.23m,€632k,2012,Poland,33.130 Seats,Stadion Miejski im. Henryka Reymana,33,€40k,€800k,€1.80m,€42k,+€1.76m
169,Slask Wroclaw,/slask-wroclaw/startseite/verein/759/saison_id/2012,"24,6",9,€20.20m,€594k,2012,Poland,42.771 Seats,Stadion Miejski,34,Free transfer,Free transfer,0,0,0
170,Legia Warszawa,/legia-warschau/startseite/verein/255/saison_id/2012,"24,2",7,€19.30m,€772k,2012,Poland,30.967 Seats,Stadion Miejski im. Marszałka Józefa Piłsudskiego,33,€100k,€2.70m,€2.70m,€210k,+€2.49m
171,Lech Poznan,/lech-pozna%C5%84/startseite/verein/238/saison_id/2012,"24,2",10,€15.63m,€504k,2012,Poland,42.837 Seats,Stadion Poznań,33,€410k,€3.50m,€4.13m,€945k,+€3.18m
172,Górnik Zabrze,/gornik-zabrze/startseite/verein/428/saison_id/2012,"25,3",3,€11.68m,€377k,2012,Poland,24.563 Seats,Arena Zabrze,33,€260k,€2.60m,€2.66m,€305k,+€2.36m
173,Ruch Chorzow,/ruch-chorzow/startseite/verein/318/saison_id/2012,"25,2",6,€10.68m,€334k,2012,Poland,10.000 Seats,Stadion Ruchu Chorzów (przy Cichej),34,€325k,€350k,€375k,€460k,€-85k
174,Lechia Gdansk,/lechia-gdansk/startseite/verein/4000/saison_id/2012,"22,7",9,€9.53m,€238k,2012,Poland,43.615 Seats,Stadion Energa Gdańsk,41,€100k,€500k,€500k,€110k,+€390k
175,Korona Kielce,/korona-kielce/startseite/verein/6110/saison_id/2012,"24,4",8,€9.43m,€248k,2012,Poland,15.500 Seats,Suzuki Arena,38,€10k,€13k,€13k,€13k,0
176,Jagiellonia,/jagiellonia-bialystok/startseite/verein/2300/saison_id/2012,"22,6",8,€9.30m,€266k,2012,Poland,22.432 Seats,Stadion Miejski,36,€200k,€1.00m,€1.60m,€260k,+€1.34m
177,Legia Warszawa,/legia-warschau/startseite/verein/255/saison_id/2013,"23,4",13,€24.05m,€587k,2013,Poland,30.967 Seats,Stadion Miejski im. Marszałka Józefa Piłsudskiego,42,€500k,€2.65m,€5.33m,€1.64m,+€3.69m
178,Lech Poznan,/lech-pozna%C5%84/startseite/verein/238/saison_id/2013,"23,7",11,€17.05m,€501k,2013,Poland,42.837 Seats,Stadion Poznań,34,€100k,€3.20m,€3.43m,€100k,+€3.33m
179,Slask Wroclaw,/slask-wroclaw/startseite/verein/759/saison_id/2013,"24,7",14,€15.03m,€417k,2013,Poland,42.771 Seats,Stadion Miejski,36,€26k,€1.00m,€1.00m,€26k,+€974k
180,Górnik Zabrze,/gornik-zabrze/startseite/verein/428/saison_id/2013,"24,7",8,€13.30m,€302k,2013,Poland,24.563 Seats,Arena Zabrze,44,Free transfer,€890k,€1.39m,0,+€1.39m
181,Wisla Kraków,/wisla-krakau/startseite/verein/422/saison_id/2013,"22,5",10,€11.83m,€311k,2013,Poland,33.130 Seats,Stadion Miejski im. Henryka Reymana,38,Free transfer,€150k,€180k,0,+€180k
182,Jagiellonia,/jagiellonia-bialystok/startseite/verein/2300/saison_id/2013,"21,9",11,€10.78m,€251k,2013,Poland,22.432 Seats,Stadion Miejski,43,€50k,€500k,€580k,€50k,+€530k
183,Korona Kielce,/korona-kielce/startseite/verein/6110/saison_id/2013,"23,9",10,€10.45m,€249k,2013,Poland,15.500 Seats,Suzuki Arena,43,€100k,€50k,€55k,€115k,€-60k
184,Lechia Gdansk,/lechia-gdansk/startseite/verein/4000/saison_id/2013,"22,8",7,€9.88m,€253k,2013,Poland,43.615 Seats,Stadion Energa Gdańsk,39,€200k,€400k,€755k,€230k,+€525k
185,Ruch Chorzow,/ruch-chorzow/startseite/verein/318/saison_id/2013,"23,4",2,€7.23m,€190k,2013,Poland,10.000 Seats,Stadion Ruchu Chorzów (przy Cichej),38,€15k,Free transfer,0,€25k,€-25k
186,Legia Warszawa,/legia-warschau/startseite/verein/255/saison_id/2014,"24,1",11,€23.55m,€604k,2014,Poland,30.967 Seats,Stadion Miejski im. Marszałka Józefa Piłsudskiego,39,€800k,€2.25m,€5.18m,€1.61m,+€3.57m
187,Lech Poznan,/lech-pozna%C5%84/startseite/verein/238/saison_id/2014,"23,3",15,€17.20m,€521k,2014,Poland,42.837 Seats,Stadion Poznań,33,€600k,€4.00m,€4.00m,€1.60m,+€2.40m
188,Lechia Gdansk,/lechia-gdansk/startseite/verein/4000/saison_id/2014,"22,7",15,€17.20m,€430k,2014,Poland,43.615 Seats,Stadion Energa Gdańsk,40,€800k,€2.50m,€2.58m,€2.90m,€-320k
189,Wisla Kraków,/wisla-krakau/startseite/verein/422/saison_id/2014,"23,5",9,€11.40m,€356k,2014,Poland,33.130 Seats,Stadion Miejski im. Henryka Reymana,32,€75k,€1.40m,€1.40m,€75k,+€1.33m
190,Korona Kielce,/korona-kielce/startseite/verein/6110/saison_id/2014,"24,7",14,€11.30m,€323k,2014,Poland,15.500 Seats,Suzuki Arena,35,Free transfer,€2k,€2k,0,+€2k
191,Slask Wroclaw,/slask-wroclaw/startseite/verein/759/saison_id/2014,"24,8",11,€11.23m,€362k,2014,Poland,42.771 Seats,Stadion Miejski,31,€5k,€370k,€370k,€7k,+€364k
192,Górnik Zabrze,/gornik-zabrze/startseite/verein/428/saison_id/2014,"25,0",7,€9.48m,€263k,2014,Poland,24.563 Seats,Arena Zabrze,36,€10k,€500k,€500k,€10k,+€490k
193,Jagiellonia,/jagiellonia-bialystok/startseite/verein/2300/saison_id/2014,"21,4",7,€8.55m,€199k,2014,Poland,22.432 Seats,Stadion Miejski,43,€75k,€700k,€950k,€125k,+€825k
194,Ruch Chorzow,/ruch-chorzow/startseite/verein/318/saison_id/2014,"24,9",5,€8.35m,€246k,2014,Poland,10.000 Seats,Stadion Ruchu Chorzów (przy Cichej),34,€200k,€300k,€500k,€225k,+€275k
195,Legia Warszawa,/legia-warschau/startseite/verein/255/saison_id/2015,"25,4",11,€32.45m,€901k,2015,Poland,30.967 Seats,Stadion Miejski im. Marszałka Józefa Piłsudskiego,36,€800k,€1.50m,€2.75m,€2.93m,€-175k
196,Lech Poznan,/lech-pozna%C5%84/startseite/verein/238/saison_id/2015,"24,2",14,€23.90m,€683k,2015,Poland,42.837 Seats,Stadion Poznań,35,€500k,€200k,€210k,€1.70m,€-1.49m
197,Lechia Gdansk,/lechia-gdansk/startseite/verein/4000/saison_id/2015,"24,0",14,€18.08m,€489k,2015,Poland,43.615 Seats,Stadion Energa Gdańsk,37,€500k,€800k,€1.10m,€910k,+€190k
198,Jagiellonia,/jagiellonia-bialystok/startseite/verein/2300/saison_id/2015,"22,2",8,€13.40m,€327k,2015,Poland,22.432 Seats,Stadion Miejski,41,€250k,€1.00m,€2.70m,€693k,+€2.01m
199,Wisla Kraków,/wisla-krakau/startseite/verein/422/saison_id/2015,"24,1",9,€12.08m,€335k,2015,Poland,33.130 Seats,Stadion Miejski im. Henryka Reymana,36,€400k,€75k,€110k,€475k,€-365k
200,Slask Wroclaw,/slask-wroclaw/startseite/verein/759/saison_id/2015,"24,7",11,€11.18m,€360k,2015,Poland,42.771 Seats,Stadion Miejski,31,Free transfer,€300k,€400k,0,+€400k
201,Górnik Zabrze,/gornik-zabrze/startseite/verein/428/saison_id/2015,"25,8",10,€7.70m,€188k,2015,Poland,24.563 Seats,Arena Zabrze,41,Free transfer,Free transfer,0,0,0
202,Korona Kielce,/korona-kielce/startseite/verein/6110/saison_id/2015,"23,5",11,€6.40m,€149k,2015,Poland,15.500 Seats,Suzuki Arena,43,Free transfer,€13k,€13k,0,+€13k
203,Ruch Chorzow,/ruch-chorzow/startseite/verein/318/saison_id/2015,"24,5",3,€5.05m,€163k,2015,Poland,10.000 Seats,Stadion Ruchu Chorzów (przy Cichej),31,€100k,€500k,€500k,€100k,+€400k
204,Anorthosis,/anorthosis-famagusta/startseite/verein/3899/saison_id/2010,"25,8",27,€19.45m,€442k,2010,Cyprus,10.230 Seats,Antonis Papadopoulos,44,€180k,€50k,€50k,€480k,€-430k
205,Omonia Nikosia,/omonia-nikosia/startseite/verein/829/saison_id/2010,"26,2",16,€18.50m,€638k,2010,Cyprus,22.859 Seats,GSP Stadium,29,Free transfer,Free transfer,0,0,0
206,AEL Limassol,/ael-limassol/startseite/verein/786/saison_id/2010,"25,7",24,€15.08m,€377k,2010,Cyprus,13.331 Seats,Tsirion Stadion,42,Free transfer,€50k,€50k,0,+€50k
207,APOEL Nicosia,/apoel-nikosia/startseite/verein/2784/saison_id/2010,"27,6",15,€14.28m,€510k,2010,Cyprus,22.859 Seats,GSP Stadium,28,€700k,Free transfer,0,€873k,€-873k
208,AEK Larnaca,/aek-larnaka/startseite/verein/2156/saison_id/2010,"27,2",19,€13.18m,€454k,2010,Cyprus,8.000 Seats,AEK Arena - Georgios Karapatakis,30,Free transfer,Free transfer,0,0,0
209,Apol. Limassol,/apollon-limassol/startseite/verein/429/saison_id/2010,"25,5",18,€9.43m,€314k,2010,Cyprus,13.331 Seats,Tsirion Stadion,31,€250k,€800k,€870k,€250k,+€620k
210,Ethnikos,/ethnikos-achnas/startseite/verein/4590/saison_id/2010,"27,3",21,€6.15m,€192k,2010,Cyprus,7.000 Seats,Stadio Ethnikos Achnas (Dasaki),33,Free transfer,Free transfer,0,0,0
211,APOEL Nicosia,/apoel-nikosia/startseite/verein/2784/saison_id/2011,"29,0",18,€18.95m,€677k,2011,Cyprus,22.859 Seats,GSP Stadium,31,€250k,€300k,€300k,€340k,€-40k
212,Anorthosis,/anorthosis-famagusta/startseite/verein/3899/saison_id/2011,"26,9",22,€18.85m,€539k,2011,Cyprus,10.230 Seats,Antonis Papadopoulos,37,€300k,Free transfer,0,€450k,€-450k
213,Omonia Nikosia,/omonia-nikosia/startseite/verein/829/saison_id/2011,"26,7",20,€17.40m,€580k,2011,Cyprus,22.859 Seats,GSP Stadium,30,€230k,Free transfer,0,€380k,€-380k
214,AEK Larnaca,/aek-larnaka/startseite/verein/2156/saison_id/2011,"26,1",20,€14.90m,€514k,2011,Cyprus,8.000 Seats,AEK Arena - Georgios Karapatakis,33,Free transfer,€320k,€320k,0,+€320k
215,AEL Limassol,/ael-limassol/startseite/verein/786/saison_id/2011,"25,9",20,€11.35m,€405k,2011,Cyprus,13.331 Seats,Tsirion Stadion,30,€100k,Free transfer,0,€170k,€-170k
216,Apol. Limassol,/apollon-limassol/startseite/verein/429/saison_id/2011,"27,1",21,€9.20m,€329k,2011,Cyprus,13.331 Seats,Tsirion Stadion,36,Free transfer,Free transfer,0,0,0
217,Ethnikos,/ethnikos-achnas/startseite/verein/4590/saison_id/2011,"27,5",23,€8.40m,€255k,2011,Cyprus,7.000 Seats,Stadio Ethnikos Achnas (Dasaki),35,Free transfer,Free transfer,0,0,0
218,APOEL Nicosia,/apoel-nikosia/startseite/verein/2784/saison_id/2012,"28,9",19,€23.40m,€807k,2012,Cyprus,22.859 Seats,GSP Stadium,30,€235k,€2.20m,€3.20m,€235k,+€2.97m
219,Anorthosis,/anorthosis-famagusta/startseite/verein/3899/saison_id/2012,"26,8",21,€16.45m,€514k,2012,Cyprus,10.230 Seats,Antonis Papadopoulos,32,€275k,€300k,€300k,€625k,€-325k
220,Omonia Nikosia,/omonia-nikosia/startseite/verein/829/saison_id/2012,"25,6",19,€15.95m,€532k,2012,Cyprus,22.859 Seats,GSP Stadium,31,Free transfer,€275k,€275k,0,+€275k
221,AEK Larnaca,/aek-larnaka/startseite/verein/2156/saison_id/2012,"26,8",21,€13.98m,€466k,2012,Cyprus,8.000 Seats,AEK Arena - Georgios Karapatakis,31,€15k,€225k,€225k,€15k,+€210k
222,AEL Limassol,/ael-limassol/startseite/verein/786/saison_id/2012,"26,2",21,€12.20m,€407k,2012,Cyprus,13.331 Seats,Tsirion Stadion,30,Free transfer,Free transfer,0,0,0
223,Apol. Limassol,/apollon-limassol/startseite/verein/429/saison_id/2012,"25,1",18,€12.08m,€345k,2012,Cyprus,13.331 Seats,Tsirion Stadion,38,Free transfer,Free transfer,0,0,0
224,Ethnikos,/ethnikos-achnas/startseite/verein/4590/saison_id/2012,"27,0",22,€7.30m,€228k,2012,Cyprus,7.000 Seats,Stadio Ethnikos Achnas (Dasaki),32,Free transfer,Free transfer,0,0,0
225,APOEL Nicosia,/apoel-nikosia/startseite/verein/2784/saison_id/2013,"26,8",21,€20.75m,€576k,2013,Cyprus,22.859 Seats,GSP Stadium,36,€225k,Free transfer,0,€415k,€-415k
226,AEL Limassol,/ael-limassol/startseite/verein/786/saison_id/2013,"25,7",25,€13.40m,€432k,2013,Cyprus,13.331 Seats,Tsirion Stadion,32,Free transfer,€500k,€1.20m,0,+€1.20m
227,Anorthosis,/anorthosis-famagusta/startseite/verein/3899/saison_id/2013,"25,7",19,€13.15m,€376k,2013,Cyprus,10.230 Seats,Antonis Papadopoulos,36,€20k,€1.70m,€1.70m,€20k,+€1.68m
228,Apol. Limassol,/apollon-limassol/startseite/verein/429/saison_id/2013,"25,7",20,€11.00m,€355k,2013,Cyprus,13.331 Seats,Tsirion Stadion,31,€500k,Free transfer,0,€500k,€-500k
229,AEK Larnaca,/aek-larnaka/startseite/verein/2156/saison_id/2013,"24,1",21,€10.50m,€269k,2013,Cyprus,8.000 Seats,AEK Arena - Georgios Karapatakis,40,Free transfer,Free transfer,0,0,0
230,Omonia Nikosia,/omonia-nikosia/startseite/verein/829/saison_id/2013,"23,7",21,€10.38m,€259k,2013,Cyprus,22.859 Seats,GSP Stadium,41,Free transfer,€200k,€200k,0,+€200k
231,Ethnikos,/ethnikos-achnas/startseite/verein/4590/saison_id/2013,"26,0",19,€5.80m,€176k,2013,Cyprus,7.000 Seats,Stadio Ethnikos Achnas (Dasaki),36,Free transfer,Free transfer,0,0,0
232,APOEL Nicosia,/apoel-nikosia/startseite/verein/2784/saison_id/2014,"26,1",17,€19.85m,€567k,2014,Cyprus,22.859 Seats,GSP Stadium,36,€500k,Free transfer,0,€575k,€-575k
233,Apol. Limassol,/apollon-limassol/startseite/verein/429/saison_id/2014,"26,0",23,€14.75m,€434k,2014,Cyprus,13.331 Seats,Tsirion Stadion,35,€2.50m,€1.90m,€1.90m,€2.90m,€-1.00m
234,Omonia Nikosia,/omonia-nikosia/startseite/verein/829/saison_id/2014,"25,0",21,€13.20m,€347k,2014,Cyprus,22.859 Seats,GSP Stadium,39,Free transfer,Free transfer,0,0,0
235,Anorthosis,/anorthosis-famagusta/startseite/verein/3899/saison_id/2014,"23,6",16,€12.00m,€400k,2014,Cyprus,10.230 Seats,Antonis Papadopoulos,30,Free transfer,Free transfer,0,0,0
236,AEL Limassol,/ael-limassol/startseite/verein/786/saison_id/2014,"25,5",24,€10.80m,€348k,2014,Cyprus,13.331 Seats,Tsirion Stadion,39,Free transfer,Free transfer,0,0,0
237,AEK Larnaca,/aek-larnaka/startseite/verein/2156/saison_id/2014,"24,8",17,€7.38m,€205k,2014,Cyprus,8.000 Seats,AEK Arena - Georgios Karapatakis,36,Free transfer,Free transfer,0,0,0
238,Ethnikos,/ethnikos-achnas/startseite/verein/4590/saison_id/2014,"25,0",20,€3.15m,€98k,2014,Cyprus,7.000 Seats,Stadio Ethnikos Achnas (Dasaki),36,Free transfer,Free transfer,0,0,0
239,APOEL Nicosia,/apoel-nikosia/startseite/verein/2784/saison_id/2015,"25,7",18,€19.63m,€503k,2015,Cyprus,22.859 Seats,GSP Stadium,39,€120k,Free transfer,0,€120k,€-120k
240,Omonia Nikosia,/omonia-nikosia/startseite/verein/829/saison_id/2015,"25,8",24,€16.35m,€430k,2015,Cyprus,22.859 Seats,GSP Stadium,38,€200k,Free transfer,0,€200k,€-200k
241,Apol. Limassol,/apollon-limassol/startseite/verein/429/saison_id/2015,"24,7",20,€16.28m,€452k,2015,Cyprus,13.331 Seats,Tsirion Stadion,36,€2.00m,€6.60m,€6.60m,€2.00m,+€4.60m
242,Anorthosis,/anorthosis-famagusta/startseite/verein/3899/saison_id/2015,"24,1",19,€13.33m,€444k,2015,Cyprus,10.230 Seats,Antonis Papadopoulos,30,€200k,€350k,€500k,€400k,+€100k
243,AEK Larnaca,/aek-larnaka/startseite/verein/2156/saison_id/2015,"25,5",19,€10.23m,€310k,2015,Cyprus,8.000 Seats,AEK Arena - Georgios Karapatakis,33,Free transfer,€120k,€120k,0,+€120k
244,AEL Limassol,/ael-limassol/startseite/verein/786/saison_id/2015,"24,5",21,€8.03m,€229k,2015,Cyprus,13.331 Seats,Tsirion Stadion,35,€45k,€75k,€75k,€45k,+€30k
245,Ethnikos,/ethnikos-achnas/startseite/verein/4590/saison_id/2015,"25,9",20,€3.98m,€137k,2015,Cyprus,7.000 Seats,Stadio Ethnikos Achnas (Dasaki),29,Free transfer,Free transfer,0,0,0
246,BATE Borisov,/bate-borisov/startseite/verein/713/saison_id/2010,"22,4",9,€13.98m,€358k,2010,Belarus,13.126 Seats,Borisov-Arena,40,€150k,€300k,€590k,€585k,+€5k
247,Dinamo Minsk,/dinamo-minsk/startseite/verein/1180/saison_id/2010,"21,9",11,€11.30m,€231k,2010,Belarus,22.246 Seats,Dinamo,49,€95k,€390k,€1.12m,€215k,+€900k
248,Belshina,/belshina-bobruisk/startseite/verein/3886/saison_id/2010,"25,4",12,€7.20m,€180k,2010,Belarus,3.709 Seats,Spartak,40,€25k,€20k,€20k,€25k,€-5k
249,FK Minsk,/fk-minsk/startseite/verein/23664/saison_id/2010,"24,9",5,€6.33m,€181k,2010,Belarus,3.000 Seats,Stadion FK Minsk,35,Free transfer,Free transfer,0,0,0
250,Naftan,/naftan-novopolotsk/startseite/verein/8563/saison_id/2010,"24,7",5,€5.33m,€157k,2010,Belarus,4.522 Seats,Atlant,34,€75k,€100k,€190k,€100k,+€90k
251,Neman Grodno,/neman-grodno/startseite/verein/14178/saison_id/2010,"24,7",8,€5.15m,€147k,2010,Belarus,8.479 Seats,"Tsentralny Sportivny Komplex ""Neman""",35,€50k,Free transfer,0,€50k,€-50k
252,Soligorsk,/shakhtjor-soligorsk/startseite/verein/10695/saison_id/2010,"25,4",4,€5.10m,€176k,2010,Belarus,4.200 Seats,Stroitel,29,€100k,€50k,€50k,€100k,€-50k
253,Torpedo Zhodino,/torpedo-zhodino/startseite/verein/7964/saison_id/2010,"24,6",9,€5.03m,€136k,2010,Belarus,6.524 Seats,Torpedo,37,Free transfer,Free transfer,0,0,0
254,BATE Borisov,/bate-borisov/startseite/verein/713/saison_id/2011,"23,4",6,€21.98m,€523k,2011,Belarus,13.126 Seats,Borisov-Arena,44,€500k,€2.80m,€4.30m,€1.07m,+€3.24m
255,FK Minsk,/fk-minsk/startseite/verein/23664/saison_id/2011,"24,7",12,€12.33m,€257k,2011,Belarus,3.000 Seats,Stadion FK Minsk,51,Free transfer,Free transfer,0,0,0
256,Dinamo Minsk,/dinamo-minsk/startseite/verein/1180/saison_id/2011,"22,5",12,€11.95m,€266k,2011,Belarus,22.246 Seats,Dinamo,45,€380k,€300k,€300k,€715k,€-415k
257,Soligorsk,/shakhtjor-soligorsk/startseite/verein/10695/saison_id/2011,"26,3",8,€9.70m,€323k,2011,Belarus,4.200 Seats,Stroitel,32,€40k,€450k,€450k,€80k,+€370k
258,Belshina,/belshina-bobruisk/startseite/verein/3886/saison_id/2011,"25,7",13,€8.33m,€238k,2011,Belarus,3.709 Seats,Spartak,42,Free transfer,€120k,€120k,0,+€120k
259,Neman Grodno,/neman-grodno/startseite/verein/14178/saison_id/2011,"25,4",7,€7.83m,€237k,2011,Belarus,8.479 Seats,"Tsentralny Sportivny Komplex ""Neman""",35,Free transfer,Free transfer,0,0,0
260,Naftan,/naftan-novopolotsk/startseite/verein/8563/saison_id/2011,"24,7",5,€6.40m,€221k,2011,Belarus,4.522 Seats,Atlant,32,Free transfer,€75k,€75k,0,+€75k
261,Torpedo Zhodino,/torpedo-zhodino/startseite/verein/7964/saison_id/2011,"23,9",1,€5.88m,€190k,2011,Belarus,6.524 Seats,Torpedo,40,€10k,Free transfer,0,€10k,€-10k
262,BATE Borisov,/bate-borisov/startseite/verein/713/saison_id/2012,"24,6",3,€23.65m,€657k,2012,Belarus,13.126 Seats,Borisov-Arena,41,€300k,€3.50m,€4.67m,€375k,+€4.30m
263,Dinamo Minsk,/dinamo-minsk/startseite/verein/1180/saison_id/2012,"23,5",15,€18.63m,€405k,2012,Belarus,22.246 Seats,Dinamo,49,€190k,€1.20m,€1.20m,€435k,+€765k
264,Belshina,/belshina-bobruisk/startseite/verein/3886/saison_id/2012,"26,0",21,€10.35m,€220k,2012,Belarus,3.709 Seats,Spartak,53,€36k,Free transfer,0,€36k,€-36k
265,Torpedo Zhodino,/torpedo-zhodino/startseite/verein/7964/saison_id/2012,"25,9",10,€9.50m,€216k,2012,Belarus,6.524 Seats,Torpedo,48,Free transfer,€65k,€65k,0,+€65k
266,Naftan,/naftan-novopolotsk/startseite/verein/8563/saison_id/2012,"25,9",15,€8.20m,€191k,2012,Belarus,4.522 Seats,Atlant,49,Free transfer,Free transfer,0,0,0
267,Soligorsk,/shakhtjor-soligorsk/startseite/verein/10695/saison_id/2012,"27,6",7,€8.10m,€312k,2012,Belarus,4.200 Seats,Stroitel,33,Free transfer,Free transfer,0,0,0
268,FK Minsk,/fk-minsk/startseite/verein/23664/saison_id/2012,"24,0",6,€7.90m,€226k,2012,Belarus,3.000 Seats,Stadion FK Minsk,41,Free transfer,Free transfer,0,0,0
269,Neman Grodno,/neman-grodno/startseite/verein/14178/saison_id/2012,"24,9",11,€6.93m,€223k,2012,Belarus,8.479 Seats,"Tsentralny Sportivny Komplex ""Neman""",36,Free transfer,Free transfer,0,0,0
270,BATE Borisov,/bate-borisov/startseite/verein/713/saison_id/2013,"25,2",4,€23.70m,€741k,2013,Belarus,13.126 Seats,Borisov-Arena,38,€80k,€435k,€1.02m,€191k,+€829k
271,Dinamo Minsk,/dinamo-minsk/startseite/verein/1180/saison_id/2013,"24,6",12,€13.25m,€390k,2013,Belarus,22.246 Seats,Dinamo,38,€350k,€7k,€7k,€350k,€-343k
272,Soligorsk,/shakhtjor-soligorsk/startseite/verein/10695/saison_id/2013,"27,2",9,€9.05m,€292k,2013,Belarus,4.200 Seats,Stroitel,37,Free transfer,Free transfer,0,0,0
273,Neman Grodno,/neman-grodno/startseite/verein/14178/saison_id/2013,"25,6",7,€7.80m,€269k,2013,Belarus,8.479 Seats,"Tsentralny Sportivny Komplex ""Neman""",37,Free transfer,Free transfer,0,0,0
274,Belshina,/belshina-bobruisk/startseite/verein/3886/saison_id/2013,"25,2",11,€7.25m,€227k,2013,Belarus,3.709 Seats,Spartak,45,Free transfer,€36k,€36k,0,+€36k
275,FK Minsk,/fk-minsk/startseite/verein/23664/saison_id/2013,"23,7",7,€6.85m,€201k,2013,Belarus,3.000 Seats,Stadion FK Minsk,43,Free transfer,Free transfer,0,0,0
276,Torpedo Zhodino,/torpedo-zhodino/startseite/verein/7964/saison_id/2013,"27,2",9,€5.95m,€198k,2013,Belarus,6.524 Seats,Torpedo,34,Free transfer,Free transfer,0,0,0
277,Naftan,/naftan-novopolotsk/startseite/verein/8563/saison_id/2013,"26,0",6,€2.93m,€146k,2013,Belarus,4.522 Seats,Atlant,35,Free transfer,€20k,€20k,0,+€20k
278,BATE Borisov,/bate-borisov/startseite/verein/713/saison_id/2014,"24,7",7,€22.63m,€665k,2014,Belarus,13.126 Seats,Borisov-Arena,39,€35k,€1.00m,€1.00m,€35k,+€965k
279,Dinamo Minsk,/dinamo-minsk/startseite/verein/1180/saison_id/2014,"24,5",14,€16.50m,€485k,2014,Belarus,22.246 Seats,Dinamo,41,€200k,Free transfer,0,€200k,€-200k
280,Soligorsk,/shakhtjor-soligorsk/startseite/verein/10695/saison_id/2014,"27,3",12,€10.60m,€312k,2014,Belarus,4.200 Seats,Stroitel,36,Free transfer,€250k,€250k,0,+€250k
281,Neman Grodno,/neman-grodno/startseite/verein/14178/saison_id/2014,"24,9",7,€6.88m,€181k,2014,Belarus,8.479 Seats,"Tsentralny Sportivny Komplex ""Neman""",41,Free transfer,€60k,€66k,0,+€66k
282,Torpedo Zhodino,/torpedo-zhodino/startseite/verein/7964/saison_id/2014,"27,6",5,€5.55m,€231k,2014,Belarus,6.524 Seats,Torpedo,30,Free transfer,Free transfer,0,0,0
283,FK Minsk,/fk-minsk/startseite/verein/23664/saison_id/2014,"22,0",3,€4.80m,€155k,2014,Belarus,3.000 Seats,Stadion FK Minsk,35,Free transfer,Free transfer,0,0,0
284,Belshina,/belshina-bobruisk/startseite/verein/3886/saison_id/2014,"24,7",10,€4.75m,€140k,2014,Belarus,3.709 Seats,Spartak,36,Free transfer,Free transfer,0,0,0
285,Naftan,/naftan-novopolotsk/startseite/verein/8563/saison_id/2014,"25,9",8,€4.03m,€144k,2014,Belarus,4.522 Seats,Atlant,33,Free transfer,Free transfer,0,0,0
286,BATE Borisov,/bate-borisov/startseite/verein/713/saison_id/2015,"23,2",7,€20.03m,€435k,2015,Belarus,13.126 Seats,Borisov-Arena,50,€1.00m,€1.50m,€1.95m,€1.25m,+€700k
287,Dinamo Minsk,/dinamo-minsk/startseite/verein/1180/saison_id/2015,"25,0",12,€14.45m,€352k,2015,Belarus,22.246 Seats,Dinamo,49,€59k,€700k,€1.25m,€109k,+€1.14m
288,Soligorsk,/shakhtjor-soligorsk/startseite/verein/10695/saison_id/2015,"27,1",7,€9.10m,€276k,2015,Belarus,4.200 Seats,Stroitel,37,€19k,Free transfer,0,€19k,€-19k
289,Torpedo Zhodino,/torpedo-zhodino/startseite/verein/7964/saison_id/2015,"26,6",10,€8.88m,€222k,2015,Belarus,6.524 Seats,Torpedo,48,Free transfer,Free transfer,0,0,0
290,Belshina,/belshina-bobruisk/startseite/verein/3886/saison_id/2015,"25,7",13,€7.45m,€186k,2015,Belarus,3.709 Seats,Spartak,52,€215k,Free transfer,0,€215k,€-215k
291,FK Minsk,/fk-minsk/startseite/verein/23664/saison_id/2015,"21,7",7,€5.40m,€154k,2015,Belarus,3.000 Seats,Stadion FK Minsk,40,Free transfer,€50k,€50k,0,+€50k
292,Naftan,/naftan-novopolotsk/startseite/verein/8563/saison_id/2015,"25,1",6,€4.25m,€129k,2015,Belarus,4.522 Seats,Atlant,38,Free transfer,€19k,€19k,0,+€19k
293,Neman Grodno,/neman-grodno/startseite/verein/14178/saison_id/2015,"25,4",3,€3.98m,€133k,2015,Belarus,8.479 Seats,"Tsentralny Sportivny Komplex ""Neman""",39,Free transfer,Free transfer,0,0,0
