Home|Away|HomeId|AwayId|Result|Year|MatchSheet|FirstGame
Maccabi Haifa|RB Salzburg|1064|409|3:0|2009|/spielbericht/index/spielbericht/970534|
RSC Anderlecht|Olympique Lyon|58|1041|1:3|2009|/spielbericht/index/spielbericht/970535|
FC Zürich|Ventspils|260|2782|2:1|2009|/spielbericht/index/spielbericht/970536|
Atlético Madrid|Panathinaikos|13|265|2:0|2009|/spielbericht/index/spielbericht/965990|
Debrecen|Levski Sofia|84|156|2:0|2009|/spielbericht/index/spielbericht/966085|
APOEL Nicosia|FC Copenhagen|2784|190|3:1|2009|/spielbericht/index/spielbericht/970537|
Arsenal|Celtic|11|371|3:1|2009|/spielbericht/index/spielbericht/970538|
Olympiacos|Sheriff|683|2481|1:0|2009|/spielbericht/index/spielbericht/966558|
VfB Stuttgart|FC Timisoara|79|7074|0:0|2009|/spielbericht/index/spielbericht/970539|
Fiorentina|Sporting CP|430|336|1:1|2009|/spielbericht/index/spielbericht/970540|
FC Copenhagen|APOEL Nicosia|190|2784|1:0|2009|/spielbericht/index/spielbericht/966752|
Celtic|Arsenal|371|11|0:2|2009|/spielbericht/index/spielbericht/966753|
FC Timisoara|VfB Stuttgart|7074|79|0:2|2009|/spielbericht/index/spielbericht/966754|
Sporting CP|Fiorentina|336|430|2:2|2009|/spielbericht/index/spielbericht/966755|
Sheriff|Olympiacos|2481|683|0:2|2009|/spielbericht/index/spielbericht/970503|
Levski Sofia|Debrecen|156|84|1:2|2009|/spielbericht/index/spielbericht/970505|
Olympique Lyon|RSC Anderlecht|1041|58|5:1|2009|/spielbericht/index/spielbericht/966756|
RB Salzburg|Maccabi Haifa|409|1064|1:2|2009|/spielbericht/index/spielbericht/966757|
Ventspils|FC Zürich|2782|260|0:3|2009|/spielbericht/index/spielbericht/966758|
Panathinaikos|Atlético Madrid|265|13|2:3|2009|/spielbericht/index/spielbericht/970504|
Maccabi Haifa|Aktobe|1064|10157|4:3|2009|/spielbericht/index/spielbericht/964717|
Sivasspor|RSC Anderlecht|2381|58|3:1|2009|/spielbericht/index/spielbericht/964716|
Dinamo Zagreb|RB Salzburg|419|409|1:2|2009|/spielbericht/index/spielbericht/963938|
Panathinaikos|Sparta Praha|265|197|3:0|2009|/spielbericht/index/spielbericht/964773|
FC Twente|Sporting CP|317|336|1:1|2009|/spielbericht/index/spielbericht/963932|
Dinamo Moscow|Celtic|121|371|0:2|2009|/spielbericht/index/spielbericht/964234|
BATE Borisov|Ventspils|713|2782|2:1|2009|/spielbericht/index/spielbericht/964719|
FC Timisoara|Shakhtar D.|7074|660|0:0|2009|/spielbericht/index/spielbericht/963231|
Levski Sofia|FC Baku|156|10693|2:0|2009|/spielbericht/index/spielbericht/964721|
Debrecen|Levadia|84|5771|1:0|2009|/spielbericht/index/spielbericht/963422|
Slavia Prague|Sheriff|62|2481|1:1|2009|/spielbericht/index/spielbericht/964746|
NK Maribor|FC Zürich|790|260|0:3|2009|/spielbericht/index/spielbericht/964720|
Stabæk Fotball|FC Copenhagen|1274|190|0:0|2009|/spielbericht/index/spielbericht/963887|
Partizan|APOEL Nicosia|669|2784|1:0|2009|/spielbericht/index/spielbericht/958347|
Olympiacos|Slo. Bratislava|683|540|2:0|2009|/spielbericht/index/spielbericht/964718|
FC Baku|Levski Sofia|10693|156|0:0|2009|/spielbericht/index/spielbericht/963386|
Aktobe|Maccabi Haifa|10157|1064|0:0|2009|/spielbericht/index/spielbericht/963385|
Sparta Praha|Panathinaikos|197|265|3:1|2009|/spielbericht/index/spielbericht/964772|
RSC Anderlecht|Sivasspor|58|2381|5:0|2009|/spielbericht/index/spielbericht/963421|
Ventspils|BATE Borisov|2782|713|1:0|2009|/spielbericht/index/spielbericht/963387|
Levadia|Debrecen|5771|84|0:1|2009|/spielbericht/index/spielbericht/960401|
Sheriff|Slavia Prague|2481|62|0:0|2009|/spielbericht/index/spielbericht/964759|
APOEL Nicosia|Partizan|2784|669|2:0|2009|/spielbericht/index/spielbericht/958346|
Shakhtar D.|FC Timisoara|660|7074|2:2|2009|/spielbericht/index/spielbericht/963230|
Slo. Bratislava|Olympiacos|540|683|0:2|2009|/spielbericht/index/spielbericht/963903|
FC Zürich|NK Maribor|260|790|2:3|2009|/spielbericht/index/spielbericht/963433|
FC Copenhagen|Stabæk Fotball|190|1274|3:1|2009|/spielbericht/index/spielbericht/963886|
RB Salzburg|Dinamo Zagreb|409|419|1:1|2009|/spielbericht/index/spielbericht/960984|
Celtic|Dinamo Moscow|371|121|0:1|2009|/spielbericht/index/spielbericht/964233|
Sporting CP|FC Twente|336|317|0:0|2009|/spielbericht/index/spielbericht/963922|
FC Baku|Ekranas|10693|3850|4:2|2009|/spielbericht/index/spielbericht/958034|
BATE Borisov|Makedonija|713|8397|2:0|2009|/spielbericht/index/spielbericht/958033|
Sant Julia|Levski Sofia|11910|156|0:5|2009|/spielbericht/index/spielbericht/958036|
Sheriff|FC Inter|2481|8042|1:0|2009|/spielbericht/index/spielbericht/954659|
APOEL Nicosia|EB/Streymur|2784|10752|3:0|2009|/spielbericht/index/spielbericht/958035|
Slo. Bratislava|Zrinjski Mostar|540|6808|4:0|2009|/spielbericht/index/spielbericht/957211|
Dinamo Zagreb|Pyunik Erevan|419|10301|3:0|2009|/spielbericht/index/spielbericht/957210|
Stabæk Fotball|KF Tirana|1274|2049|4:0|2009|/spielbericht/index/spielbericht/958037|
Partizan|Rhyl FC|669|6316|8:0|2009|/spielbericht/index/spielbericht/956590|
F91 Dudelange|Ventspils|853|2782|1:3|2009|/spielbericht/index/spielbericht/958038|
Aktobe|Hafnarfjördur|10157|1185|2:0|2009|/spielbericht/index/spielbericht/958042|
Levadia|Wisla Kraków|5771|422|1:0|2009|/spielbericht/index/spielbericht/955979|
Kalmar FF|Debrecen|3654|84|3:1|2009|/spielbericht/index/spielbericht/956663|
Glentoran|Maccabi Haifa|9026|1064|0:4|2009|/spielbericht/index/spielbericht/958040|
Bohemians|RB Salzburg|9211|409|0:1|2009|/spielbericht/index/spielbericht/958041|
Mogren Budva|FC Copenhagen|748|190|0:6|2009|/spielbericht/index/spielbericht/956407|
NK Maribor|WIT Georgia|790|751|3:1|2009|/spielbericht/index/spielbericht/958039|
Makedonija|BATE Borisov|8397|713|0:2|2009|/spielbericht/index/spielbericht/955417|
Pyunik Erevan|Dinamo Zagreb|10301|419|0:0|2009|/spielbericht/index/spielbericht/956032|
EB/Streymur|APOEL Nicosia|10752|2784|0:2|2009|/spielbericht/index/spielbericht/956588|
Ekranas|FC Baku|3850|10693|2:2|2009|/spielbericht/index/spielbericht/956584|
Rhyl FC|Partizan|6316|669|0:4|2009|/spielbericht/index/spielbericht/955024|
Ventspils|F91 Dudelange|2782|853|3:0|2009|/spielbericht/index/spielbericht/956591|
FC Inter|Sheriff|8042|2481|0:1|2009|/spielbericht/index/spielbericht/954658|
WIT Georgia|NK Maribor|751|790|0:0|2009|/spielbericht/index/spielbericht/956586|
Levski Sofia|Sant Julia|156|11910|4:0|2009|/spielbericht/index/spielbericht/956587|
Maccabi Haifa|Glentoran|1064|9026|6:0|2009|/spielbericht/index/spielbericht/956585|
Debrecen|Kalmar FF|84|3654|2:0|2009|/spielbericht/index/spielbericht/956592|
KF Tirana|Stabæk Fotball|2049|1274|1:1|2009|/spielbericht/index/spielbericht/956593|
FC Copenhagen|Mogren Budva|190|748|6:0|2009|/spielbericht/index/spielbericht/956406|
RB Salzburg|Bohemians|409|9211|1:1|2009|/spielbericht/index/spielbericht/956594|
Wisla Kraków|Levadia|422|5771|1:1|2009|/spielbericht/index/spielbericht/955978|
Zrinjski Mostar|Slo. Bratislava|6808|540|1:0|2009|/spielbericht/index/spielbericht/956033|
Hafnarfjördur|Aktobe|1185|10157|0:4|2009|/spielbericht/index/spielbericht/955416|
Sant Julia|Tre Fiori|11910|10617|5:4 on pens|2009|/spielbericht/index/spielbericht/955414|1:1
Mogren Budva|Hibernians FC|748|10604|4:0|2009|/spielbericht/index/spielbericht/955415|
Hibernians FC|Mogren Budva|10604|748|0:2|2009|/spielbericht/index/spielbericht/955412|
Tre Fiori|Sant Julia|10617|11910|1:1|2009|/spielbericht/index/spielbericht/955413|
Sheriff|FC Basel|2481|26|0:3|2010|/spielbericht/index/spielbericht/1042729|
RSC Anderlecht|Partizan|58|669|4:5 on pens|2010|/spielbericht/index/spielbericht/1042731|2:2
Sevilla FC|Braga|368|1075|3:4|2010|/spielbericht/index/spielbericht/1042733|
Sampdoria|Werder Bremen|1038|86|3:2 AET|2010|/spielbericht/index/spielbericht/1042734|
Hapoel Tel Aviv|RB Salzburg|1017|409|1:1|2010|/spielbericht/index/spielbericht/1042727|
MSK Zilina|Sparta Praha|1443|197|1:0|2010|/spielbericht/index/spielbericht/1042730|
Spurs|BSC Young Boys|148|452|4:0|2010|/spielbericht/index/spielbericht/1042732|
AJ Auxerre|Zenit S-Pb|290|964|2:0|2010|/spielbericht/index/spielbericht/1042735|
Ajax|Dynamo Kyiv|610|338|2:1|2010|/spielbericht/index/spielbericht/1042736|
FC Copenhagen|Rosenborg BK|190|195|1:0|2010|/spielbericht/index/spielbericht/1042728|
Zenit S-Pb|AJ Auxerre|964|290|1:0|2010|/spielbericht/index/spielbericht/1042725|
Rosenborg BK|FC Copenhagen|195|190|2:1|2010|/spielbericht/index/spielbericht/1042718|
Sparta Praha|MSK Zilina|197|1443|0:2|2010|/spielbericht/index/spielbericht/1042720|
BSC Young Boys|Spurs|452|148|3:2|2010|/spielbericht/index/spielbericht/1042722|
Dynamo Kyiv|Ajax|338|610|1:1|2010|/spielbericht/index/spielbericht/1042726|
RB Salzburg|Hapoel Tel Aviv|409|1017|2:3|2010|/spielbericht/index/spielbericht/1042717|
FC Basel|Sheriff|26|2481|1:0|2010|/spielbericht/index/spielbericht/1042719|
Partizan|RSC Anderlecht|669|58|2:2|2010|/spielbericht/index/spielbericht/1042721|
Braga|Sevilla FC|1075|368|1:0|2010|/spielbericht/index/spielbericht/1042723|
Werder Bremen|Sampdoria|86|1038|3:1|2010|/spielbericht/index/spielbericht/1042724|
Hapoel Tel Aviv|Aktobe|1017|10157|3:1|2010|/spielbericht/index/spielbericht/1039031|
RSC Anderlecht|The New Saints|58|10734|3:0|2010|/spielbericht/index/spielbericht/1039032|
RB Salzburg|Omonia Nikosia|409|829|4:1|2010|/spielbericht/index/spielbericht/1039033|
Zenit S-Pb|Unirea Urziceni|964|10442|1:0|2010|/spielbericht/index/spielbericht/1032681|
FC Copenhagen|BATE Borisov|190|713|3:2|2010|/spielbericht/index/spielbericht/1039034|
MSK Zilina|Litex Lovetch|1443|271|3:1|2010|/spielbericht/index/spielbericht/1039035|
FC Basel|Debrecen|26|84|3:1|2010|/spielbericht/index/spielbericht/1038570|
HJK Helsinki|Partizan|1008|669|1:2|2010|/spielbericht/index/spielbericht/1038543|
Dinamo Zagreb|Sheriff|419|2481|5:6 on pens|2010|/spielbericht/index/spielbericht/1039036|1:1
Lech Poznan|Sparta Praha|238|197|0:1|2010|/spielbericht/index/spielbericht/1038842|
Fenerbahce|BSC Young Boys|36|452|0:1|2010|/spielbericht/index/spielbericht/1032679|
KAA Gent|Dynamo Kyiv|157|338|1:3|2010|/spielbericht/index/spielbericht/1032678|
PAOK Salonika|Ajax|1091|610|3:3|2010|/spielbericht/index/spielbericht/1032677|
Celtic|Braga|371|1075|2:1|2010|/spielbericht/index/spielbericht/1032680|
Rosenborg BK|AIK|195|272|3:0|2010|/spielbericht/index/spielbericht/1039037|
Omonia Nikosia|RB Salzburg|829|409|1:1|2010|/spielbericht/index/spielbericht/1039025|
Litex Lovetch|MSK Zilina|271|1443|1:1|2010|/spielbericht/index/spielbericht/1039026|
Dynamo Kyiv|KAA Gent|338|157|3:0|2010|/spielbericht/index/spielbericht/1032673|
Unirea Urziceni|Zenit S-Pb|10442|964|0:0|2010|/spielbericht/index/spielbericht/1032676|
Sparta Praha|Lech Poznan|197|238|1:0|2010|/spielbericht/index/spielbericht/1038841|
The New Saints|RSC Anderlecht|10734|58|1:3|2010|/spielbericht/index/spielbericht/1039027|
Aktobe|Hapoel Tel Aviv|10157|1017|1:0|2010|/spielbericht/index/spielbericht/1039028|
BATE Borisov|FC Copenhagen|713|190|0:0|2010|/spielbericht/index/spielbericht/1039029|
Sheriff|Dinamo Zagreb|2481|419|1:1|2010|/spielbericht/index/spielbericht/1038843|
Debrecen|FC Basel|84|26|0:2|2010|/spielbericht/index/spielbericht/1038569|
BSC Young Boys|Fenerbahce|452|36|2:2|2010|/spielbericht/index/spielbericht/1032674|
Partizan|HJK Helsinki|669|1008|3:0|2010|/spielbericht/index/spielbericht/1038542|
Ajax|PAOK Salonika|610|1091|1:1|2010|/spielbericht/index/spielbericht/1032672|
AIK|Rosenborg BK|272|195|0:1|2010|/spielbericht/index/spielbericht/1039030|
Braga|Celtic|1075|371|3:0|2010|/spielbericht/index/spielbericht/1032675|
Renova|Omonia Nikosia|10791|829|0:2|2010|/spielbericht/index/spielbericht/1035816|
Dinamo Tirana|Sheriff|588|2481|1:0|2010|/spielbericht/index/spielbericht/1035817|
HB Tórshavn|RB Salzburg|4313|409|1:0|2010|/spielbericht/index/spielbericht/1032407|
The New Saints|Bohemians|10734|9211|4:0|2010|/spielbericht/index/spielbericht/1035818|
FC Koper|Dinamo Zagreb|433|419|3:0|2010|/spielbericht/index/spielbericht/1031384|
Rudar Pljevlja|Litex Lovetch|5972|271|0:4|2010|/spielbericht/index/spielbericht/1035820|
Metalurgi R.|Aktobe|5155|10157|1:1|2010|/spielbericht/index/spielbericht/1035821|
Pyunik Erevan|Partizan|10301|669|0:1|2010|/spielbericht/index/spielbericht/1029361|
Jeunesse Esch|AIK|1257|272|0:0|2010|/spielbericht/index/spielbericht/1035822|
HJK Helsinki|Ekranas|1008|3850|2:0 AET|2010|/spielbericht/index/spielbericht/1030949|
MSK Zilina|Birkirkara FC|1443|10262|3:0|2010|/spielbericht/index/spielbericht/1035824|
Lech Poznan|Inter Baku|238|8956|9:8 on pens|2010|/spielbericht/index/spielbericht/1026459|1:0
Debrecen|Levadia|84|5771|3:2|2010|/spielbericht/index/spielbericht/1031322|
Sparta Praha|Metalurgs|197|3811|2:0|2010|/spielbericht/index/spielbericht/1035825|
Zeljeznicar|Hapoel Tel Aviv|2573|1017|0:1|2010|/spielbericht/index/spielbericht/1035826|
Rosenborg BK|Linfield|195|3471|2:0|2010|/spielbericht/index/spielbericht/1035827|
Hafnarfjördur|BATE Borisov|1185|713|0:1|2010|/spielbericht/index/spielbericht/1035828|
Inter Baku|Lech Poznan|8956|238|0:1|2010|/spielbericht/index/spielbericht/1026458|
Birkirkara FC|MSK Zilina|10262|1443|1:0|2010|/spielbericht/index/spielbericht/1032129|
Levadia|Debrecen|5771|84|1:1|2010|/spielbericht/index/spielbericht/1031321|
RB Salzburg|HB Tórshavn|409|4313|5:0|2010|/spielbericht/index/spielbericht/1031875|
Metalurgs|Sparta Praha|3811|197|0:3|2010|/spielbericht/index/spielbericht/1032056|
Litex Lovetch|Rudar Pljevlja|271|5972|1:0|2010|/spielbericht/index/spielbericht/1032130|
AIK|Jeunesse Esch|272|1257|1:0|2010|/spielbericht/index/spielbericht/1032131|
Omonia Nikosia|Renova|829|10791|3:0|2010|/spielbericht/index/spielbericht/1032136|
Hapoel Tel Aviv|Zeljeznicar|1017|2573|5:0|2010|/spielbericht/index/spielbericht/1032057|
Dinamo Zagreb|FC Koper|419|433|5:1|2010|/spielbericht/index/spielbericht/1031383|
Bohemians|The New Saints|9211|10734|1:0|2010|/spielbericht/index/spielbericht/1032137|
Aktobe|Metalurgi R.|10157|5155|2:0|2010|/spielbericht/index/spielbericht/1032132|
BATE Borisov|Hafnarfjördur|713|1185|5:1|2010|/spielbericht/index/spielbericht/1032133|
Ekranas|HJK Helsinki|3850|1008|1:0|2010|/spielbericht/index/spielbericht/1030948|
Sheriff|Dinamo Tirana|2481|588|3:1|2010|/spielbericht/index/spielbericht/1032134|
Partizan|Pyunik Erevan|669|10301|3:1|2010|/spielbericht/index/spielbericht/1029360|
Linfield|Rosenborg BK|3471|195|0:0|2010|/spielbericht/index/spielbericht/1032135|
Birkirkara FC|FC Santa Coloma|10262|10854|4:3|2010|/spielbericht/index/spielbericht/1030400|
Rudar Pljevlja|Tre Fiori|5972|10617|4:1|2010|/spielbericht/index/spielbericht/1030401|
FC Santa Coloma|Birkirkara FC|10854|10262|0:3|2010|/spielbericht/index/spielbericht/1029362|
Tre Fiori|Rudar Pljevlja|10617|5972|0:3|2010|/spielbericht/index/spielbericht/1028984|
KRC Genk|Maccabi Haifa|1184|1064|6:2 on pens|2011|/spielbericht/index/spielbericht/1135762|1:2
Malmö FF|Dinamo Zagreb|496|419|2:0|2011|/spielbericht/index/spielbericht/1135764|
Villarreal|Odense BK|1050|173|3:0|2011|/spielbericht/index/spielbericht/1135766|
FC Zürich|Bayern Munich|260|27|0:1|2011|/spielbericht/index/spielbericht/1135768|
APOEL Nicosia|Wisla Kraków|2784|422|3:1|2011|/spielbericht/index/spielbericht/1135760|
Rubin Kazan|Olympique Lyon|2698|1041|1:1|2011|/spielbericht/index/spielbericht/1135758|
Viktoria Plzen|FC Copenhagen|941|190|2:1|2011|/spielbericht/index/spielbericht/1135750|
Sturm Graz|BATE Borisov|122|713|0:2|2011|/spielbericht/index/spielbericht/1135752|
Benfica|FC Twente|294|317|3:1|2011|/spielbericht/index/spielbericht/1135754|
Udinese Calcio|Arsenal|410|11|1:2|2011|/spielbericht/index/spielbericht/1135756|
FC Copenhagen|Viktoria Plzen|190|941|1:3|2011|/spielbericht/index/spielbericht/1135749|
BATE Borisov|Sturm Graz|713|122|1:1|2011|/spielbericht/index/spielbericht/1135751|
FC Twente|Benfica|317|294|2:2|2011|/spielbericht/index/spielbericht/1135753|
Arsenal|Udinese Calcio|11|410|1:0|2011|/spielbericht/index/spielbericht/1135755|
Olympique Lyon|Rubin Kazan|1041|2698|3:1|2011|/spielbericht/index/spielbericht/1135757|
Maccabi Haifa|KRC Genk|1064|1184|2:1|2011|/spielbericht/index/spielbericht/1135761|
Dinamo Zagreb|Malmö FF|419|496|4:1|2011|/spielbericht/index/spielbericht/1135763|
Odense BK|Villarreal|173|1050|1:0|2011|/spielbericht/index/spielbericht/1135765|
Bayern Munich|FC Zürich|27|260|2:0|2011|/spielbericht/index/spielbericht/1135767|
Wisla Kraków|APOEL Nicosia|422|2784|1:0|2011|/spielbericht/index/spielbericht/1135759|
BATE Borisov|Ekranas|713|3850|3:1|2011|/spielbericht/index/spielbericht/1129010|
Panathinaikos|Odense BK|265|173|3:4|2011|/spielbericht/index/spielbericht/1129012|
Shamrock Rovers|FC Copenhagen|3258|190|0:2|2011|/spielbericht/index/spielbericht/1129007|
Rubin Kazan|Dynamo Kyiv|2698|338|2:1|2011|/spielbericht/index/spielbericht/1127809|
Malmö FF|Rangers|496|124|1:1|2011|/spielbericht/index/spielbericht/1129011|
FC Vaslui|FC Twente|8174|317|0:0|2011|/spielbericht/index/spielbericht/1129003|
FC Zürich|Standard Liège|260|3057|1:0|2011|/spielbericht/index/spielbericht/1129013|
Slo. Bratislava|APOEL Nicosia|540|2784|0:2|2011|/spielbericht/index/spielbericht/1129006|
Viktoria Plzen|Rosenborg BK|941|195|3:2|2011|/spielbericht/index/spielbericht/1129008|
Wisla Kraków|Litex Lovetch|422|271|3:1|2011|/spielbericht/index/spielbericht/1128883|
Sturm Graz|FC Zestafoni|122|10719|1:0|2011|/spielbericht/index/spielbericht/1129009|
Trabzonspor|Benfica|449|294|1:1|2011|/spielbericht/index/spielbericht/1129014|
Partizan|KRC Genk|669|1184|1:1|2011|/spielbericht/index/spielbericht/1128683|
NK Maribor|Maccabi Haifa|790|1064|1:1|2011|/spielbericht/index/spielbericht/1129004|
Dinamo Zagreb|HJK Helsinki|419|1008|1:0|2011|/spielbericht/index/spielbericht/1129005|
FC Zestafoni|Sturm Graz|10719|122|1:1|2011|/spielbericht/index/spielbericht/1128997|
Ekranas|BATE Borisov|3850|713|0:0|2011|/spielbericht/index/spielbericht/1128998|
APOEL Nicosia|Slo. Bratislava|2784|540|0:0|2011|/spielbericht/index/spielbericht/1128994|
Litex Lovetch|Wisla Kraków|271|422|1:2|2011|/spielbericht/index/spielbericht/1128882|
Dynamo Kyiv|Rubin Kazan|338|2698|0:2|2011|/spielbericht/index/spielbericht/1127808|
Rangers|Malmö FF|124|496|0:1|2011|/spielbericht/index/spielbericht/1128999|
KRC Genk|Partizan|1184|669|2:1|2011|/spielbericht/index/spielbericht/1128682|
FC Twente|FC Vaslui|317|8174|2:0|2011|/spielbericht/index/spielbericht/1128991|
HJK Helsinki|Dinamo Zagreb|1008|419|1:2|2011|/spielbericht/index/spielbericht/1128993|
FC Copenhagen|Shamrock Rovers|190|3258|1:0|2011|/spielbericht/index/spielbericht/1128995|
Odense BK|Panathinaikos|173|265|1:1|2011|/spielbericht/index/spielbericht/1129000|
Maccabi Haifa|NK Maribor|1064|790|2:1|2011|/spielbericht/index/spielbericht/1128992|
Standard Liège|FC Zürich|3057|260|1:1|2011|/spielbericht/index/spielbericht/1129001|
Rosenborg BK|Viktoria Plzen|195|941|0:1|2011|/spielbericht/index/spielbericht/1128996|
Benfica|Trabzonspor|294|449|2:0|2011|/spielbericht/index/spielbericht/1129002|
FC Flora|Shamrock Rovers|1002|3258|0:0|2011|/spielbericht/index/spielbericht/1125658|
HJK Helsinki|Bangor City|1008|3649|10:0|2011|/spielbericht/index/spielbericht/1120950|
BATE Borisov|Linfield|713|3471|2:0|2011|/spielbericht/index/spielbericht/1125022|
F91 Dudelange|NK Maribor|853|790|1:3|2011|/spielbericht/index/spielbericht/1125654|
Tobol Kostanay|Slo. Bratislava|10481|540|1:1|2011|/spielbericht/index/spielbericht/1125655|
Neftchi Baku|Dinamo Zagreb|8031|419|0:0|2011|/spielbericht/index/spielbericht/1125656|
Ekranas|Valletta|3850|6335|1:0|2011|/spielbericht/index/spielbericht/1125657|
Litex Lovetch|Mogren Budva|271|748|3:0|2011|/spielbericht/index/spielbericht/1125659|
HB Tórshavn|Malmö FF|4313|496|1:1|2011|/spielbericht/index/spielbericht/1125660|
Viktoria Plzen|Pyunik Erevan|941|10301|5:1|2011|/spielbericht/index/spielbericht/1125661|
Wisla Kraków|Skonto Riga|422|1043|2:0|2011|/spielbericht/index/spielbericht/1120991|
Shkendija|Partizan|1167|669|0:1|2011|/spielbericht/index/spielbericht/1125653|
APOEL Nicosia|KF Skënderbeu|2784|12469|4:0|2011|/spielbericht/index/spielbericht/1125662|
Dacia|FC Zestafoni|11907|10719|2:0|2011|/spielbericht/index/spielbericht/1125663|
Videoton FC|Sturm Graz|11107|122|3:2|2011|/spielbericht/index/spielbericht/1125664|
B. Banja Luka|Maccabi Haifa|3900|1064|3:2|2011|/spielbericht/index/spielbericht/1125665|
Breidablik|Rosenborg BK|3737|195|2:0|2011|/spielbericht/index/spielbericht/1125666|
Pyunik Erevan|Viktoria Plzen|10301|941|0:4|2011|/spielbericht/index/spielbericht/1120946|
Valletta|Ekranas|6335|3850|2:3|2011|/spielbericht/index/spielbericht/1125651|
NK Maribor|F91 Dudelange|790|853|2:0|2011|/spielbericht/index/spielbericht/1125127|
Mogren Budva|Litex Lovetch|748|271|1:2|2011|/spielbericht/index/spielbericht/1120941|
Slo. Bratislava|Tobol Kostanay|540|10481|2:0|2011|/spielbericht/index/spielbericht/1120943|
Shamrock Rovers|FC Flora|3258|1002|1:0|2011|/spielbericht/index/spielbericht/1120948|
FC Zestafoni|Dacia|10719|11907|3:0|2011|/spielbericht/index/spielbericht/1120945|
Maccabi Haifa|B. Banja Luka|1064|3900|5:1|2011|/spielbericht/index/spielbericht/1120940|
Malmö FF|HB Tórshavn|496|4313|2:0|2011|/spielbericht/index/spielbericht/1120947|
Bangor City|HJK Helsinki|3649|1008|0:3|2011|/spielbericht/index/spielbericht/1125652|
Linfield|BATE Borisov|3471|713|1:1|2011|/spielbericht/index/spielbericht/1120952|
Dinamo Zagreb|Neftchi Baku|419|8031|3:0|2011|/spielbericht/index/spielbericht/1120908|
KF Skënderbeu|APOEL Nicosia|12469|2784|0:2|2011|/spielbericht/index/spielbericht/1120942|
Skonto Riga|Wisla Kraków|1043|422|0:1|2011|/spielbericht/index/spielbericht/1120951|
Sturm Graz|Videoton FC|122|11107|2:0|2011|/spielbericht/index/spielbericht/1120944|
Partizan|Shkendija|669|1167|4:0|2011|/spielbericht/index/spielbericht/1120909|
Rosenborg BK|Breidablik|195|3737|5:0|2011|/spielbericht/index/spielbericht/1120949|
F91 Dudelange|FC Santa Coloma|853|10854|2:0|2011|/spielbericht/index/spielbericht/1120907|
Valletta|Tre Fiori|6335|10617|2:1|2011|/spielbericht/index/spielbericht/1120906|
FC Santa Coloma|F91 Dudelange|10854|853|0:2|2011|/spielbericht/index/spielbericht/1120905|
Tre Fiori|Valletta|10617|6335|0:3|2011|/spielbericht/index/spielbericht/1120904|
Panathinaikos|Málaga CF|265|1084|0:0|2012|/spielbericht/index/spielbericht/2254404|
Kiryat Shmona|BATE Borisov|6028|713|1:1|2012|/spielbericht/index/spielbericht/2254395|
RSC Anderlecht|AEL Limassol|58|786|2:0|2012|/spielbericht/index/spielbericht/2254396|
NK Maribor|Dinamo Zagreb|790|419|0:1|2012|/spielbericht/index/spielbericht/2254397|
Udinese Calcio|Braga|410|1075|5:6 on pens|2012|/spielbericht/index/spielbericht/2254400|1:1
Fenerbahce|Spartak Moscow|36|232|1:1|2012|/spielbericht/index/spielbericht/2254402|
Dynamo Kyiv|Bor. M'gladbach|338|18|1:2|2012|/spielbericht/index/spielbericht/2254406|
LOSC Lille|FC Copenhagen|1082|190|2:0 AET|2012|/spielbericht/index/spielbericht/2254407|
CFR Cluj|FC Basel|7769|26|1:0|2012|/spielbericht/index/spielbericht/2254393|
Celtic|Helsingborg|371|699|2:0|2012|/spielbericht/index/spielbericht/2254394|
Spartak Moscow|Fenerbahce|232|36|2:1|2012|/spielbericht/index/spielbericht/2254401|
FC Basel|CFR Cluj|26|7769|1:2|2012|/spielbericht/index/spielbericht/2254389|
Bor. M'gladbach|Dynamo Kyiv|18|338|1:3|2012|/spielbericht/index/spielbericht/2254405|
Helsingborg|Celtic|699|371|0:2|2012|/spielbericht/index/spielbericht/2254390|
FC Copenhagen|LOSC Lille|190|1082|1:0|2012|/spielbericht/index/spielbericht/2254408|
Málaga CF|Panathinaikos|1084|265|2:0|2012|/spielbericht/index/spielbericht/2254403|
BATE Borisov|Kiryat Shmona|713|6028|2:0|2012|/spielbericht/index/spielbericht/2254391|
AEL Limassol|RSC Anderlecht|786|58|2:1|2012|/spielbericht/index/spielbericht/2254392|
Dinamo Zagreb|NK Maribor|419|790|2:1|2012|/spielbericht/index/spielbericht/2254398|
Braga|Udinese Calcio|1075|410|1:1|2012|/spielbericht/index/spielbericht/2254399|
Feyenoord|Dynamo Kyiv|234|338|0:1|2012|/spielbericht/index/spielbericht/2246244|
Debrecen|BATE Borisov|84|713|0:2|2012|/spielbericht/index/spielbericht/2246519|
F91 Dudelange|NK Maribor|853|790|0:1|2012|/spielbericht/index/spielbericht/2246632|
Helsingborg|Slask Wroclaw|699|759|3:1|2012|/spielbericht/index/spielbericht/2246633|
Neftchi Baku|Kiryat Shmona|8031|6028|2:2|2012|/spielbericht/index/spielbericht/2246637|
Slovan Liberec|CFR Cluj|697|7769|1:2|2012|/spielbericht/index/spielbericht/2246508|
Ekranas|RSC Anderlecht|3850|58|0:6|2012|/spielbericht/index/spielbericht/2246635|
HJK Helsinki|Celtic|1008|371|0:2|2012|/spielbericht/index/spielbericht/2246636|
FC Basel|Molde FK|26|687|1:1|2012|/spielbericht/index/spielbericht/2246638|
FC Vaslui|Fenerbahce|8174|36|1:4|2012|/spielbericht/index/spielbericht/2246507|
Club Brugge|FC Copenhagen|2282|190|2:3|2012|/spielbericht/index/spielbericht/2246639|
Partizan|AEL Limassol|669|786|0:1|2012|/spielbericht/index/spielbericht/2246640|
Panathinaikos|Motherwell FC|265|987|3:0|2012|/spielbericht/index/spielbericht/2246641|
Dinamo Zagreb|Sheriff|419|2481|4:0|2012|/spielbericht/index/spielbericht/2246634|
Dynamo Kyiv|Feyenoord|338|234|2:1|2012|/spielbericht/index/spielbericht/2246243|
Motherwell FC|Panathinaikos|987|265|0:2|2012|/spielbericht/index/spielbericht/2246624|
BATE Borisov|Debrecen|713|84|1:1|2012|/spielbericht/index/spielbericht/2246518|
Kiryat Shmona|Neftchi Baku|6028|8031|4:0|2012|/spielbericht/index/spielbericht/2246625|
Sheriff|Dinamo Zagreb|2481|419|0:1|2012|/spielbericht/index/spielbericht/2246626|
Molde FK|FC Basel|687|26|0:1|2012|/spielbericht/index/spielbericht/2246627|
AEL Limassol|Partizan|786|669|1:0|2012|/spielbericht/index/spielbericht/2246623|
FC Copenhagen|Club Brugge|190|2282|0:0|2012|/spielbericht/index/spielbericht/2246628|
NK Maribor|F91 Dudelange|790|853|4:1|2012|/spielbericht/index/spielbericht/2246629|
RSC Anderlecht|Ekranas|58|3850|5:0|2012|/spielbericht/index/spielbericht/2246630|
Slask Wroclaw|Helsingborg|759|699|0:3|2012|/spielbericht/index/spielbericht/2246622|
Celtic|HJK Helsinki|371|1008|2:1|2012|/spielbericht/index/spielbericht/2246631|
Fenerbahce|FC Vaslui|36|8174|1:1|2012|/spielbericht/index/spielbericht/2246505|
CFR Cluj|Slovan Liberec|7769|697|1:0|2012|/spielbericht/index/spielbericht/2246506|
Shakhter K.|Slovan Liberec|10480|697|1:1 AET|2012|/spielbericht/index/spielbericht/2232008|
Ventspils|Molde FK|2782|687|1:1|2012|/spielbericht/index/spielbericht/2232007|
RB Salzburg|F91 Dudelange|409|853|4:3|2012|/spielbericht/index/spielbericht/2244351|
Kiryat Shmona|MSK Zilina|6028|1443|2:0|2012|/spielbericht/index/spielbericht/2232001|
Sheriff|Ulisses|2481|14344|1:0|2012|/spielbericht/index/spielbericht/2232011|
Ekranas|Shamrock Rovers|3850|3258|2:1|2012|/spielbericht/index/spielbericht/2232003|
FC Zestafoni|Neftchi Baku|10719|8031|2:2|2012|/spielbericht/index/spielbericht/2232010|
FC Basel|FC Flora|26|1002|3:0|2012|/spielbericht/index/spielbericht/2232004|
Debrecen|KF Skënderbeu|84|12469|3:0|2012|/spielbericht/index/spielbericht/2231999|
Partizan|Valletta|669|6335|3:1|2012|/spielbericht/index/spielbericht/2240717|
Zeljeznicar|NK Maribor|2573|790|1:2|2012|/spielbericht/index/spielbericht/2232000|
KR Reykjavík|HJK Helsinki|3237|1008|1:2|2012|/spielbericht/index/spielbericht/2232006|
Helsingborg|The New Saints|699|10734|3:0|2012|/spielbericht/index/spielbericht/2232005|
Vardar|BATE Borisov|77|713|0:0|2012|/spielbericht/index/spielbericht/2232002|
Slask Wroclaw|B. Podgorica|759|4391|0:1|2012|/spielbericht/index/spielbericht/2232012|
Linfield|AEL Limassol|3471|786|0:0|2012|/spielbericht/index/spielbericht/2245637|
Dinamo Zagreb|Ludogorets|419|31614|3:2|2012|/spielbericht/index/spielbericht/2232009|
Ulisses|Sheriff|14344|2481|0:1|2012|/spielbericht/index/spielbericht/2231996|
FC Flora|FC Basel|1002|26|0:2|2012|/spielbericht/index/spielbericht/2231989|
Neftchi Baku|FC Zestafoni|8031|10719|3:0|2012|/spielbericht/index/spielbericht/2231995|
HJK Helsinki|KR Reykjavík|1008|3237|7:0|2012|/spielbericht/index/spielbericht/2231991|
F91 Dudelange|RB Salzburg|853|409|1:0|2012|/spielbericht/index/spielbericht/2244350|
Slovan Liberec|Shakhter K.|697|10480|1:0|2012|/spielbericht/index/spielbericht/2231993|
MSK Zilina|Kiryat Shmona|1443|6028|1:0|2012|/spielbericht/index/spielbericht/2231986|
The New Saints|Helsingborg|10734|699|0:0|2012|/spielbericht/index/spielbericht/2231990|
KF Skënderbeu|Debrecen|12469|84|1:0|2012|/spielbericht/index/spielbericht/2231984|
Valletta|Partizan|6335|669|1:4|2012|/spielbericht/index/spielbericht/2240716|
Shamrock Rovers|Ekranas|3258|3850|0:0|2012|/spielbericht/index/spielbericht/2231988|
BATE Borisov|Vardar|713|77|3:2|2012|/spielbericht/index/spielbericht/2231987|
AEL Limassol|Linfield|786|3471|3:0|2012|/spielbericht/index/spielbericht/2245636|
Ludogorets|Dinamo Zagreb|31614|419|1:1|2012|/spielbericht/index/spielbericht/2231994|
NK Maribor|Zeljeznicar|790|2573|4:1|2012|/spielbericht/index/spielbericht/2231985|
B. Podgorica|Slask Wroclaw|4391|759|0:2|2012|/spielbericht/index/spielbericht/2231997|
Molde FK|Ventspils|687|2782|3:0|2012|/spielbericht/index/spielbericht/2231992|
B36 Tórshavn|Linfield|10532|3471|3:4 on pens|2012|/spielbericht/index/spielbericht/2231981|0:0
Lusitanos|Valletta|28958|6335|0:1|2012|/spielbericht/index/spielbericht/2231983|
Tre Penne|F91 Dudelange|10747|853|0:4|2012|/spielbericht/index/spielbericht/2231980|
F91 Dudelange|Tre Penne|853|10747|7:0|2012|/spielbericht/index/spielbericht/2231978|
Valletta|Lusitanos|6335|28958|8:0|2012|/spielbericht/index/spielbericht/2231982|
Linfield|B36 Tórshavn|3471|10532|0:0|2012|/spielbericht/index/spielbericht/2231979|
Legia Warszawa|Steaua Bukarest|255|301|2:2|2013|/spielbericht/index/spielbericht/2360901|
Arsenal|Fenerbahce|11|36|2:0|2013|/spielbericht/index/spielbericht/2360906|
PAOK Salonika|FC Schalke 04|1091|33|2:3|2013|/spielbericht/index/spielbericht/2363718|
Austria Vienna|Dinamo Zagreb|14|419|2:3|2013|/spielbericht/index/spielbericht/2360897|
FC Basel|Ludogorets|26|31614|2:0|2013|/spielbericht/index/spielbericht/2360898|
Zenit S-Pb|Paços Ferreira|964|2995|4:2|2013|/spielbericht/index/spielbericht/2360904|
Celtic|Shakhter K.|371|10480|3:0|2013|/spielbericht/index/spielbericht/2360900|
Real Sociedad|Olympique Lyon|681|1041|2:0|2013|/spielbericht/index/spielbericht/2360902|
AC Milan|PSV Eindhoven|5|383|3:0|2013|/spielbericht/index/spielbericht/2360905|
NK Maribor|Viktoria Plzen|790|941|0:1|2013|/spielbericht/index/spielbericht/2360899|
Shakhter K.|Celtic|10480|371|2:0|2013|/spielbericht/index/spielbericht/2360888|
Viktoria Plzen|NK Maribor|941|790|3:1|2013|/spielbericht/index/spielbericht/2360891|
Olympique Lyon|Real Sociedad|1041|681|0:2|2013|/spielbericht/index/spielbericht/2360892|
Paços Ferreira|Zenit S-Pb|2995|964|1:4|2013|/spielbericht/index/spielbericht/2360894|
PSV Eindhoven|AC Milan|383|5|1:1|2013|/spielbericht/index/spielbericht/2360895|
Dinamo Zagreb|Austria Vienna|419|14|0:2|2013|/spielbericht/index/spielbericht/2360887|
Steaua Bukarest|Legia Warszawa|301|255|1:1|2013|/spielbericht/index/spielbericht/2360889|
FC Schalke 04|PAOK Salonika|33|1091|1:1|2013|/spielbericht/index/spielbericht/2363717|
Ludogorets|FC Basel|31614|26|2:4|2013|/spielbericht/index/spielbericht/2360890|
Fenerbahce|Arsenal|36|11|0:3|2013|/spielbericht/index/spielbericht/2360896|
M. Tel Aviv|FC Basel|119|26|3:3|2013|/spielbericht/index/spielbericht/2350716|
Steaua Bukarest|Dinamo Tbilisi|301|663|1:1|2013|/spielbericht/index/spielbericht/2350718|
NK Maribor|APOEL Nicosia|790|2784|0:0|2013|/spielbericht/index/spielbericht/2351344|
KF Skënderbeu|Shakhter K.|12469|10480|3:2|2013|/spielbericht/index/spielbericht/2350717|
Partizan|Ludogorets|669|31614|0:1|2013|/spielbericht/index/spielbericht/2351343|
Fenerbahce|RB Salzburg|36|409|3:1|2013|/spielbericht/index/spielbericht/2348103|
Grasshoppers|Olympique Lyon|504|1041|0:1|2013|/spielbericht/index/spielbericht/2349816|
Zenit S-Pb|Nordsjaelland|964|2778|5:0|2013|/spielbericht/index/spielbericht/2349813|
Hafnarfjördur|Austria Vienna|1185|14|0:0|2013|/spielbericht/index/spielbericht/2350724|
Sheriff|Dinamo Zagreb|2481|419|0:3|2013|/spielbericht/index/spielbericht/2350719|
Metalist|PAOK Salonika|6414|1091|1:1|2013|/spielbericht/index/spielbericht/2349814|
Elfsborg|Celtic|1101|371|0:0|2013|/spielbericht/index/spielbericht/2350720|
Viktoria Plzen|JK Nomme Kalju|941|22783|6:2|2013|/spielbericht/index/spielbericht/2350721|
Legia Warszawa|Molde FK|255|687|0:0|2013|/spielbericht/index/spielbericht/2351342|
Zulte Waregem|PSV Eindhoven|3508|383|0:3|2013|/spielbericht/index/spielbericht/2349815|
Shakhter K.|KF Skënderbeu|10480|12469|3:0|2013|/spielbericht/index/spielbericht/2350715|
Dinamo Tbilisi|Steaua Bukarest|663|301|0:2|2013|/spielbericht/index/spielbericht/2350712|
JK Nomme Kalju|Viktoria Plzen|22783|941|0:4|2013|/spielbericht/index/spielbericht/2350722|
Austria Vienna|Hafnarfjördur|14|1185|1:0|2013|/spielbericht/index/spielbericht/2350723|
FC Basel|M. Tel Aviv|26|119|1:0|2013|/spielbericht/index/spielbericht/2350711|
Nordsjaelland|Zenit S-Pb|2778|964|0:1|2013|/spielbericht/index/spielbericht/2349809|
PAOK Salonika|Metalist|1091|6414|0:2|2013|/spielbericht/index/spielbericht/2349810|
Dinamo Zagreb|Sheriff|419|2481|1:0|2013|/spielbericht/index/spielbericht/2350714|
PSV Eindhoven|Zulte Waregem|383|3508|2:0|2013|/spielbericht/index/spielbericht/2349811|
Olympique Lyon|Grasshoppers|1041|504|1:0|2013|/spielbericht/index/spielbericht/2349812|
Molde FK|Legia Warszawa|687|255|1:1|2013|/spielbericht/index/spielbericht/2351341|
APOEL Nicosia|NK Maribor|2784|790|1:1|2013|/spielbericht/index/spielbericht/2351340|
Ludogorets|Partizan|31614|669|2:1|2013|/spielbericht/index/spielbericht/2351339|
RB Salzburg|Fenerbahce|409|36|1:1|2013|/spielbericht/index/spielbericht/2348105|
Celtic|Elfsborg|371|1101|1:0|2013|/spielbericht/index/spielbericht/2350713|
Shakhter K.|BATE Borisov|10480|713|1:0|2013|/spielbericht/index/spielbericht/2323282|
Daugavpils|Elfsborg|9828|1101|0:4|2013|/spielbericht/index/spielbericht/2347113|
Sutjeska Niksic|Sheriff|3070|2481|0:5|2013|/spielbericht/index/spielbericht/2323272|
JK Nomme Kalju|HJK Helsinki|22783|1008|2:1|2013|/spielbericht/index/spielbericht/2323276|
Molde FK|Sligo Rovers|687|8780|2:0|2013|/spielbericht/index/spielbericht/2323274|
KF Skënderbeu|Neftchi Baku|12469|8031|1:0 AET|2013|/spielbericht/index/spielbericht/2323269|
EB/Streymur|Dinamo Tbilisi|10752|663|1:3|2013|/spielbericht/index/spielbericht/2328596|
M. Tel Aviv|ETO FC Győr|119|6055|2:1|2013|/spielbericht/index/spielbericht/2323281|
Vardar|Steaua Bukarest|77|301|1:2|2013|/spielbericht/index/spielbericht/2323270|
Celtic|Cliftonville|371|1251|2:0|2013|/spielbericht/index/spielbericht/2323264|
Dinamo Zagreb|CS Fola Esch|419|11976|1:0|2013|/spielbericht/index/spielbericht/2323265|
Zeljeznicar|Viktoria Plzen|2573|941|1:2|2013|/spielbericht/index/spielbericht/2323271|
Hafnarfjördur|Ekranas|1185|3850|2:1|2013|/spielbericht/index/spielbericht/2323277|
Ludogorets|Slo. Bratislava|31614|540|3:0|2013|/spielbericht/index/spielbericht/2323283|
NK Maribor|Birkirkara FC|790|10262|2:0|2013|/spielbericht/index/spielbericht/2323273|
Partizan|Shirak Gyumri|669|4807|0:0|2013|/spielbericht/index/spielbericht/2328491|
Legia Warszawa|The New Saints|255|10734|1:0|2013|/spielbericht/index/spielbericht/2323278|
Viktoria Plzen|Zeljeznicar|941|2573|4:3|2013|/spielbericht/index/spielbericht/2323256|
BATE Borisov|Shakhter K.|713|10480|0:1|2013|/spielbericht/index/spielbericht/2323267|
Dinamo Tbilisi|EB/Streymur|663|10752|6:1|2013|/spielbericht/index/spielbericht/2328595|
Sheriff|Sutjeska Niksic|2481|3070|1:1|2013|/spielbericht/index/spielbericht/2323257|
Ekranas|Hafnarfjördur|3850|1185|0:1|2013|/spielbericht/index/spielbericht/2323262|
Birkirkara FC|NK Maribor|10262|790|0:0|2013|/spielbericht/index/spielbericht/2323258|
CS Fola Esch|Dinamo Zagreb|11976|419|0:5|2013|/spielbericht/index/spielbericht/2323280|
Steaua Bukarest|Vardar|301|77|3:0|2013|/spielbericht/index/spielbericht/2323255|
Shirak Gyumri|Partizan|4807|669|1:1|2013|/spielbericht/index/spielbericht/2328490|
HJK Helsinki|JK Nomme Kalju|1008|22783|0:0|2013|/spielbericht/index/spielbericht/2323261|
Neftchi Baku|KF Skënderbeu|8031|12469|0:0|2013|/spielbericht/index/spielbericht/2323254|
Elfsborg|Daugavpils|1101|9828|7:1|2013|/spielbericht/index/spielbericht/2347112|
Sligo Rovers|Molde FK|8780|687|0:1|2013|/spielbericht/index/spielbericht/2323259|
Slo. Bratislava|Ludogorets|540|31614|2:1|2013|/spielbericht/index/spielbericht/2323268|
The New Saints|Legia Warszawa|10734|255|1:3|2013|/spielbericht/index/spielbericht/2323263|
ETO FC Győr|M. Tel Aviv|6055|119|0:2|2013|/spielbericht/index/spielbericht/2323266|
Cliftonville|Celtic|1251|371|0:3|2013|/spielbericht/index/spielbericht/2323279|
EB/Streymur|Lusitanos|10752|28958|5:1|2013|/spielbericht/index/spielbericht/2323069|
Tre Penne|Shirak Gyumri|10747|4807|1:0|2013|/spielbericht/index/spielbericht/2323070|
Shirak Gyumri|Tre Penne|4807|10747|3:0|2013|/spielbericht/index/spielbericht/2321957|
Lusitanos|EB/Streymur|28958|10752|2:2|2013|/spielbericht/index/spielbericht/2321958|
Zenit S-Pb|Standard Liège|964|3057|3:0|2014|/spielbericht/index/spielbericht/2483339|
Celtic|NK Maribor|371|790|0:1|2014|/spielbericht/index/spielbericht/2483333|
APOEL Nicosia|Aalborg BK|2784|1053|4:0|2014|/spielbericht/index/spielbericht/2483335|
BATE Borisov|Slo. Bratislava|713|540|3:0|2014|/spielbericht/index/spielbericht/2483337|
FC Porto|LOSC Lille|720|1082|2:0|2014|/spielbericht/index/spielbericht/2483341|
Malmö FF|RB Salzburg|496|409|3:0|2014|/spielbericht/index/spielbericht/2483334|
Ludogorets|Steaua Bukarest|31614|301|7:5 on pens|2014|/spielbericht/index/spielbericht/2483336|0:1
Arsenal|Besiktas|11|114|1:0|2014|/spielbericht/index/spielbericht/2483338|
Bay. Leverkusen|FC Copenhagen|15|190|4:0|2014|/spielbericht/index/spielbericht/2483340|
Athletic|SSC Napoli|621|6195|3:1|2014|/spielbericht/index/spielbericht/2483342|
RB Salzburg|Malmö FF|409|496|2:1|2014|/spielbericht/index/spielbericht/2483324|
Steaua Bukarest|Ludogorets|301|31614|1:0|2014|/spielbericht/index/spielbericht/2483326|
Besiktas|Arsenal|114|11|0:0|2014|/spielbericht/index/spielbericht/2483328|
FC Copenhagen|Bay. Leverkusen|190|15|2:3|2014|/spielbericht/index/spielbericht/2483330|
SSC Napoli|Athletic|6195|621|1:1|2014|/spielbericht/index/spielbericht/2483332|
NK Maribor|Celtic|790|371|1:1|2014|/spielbericht/index/spielbericht/2483323|
Aalborg BK|APOEL Nicosia|1053|2784|1:1|2014|/spielbericht/index/spielbericht/2483325|
Slo. Bratislava|BATE Borisov|540|713|1:1|2014|/spielbericht/index/spielbericht/2483327|
Standard Liège|Zenit S-Pb|3057|964|0:1|2014|/spielbericht/index/spielbericht/2483329|
LOSC Lille|FC Porto|1082|720|0:1|2014|/spielbericht/index/spielbericht/2483331|
BATE Borisov|Debrecen|713|84|3:1|2014|/spielbericht/index/spielbericht/2478437|
Panathinaikos|Standard Liège|265|3057|1:2|2014|/spielbericht/index/spielbericht/2478444|
M. Tel Aviv|NK Maribor|119|790|2:2|2014|/spielbericht/index/spielbericht/2478446|
LOSC Lille|Grasshoppers|1082|504|1:1|2014|/spielbericht/index/spielbericht/2478443|
Zenit S-Pb|AEL Limassol|964|786|3:0|2014|/spielbericht/index/spielbericht/2478440|
APOEL Nicosia|HJK Helsinki|2784|1008|2:0|2014|/spielbericht/index/spielbericht/2478442|
Malmö FF|Sparta Praha|496|197|2:0|2014|/spielbericht/index/spielbericht/2478435|
Sheriff|Slo. Bratislava|2481|540|0:0|2014|/spielbericht/index/spielbericht/2478436|
Besiktas|Feyenoord|114|234|3:1|2014|/spielbericht/index/spielbericht/2470376|
Steaua Bukarest|Aktobe|301|10157|2:1|2014|/spielbericht/index/spielbericht/2478438|
FC Copenhagen|Dnipro|190|339|2:0|2014|/spielbericht/index/spielbericht/2478441|
RB Salzburg|Qarabag Agdam|409|10625|2:0|2014|/spielbericht/index/spielbericht/2478439|
Dinamo Zagreb|Aalborg BK|419|1053|0:2|2014|/spielbericht/index/spielbericht/2478445|
Celtic|Legia Warszawa|371|255|3:0|2014|/spielbericht/index/spielbericht/2478447|
Partizan|Ludogorets|669|31614|2:2|2014|/spielbericht/index/spielbericht/2478448|
Sparta Praha|Malmö FF|197|496|4:2|2014|/spielbericht/index/spielbericht/2478421|
Slo. Bratislava|Sheriff|540|2481|2:1|2014|/spielbericht/index/spielbericht/2478422|
Debrecen|BATE Borisov|84|713|1:0|2014|/spielbericht/index/spielbericht/2478423|
Aktobe|Steaua Bukarest|10157|301|2:2|2014|/spielbericht/index/spielbericht/2478424|
Qarabag Agdam|RB Salzburg|10625|409|2:1|2014|/spielbericht/index/spielbericht/2478425|
HJK Helsinki|APOEL Nicosia|1008|2784|2:2|2014|/spielbericht/index/spielbericht/2478428|
AEL Limassol|Zenit S-Pb|786|964|1:0|2014|/spielbericht/index/spielbericht/2478426|
Dnipro|FC Copenhagen|339|190|0:0|2014|/spielbericht/index/spielbericht/2478427|
Grasshoppers|LOSC Lille|504|1082|0:2|2014|/spielbericht/index/spielbericht/2478429|
Standard Liège|Panathinaikos|3057|265|0:0|2014|/spielbericht/index/spielbericht/2478430|
Ludogorets|Partizan|31614|669|0:0|2014|/spielbericht/index/spielbericht/2478431|
Feyenoord|Besiktas|234|114|1:2|2014|/spielbericht/index/spielbericht/2470375|
Aalborg BK|Dinamo Zagreb|1053|419|0:1|2014|/spielbericht/index/spielbericht/2478434|
NK Maribor|M. Tel Aviv|790|119|1:0|2014|/spielbericht/index/spielbericht/2478432|
Legia Warszawa|Celtic|255|371|4:1|2014|/spielbericht/index/spielbericht/2478433|
Sutjeska Niksic|Sheriff|3070|2481|0:3|2014|/spielbericht/index/spielbericht/2460615|
Levadia|Sparta Praha|5771|197|1:1|2014|/spielbericht/index/spielbericht/2465478|
F91 Dudelange|Ludogorets|853|31614|1:1|2014|/spielbericht/index/spielbericht/2460623|
Qarabag Agdam|Valletta|10625|6335|4:0|2014|/spielbericht/index/spielbericht/2460624|
M. Tel Aviv|FC Santa Coloma|119|10854|2:0|2014|/spielbericht/index/spielbericht/2481246|
The New Saints|Slo. Bratislava|10734|540|0:2|2014|/spielbericht/index/spielbericht/2460617|
KF Skënderbeu|BATE Borisov|12469|713|1:1|2014|/spielbericht/index/spielbericht/2460612|
HB Tórshavn|Partizan|4313|669|1:3|2014|/spielbericht/index/spielbericht/2465493|
Zalgiris|Dinamo Zagreb|602|419|0:2|2014|/spielbericht/index/spielbericht/2460622|
Debrecen|Cliftonville|84|1251|2:0|2014|/spielbericht/index/spielbericht/2460619|
Celtic|KR Reykjavík|371|3237|4:0|2014|/spielbericht/index/spielbericht/2460604|
Aktobe|Dinamo Tbilisi|10157|663|3:0|2014|/spielbericht/index/spielbericht/2460613|
Ventspils|Malmö FF|2782|496|0:1|2014|/spielbericht/index/spielbericht/2460616|
HJK Helsinki|Rabotnicki|1008|4641|2:1|2014|/spielbericht/index/spielbericht/2460621|
Steaua Bukarest|Strømsgodset|301|2817|2:0|2014|/spielbericht/index/spielbericht/2460625|
NK Maribor|Zrinjski Mostar|790|6808|2:0|2014|/spielbericht/index/spielbericht/2460614|
St. Patricks|Legia Warszawa|1189|255|0:5|2014|/spielbericht/index/spielbericht/2460620|
Valletta|Qarabag Agdam|6335|10625|0:1|2014|/spielbericht/index/spielbericht/2460610|
Slo. Bratislava|The New Saints|540|10734|1:0|2014|/spielbericht/index/spielbericht/2460599|
BATE Borisov|KF Skënderbeu|713|12469|0:0|2014|/spielbericht/index/spielbericht/2460598|
Sheriff|Sutjeska Niksic|2481|3070|2:0|2014|/spielbericht/index/spielbericht/2460602|
Zrinjski Mostar|NK Maribor|6808|790|0:0|2014|/spielbericht/index/spielbericht/2460601|
FC Santa Coloma|M. Tel Aviv|10854|119|0:1|2014|/spielbericht/index/spielbericht/2469124|
Rabotnicki|HJK Helsinki|4641|1008|0:0|2014|/spielbericht/index/spielbericht/2460607|
Dinamo Zagreb|Zalgiris|419|602|2:0|2014|/spielbericht/index/spielbericht/2460608|
Sparta Praha|Levadia|197|5771|7:0|2014|/spielbericht/index/spielbericht/2465477|
Partizan|HB Tórshavn|669|4313|3:0|2014|/spielbericht/index/spielbericht/2465492|
Cliftonville|Debrecen|1251|84|0:0|2014|/spielbericht/index/spielbericht/2460605|
KR Reykjavík|Celtic|3237|371|0:1|2014|/spielbericht/index/spielbericht/2460618|
Ludogorets|F91 Dudelange|31614|853|4:0|2014|/spielbericht/index/spielbericht/2460609|
Dinamo Tbilisi|Aktobe|663|10157|0:1|2014|/spielbericht/index/spielbericht/2460600|
Malmö FF|Ventspils|496|2782|0:0|2014|/spielbericht/index/spielbericht/2460603|
Strømsgodset|Steaua Bukarest|2817|301|0:1|2014|/spielbericht/index/spielbericht/2460611|
Legia Warszawa|St. Patricks|255|1189|1:1|2014|/spielbericht/index/spielbericht/2460606|
Banants|FC Santa Coloma|11411|10854|3:2|2014|/spielbericht/index/spielbericht/2460592|
Levadia|La Fiorita|5771|24349|7:0|2014|/spielbericht/index/spielbericht/2460594|
HB Tórshavn|Lincoln FC|4313|38204|5:2|2014|/spielbericht/index/spielbericht/2460593|
FC Santa Coloma|Banants|10854|11411|1:0|2014|/spielbericht/index/spielbericht/2460589|
La Fiorita|Levadia|24349|5771|0:1|2014|/spielbericht/index/spielbericht/2460591|
Lincoln FC|HB Tórshavn|38204|4313|1:1|2014|/spielbericht/index/spielbericht/2460590|
Dinamo Zagreb|KF Skënderbeu|419|12469|4:1|2015|/spielbericht/index/spielbericht/2613766|
Malmö FF|Celtic|496|371|2:0|2015|/spielbericht/index/spielbericht/2613767|
M. Tel Aviv|FC Basel|119|26|1:1|2015|/spielbericht/index/spielbericht/2613768|
Shakhtar D.|Rapid Vienna|660|170|2:2|2015|/spielbericht/index/spielbericht/2613769|
Monaco|Valencia|162|1049|2:1|2015|/spielbericht/index/spielbericht/2613770|
APOEL Nicosia|FC Astana|2784|22220|1:1|2015|/spielbericht/index/spielbericht/2613771|
Partizan|BATE Borisov|669|713|2:1|2015|/spielbericht/index/spielbericht/2613772|
Bay. Leverkusen|Lazio|15|398|3:0|2015|/spielbericht/index/spielbericht/2613773|
Club Brugge|Man Utd|2282|985|0:4|2015|/spielbericht/index/spielbericht/2613774|
CSKA Moscow|Sporting CP|2410|336|3:1|2015|/spielbericht/index/spielbericht/2613775|
FC Astana|APOEL Nicosia|22220|2784|1:0|2015|/spielbericht/index/spielbericht/2609556|
BATE Borisov|Partizan|713|669|1:0|2015|/spielbericht/index/spielbericht/2609560|
Lazio|Bay. Leverkusen|398|15|1:0|2015|/spielbericht/index/spielbericht/2609561|
Man Utd|Club Brugge|985|2282|3:1|2015|/spielbericht/index/spielbericht/2609562|
Sporting CP|CSKA Moscow|336|2410|2:1|2015|/spielbericht/index/spielbericht/2609563|
Rapid Vienna|Shakhtar D.|170|660|0:1|2015|/spielbericht/index/spielbericht/2609564|
Valencia|Monaco|1049|162|3:1|2015|/spielbericht/index/spielbericht/2609565|
KF Skënderbeu|Dinamo Zagreb|12469|419|1:2|2015|/spielbericht/index/spielbericht/2609557|
Celtic|Malmö FF|371|496|3:2|2015|/spielbericht/index/spielbericht/2609558|
FC Basel|M. Tel Aviv|26|119|2:2|2015|/spielbericht/index/spielbericht/2609559|
APOEL Nicosia|FC Midtjylland|2784|865|0:1|2015|/spielbericht/index/spielbericht/2608177|
Molde FK|Dinamo Zagreb|687|419|3:3|2015|/spielbericht/index/spielbericht/2608178|
Ajax|Rapid Vienna|610|170|2:3|2015|/spielbericht/index/spielbericht/2602933|
Monaco|BSC Young Boys|162|452|4:0|2015|/spielbericht/index/spielbericht/2608179|
FC Astana|HJK Helsinki|22220|1008|4:3|2015|/spielbericht/index/spielbericht/2604377|
Qarabag Agdam|Celtic|10625|371|0:0|2015|/spielbericht/index/spielbericht/2604379|
Sparta Praha|CSKA Moscow|197|2410|2:3|2015|/spielbericht/index/spielbericht/2604381|
BATE Borisov|Videoton FC|713|11107|1:0|2015|/spielbericht/index/spielbericht/2608180|
FC Basel|Lech Poznan|26|238|1:0|2015|/spielbericht/index/spielbericht/2601006|
Partizan|Steaua Bukarest|669|301|4:2|2015|/spielbericht/index/spielbericht/2603973|
Malmö FF|RB Salzburg|496|409|3:0|2015|/spielbericht/index/spielbericht/2602149|
Club Brugge|Panathinaikos|2282|265|3:0|2015|/spielbericht/index/spielbericht/2602557|
Shakhtar D.|Fenerbahce|660|36|3:0|2015|/spielbericht/index/spielbericht/2604356|
Viktoria Plzen|M. Tel Aviv|941|119|0:2|2015|/spielbericht/index/spielbericht/2608181|
KF Skënderbeu|Milsami Orhei|12469|30686|2:0|2015|/spielbericht/index/spielbericht/2608182|
CSKA Moscow|Sparta Praha|2410|197|2:2|2015|/spielbericht/index/spielbericht/2604380|
Milsami Orhei|KF Skënderbeu|30686|12469|0:2|2015|/spielbericht/index/spielbericht/2604363|
FC Midtjylland|APOEL Nicosia|865|2784|1:2|2015|/spielbericht/index/spielbericht/2604364|
M. Tel Aviv|Viktoria Plzen|119|941|1:2|2015|/spielbericht/index/spielbericht/2604365|
Fenerbahce|Shakhtar D.|36|660|0:0|2015|/spielbericht/index/spielbericht/2604355|
Panathinaikos|Club Brugge|265|2282|2:1|2015|/spielbericht/index/spielbericht/2602556|
BSC Young Boys|Monaco|452|162|1:3|2015|/spielbericht/index/spielbericht/2604366|
Videoton FC|BATE Borisov|11107|713|1:1|2015|/spielbericht/index/spielbericht/2604367|
Dinamo Zagreb|Molde FK|419|687|1:1|2015|/spielbericht/index/spielbericht/2604368|
HJK Helsinki|FC Astana|1008|22220|0:0|2015|/spielbericht/index/spielbericht/2604376|
RB Salzburg|Malmö FF|409|496|2:0|2015|/spielbericht/index/spielbericht/2602148|
Steaua Bukarest|Partizan|301|669|1:1|2015|/spielbericht/index/spielbericht/2603972|
Lech Poznan|FC Basel|238|26|1:3|2015|/spielbericht/index/spielbericht/2600582|
Celtic|Qarabag Agdam|371|10625|1:0|2015|/spielbericht/index/spielbericht/2604378|
Rapid Vienna|Ajax|170|610|2:2|2015|/spielbericht/index/spielbericht/2602932|
FC Dila|Partizan|32017|669|0:2|2015|/spielbericht/index/spielbericht/2587323|
Pyunik Erevan|Molde FK|10301|687|1:0|2015|/spielbericht/index/spielbericht/2587324|
Milsami Orhei|Ludogorets|30686|31614|2:1|2015|/spielbericht/index/spielbericht/2587325|
HJK Helsinki|Ventspils|1008|2782|1:0|2015|/spielbericht/index/spielbericht/2587326|
M. Tel Aviv|Hibernians FC|119|10604|5:1|2015|/spielbericht/index/spielbericht/2587327|
Vardar|APOEL Nicosia|77|2784|1:1|2015|/spielbericht/index/spielbericht/2587328|
Lincoln FC|FC Midtjylland|38204|865|0:2|2015|/spielbericht/index/spielbericht/2587329|
Zalgiris|Malmö FF|602|496|0:1|2015|/spielbericht/index/spielbericht/2587330|
Crusaders|KF Skënderbeu|21532|12469|3:2|2015|/spielbericht/index/spielbericht/2587331|
FC Astana|NK Maribor|22220|790|3:1|2015|/spielbericht/index/spielbericht/2587332|
CS Fola Esch|Dinamo Zagreb|11976|419|0:3|2015|/spielbericht/index/spielbericht/2587333|
Steaua Bukarest|AS Trencin|301|7918|2:3|2015|/spielbericht/index/spielbericht/2587334|
Videoton FC|The New Saints|11107|10734|1:1 AET|2015|/spielbericht/index/spielbericht/2587335|
Dundalk FC|BATE Borisov|6066|713|0:0|2015|/spielbericht/index/spielbericht/2587336|
Rudar Pljevlja|Qarabag Agdam|5972|10625|0:1|2015|/spielbericht/index/spielbericht/2587337|
Lech Poznan|FK Sarajevo|238|282|1:0|2015|/spielbericht/index/spielbericht/2587338|
Stjarnan|Celtic|21875|371|1:4|2015|/spielbericht/index/spielbericht/2587339|
Ventspils|HJK Helsinki|2782|1008|1:3|2015|/spielbericht/index/spielbericht/2587306|
APOEL Nicosia|Vardar|2784|77|0:0|2015|/spielbericht/index/spielbericht/2587307|
FC Midtjylland|Lincoln FC|865|38204|1:0|2015|/spielbericht/index/spielbericht/2587308|
Ludogorets|Milsami Orhei|31614|30686|0:1|2015|/spielbericht/index/spielbericht/2587309|
KF Skënderbeu|Crusaders|12469|21532|4:1|2015|/spielbericht/index/spielbericht/2587310|
The New Saints|Videoton FC|10734|11107|0:1|2015|/spielbericht/index/spielbericht/2587311|
Molde FK|Pyunik Erevan|687|10301|5:0|2015|/spielbericht/index/spielbericht/2587312|
Hibernians FC|M. Tel Aviv|10604|119|2:1|2015|/spielbericht/index/spielbericht/2587313|
NK Maribor|FC Astana|790|22220|1:0|2015|/spielbericht/index/spielbericht/2587314|
AS Trencin|Steaua Bukarest|7918|301|0:2|2015|/spielbericht/index/spielbericht/2587315|
Partizan|FC Dila|669|32017|1:0|2015|/spielbericht/index/spielbericht/2587316|
FK Sarajevo|Lech Poznan|282|238|0:2|2015|/spielbericht/index/spielbericht/2587317|
Qarabag Agdam|Rudar Pljevlja|10625|5972|0:0|2015|/spielbericht/index/spielbericht/2587318|
Malmö FF|Zalgiris|496|602|0:0|2015|/spielbericht/index/spielbericht/2587319|
BATE Borisov|Dundalk FC|713|6066|2:1|2015|/spielbericht/index/spielbericht/2587320|
Celtic|Stjarnan|371|21875|2:0|2015|/spielbericht/index/spielbericht/2587321|
Dinamo Zagreb|CS Fola Esch|419|11976|1:1|2015|/spielbericht/index/spielbericht/2587322|
Levadia|Crusaders|5771|21532|1:1|2015|/spielbericht/index/spielbericht/2580207|
FC Santa Coloma|Lincoln FC|10854|38204|1:2|2015|/spielbericht/index/spielbericht/2580205|
The New Saints|B36 Tórshavn|10734|10532|4:1|2015|/spielbericht/index/spielbericht/2583662|
SS Folgore|Pyunik Erevan|11479|10301|1:2|2015|/spielbericht/index/spielbericht/2580208|
Pyunik Erevan|SS Folgore|10301|11479|2:1|2015|/spielbericht/index/spielbericht/2580213|
Lincoln FC|FC Santa Coloma|38204|10854|0:0|2015|/spielbericht/index/spielbericht/2580211|
Crusaders|Levadia|21532|5771|0:0|2015|/spielbericht/index/spielbericht/2580212|
B36 Tórshavn|The New Saints|10532|10734|1:2|2015|/spielbericht/index/spielbericht/2580214|
AS Roma|FC Porto|12|720|0:3|2016|/spielbericht/index/spielbericht/2740476|
Monaco|Villarreal|162|1050|1:0|2016|/spielbericht/index/spielbericht/2740479|
Legia Warszawa|Dundalk FC|255|6066|1:1|2016|/spielbericht/index/spielbericht/2740480|
Viktoria Plzen|Ludogorets|941|31614|2:2|2016|/spielbericht/index/spielbericht/2740482|
H. Beer Sheva|Celtic|2976|371|2:0|2016|/spielbericht/index/spielbericht/2740483|
Man City|Steaua Bukarest|281|301|1:0|2016|/spielbericht/index/spielbericht/2740475|
Rostov|Ajax|1083|610|4:1|2016|/spielbericht/index/spielbericht/2740477|
Bor. M'gladbach|BSC Young Boys|18|452|6:1|2016|/spielbericht/index/spielbericht/2740478|
RB Salzburg|Dinamo Zagreb|409|419|1:2 AET|2016|/spielbericht/index/spielbericht/2740481|
APOEL Nicosia|FC Copenhagen|2784|190|1:1|2016|/spielbericht/index/spielbericht/2740484|
BSC Young Boys|Bor. M'gladbach|452|18|1:3|2016|/spielbericht/index/spielbericht/2740120|
FC Copenhagen|APOEL Nicosia|190|2784|1:0|2016|/spielbericht/index/spielbericht/2740114|
Dinamo Zagreb|RB Salzburg|419|409|1:1|2016|/spielbericht/index/spielbericht/2740116|
Steaua Bukarest|Man City|301|281|0:5|2016|/spielbericht/index/spielbericht/2740117|
Ajax|Rostov|610|1083|1:1|2016|/spielbericht/index/spielbericht/2740119|
Villarreal|Monaco|1050|162|1:2|2016|/spielbericht/index/spielbericht/2740121|
Ludogorets|Viktoria Plzen|31614|941|2:0|2016|/spielbericht/index/spielbericht/2740112|
Celtic|H. Beer Sheva|371|2976|5:2|2016|/spielbericht/index/spielbericht/2740113|
Dundalk FC|Legia Warszawa|6066|255|0:2|2016|/spielbericht/index/spielbericht/2740115|
FC Porto|AS Roma|720|12|1:1|2016|/spielbericht/index/spielbericht/2740118|
Qarabag Agdam|Viktoria Plzen|10625|941|1:1|2016|/spielbericht/index/spielbericht/2724835|
Dinamo Tbilisi|Dinamo Zagreb|663|419|0:1|2016|/spielbericht/index/spielbericht/2724834|
APOEL Nicosia|Rosenborg BK|2784|195|3:0|2016|/spielbericht/index/spielbericht/2723377|
Red Star|Ludogorets|159|31614|2:4 AET|2016|/spielbericht/index/spielbericht/2722514|
Dundalk FC|BATE Borisov|6066|713|3:0|2016|/spielbericht/index/spielbericht/2724833|
Steaua Bukarest|Sparta Praha|301|197|2:0|2016|/spielbericht/index/spielbericht/2718494|
FC Copenhagen|Astra Giurgiu|190|13499|3:0|2016|/spielbericht/index/spielbericht/2722472|
H. Beer Sheva|Olympiacos|2976|683|1:0|2016|/spielbericht/index/spielbericht/2722471|
BSC Young Boys|Shakhtar D.|452|660|6:2 on pens|2016|/spielbericht/index/spielbericht/2718495|0:2
RB Salzburg|FK Partizani|409|4040|2:0|2016|/spielbericht/index/spielbericht/2724836|
PAOK Salonika|Ajax|1091|610|1:2|2016|/spielbericht/index/spielbericht/2718493|
RSC Anderlecht|Rostov|58|1083|0:2|2016|/spielbericht/index/spielbericht/2718496|
Monaco|Fenerbahce|162|36|3:1|2016|/spielbericht/index/spielbericht/2718497|
Legia Warszawa|AS Trencin|255|7918|0:0|2016|/spielbericht/index/spielbericht/2724016|
Celtic|FC Astana|371|22220|2:1|2016|/spielbericht/index/spielbericht/2724017|
BATE Borisov|Dundalk FC|713|6066|1:0|2016|/spielbericht/index/spielbericht/2724812|
Ludogorets|Red Star|31614|159|2:2|2016|/spielbericht/index/spielbericht/2722424|
Sparta Praha|Steaua Bukarest|197|301|1:1|2016|/spielbericht/index/spielbericht/2718471|
FK Partizani|RB Salzburg|4040|409|0:1|2016|/spielbericht/index/spielbericht/2724811|
Viktoria Plzen|Qarabag Agdam|941|10625|0:0|2016|/spielbericht/index/spielbericht/2724813|
Rostov|RSC Anderlecht|1083|58|2:2|2016|/spielbericht/index/spielbericht/2718473|
Dinamo Zagreb|Dinamo Tbilisi|419|663|2:0|2016|/spielbericht/index/spielbericht/2724814|
Ajax|PAOK Salonika|610|1091|1:1|2016|/spielbericht/index/spielbericht/2718470|
Shakhtar D.|BSC Young Boys|660|452|2:0|2016|/spielbericht/index/spielbericht/2718472|
FC Astana|Celtic|22220|371|1:1|2016|/spielbericht/index/spielbericht/2724015|
Rosenborg BK|APOEL Nicosia|195|2784|2:1|2016|/spielbericht/index/spielbericht/2723376|
Astra Giurgiu|FC Copenhagen|13499|190|1:1|2016|/spielbericht/index/spielbericht/2722470|
AS Trencin|Legia Warszawa|7918|255|0:1|2016|/spielbericht/index/spielbericht/2724014|
Fenerbahce|Monaco|36|162|2:1|2016|/spielbericht/index/spielbericht/2718474|
Olympiacos|H. Beer Sheva|683|2976|0:0|2016|/spielbericht/index/spielbericht/2722469|
Alashkert|Dinamo Tbilisi|37914|663|1:1|2016|/spielbericht/index/spielbericht/2711324|
Liepaja|RB Salzburg|43162|409|0:2|2016|/spielbericht/index/spielbericht/2700274|
Sheriff|H. Beer Sheva|2481|2976|0:0|2016|/spielbericht/index/spielbericht/2700272|
APOEL Nicosia|The New Saints|2784|10734|3:0|2016|/spielbericht/index/spielbericht/2711325|
SJK Seinäjoki|BATE Borisov|23777|713|2:2|2016|/spielbericht/index/spielbericht/2700280|
FC Copenhagen|Crusaders|190|21532|6:0|2016|/spielbericht/index/spielbericht/2700283|
Red Star|Valletta|159|6335|2:1|2016|/spielbericht/index/spielbericht/2710305|
Legia Warszawa|Zrinjski Mostar|255|6808|2:0|2016|/spielbericht/index/spielbericht/2700276|
FK Mladost|Ludogorets|10883|31614|0:3|2016|/spielbericht/index/spielbericht/2700277|
FC Astana|Zalgiris|22220|602|2:1|2016|/spielbericht/index/spielbericht/2700278|
F91 Dudelange|Qarabag Agdam|853|10625|1:1|2016|/spielbericht/index/spielbericht/2700271|
Norrköping|Rosenborg BK|2844|195|3:2|2016|/spielbericht/index/spielbericht/2700281|
Ferencváros|FK Partizani|279|4040|2:4 on pens|2016|/spielbericht/index/spielbericht/2700279|1:1
AS Trencin|NK Olimpija|7918|4772|2:3|2016|/spielbericht/index/spielbericht/2700273|
Dinamo Zagreb|Vardar|419|77|3:2|2016|/spielbericht/index/spielbericht/2700275|
Celtic|Lincoln FC|371|38204|3:0|2016|/spielbericht/index/spielbericht/2711326|
Hafnarfjördur|Dundalk FC|1185|6066|2:2|2016|/spielbericht/index/spielbericht/2700282|
Zrinjski Mostar|Legia Warszawa|6808|255|1:1|2016|/spielbericht/index/spielbericht/2700263|
Dinamo Tbilisi|Alashkert|663|37914|2:0|2016|/spielbericht/index/spielbericht/2711323|
Qarabag Agdam|F91 Dudelange|10625|853|2:0|2016|/spielbericht/index/spielbericht/2700258|
H. Beer Sheva|Sheriff|2976|2481|3:2|2016|/spielbericht/index/spielbericht/2700259|
BATE Borisov|SJK Seinäjoki|713|23777|2:0|2016|/spielbericht/index/spielbericht/2700267|
Valletta|Red Star|6335|159|1:2|2016|/spielbericht/index/spielbericht/2710304|
The New Saints|APOEL Nicosia|10734|2784|0:0|2016|/spielbericht/index/spielbericht/2711321|
Lincoln FC|Celtic|38204|371|1:0|2016|/spielbericht/index/spielbericht/2711322|
RB Salzburg|Liepaja|409|43162|1:0|2016|/spielbericht/index/spielbericht/2700261|
Vardar|Dinamo Zagreb|77|419|1:2|2016|/spielbericht/index/spielbericht/2700262|
Rosenborg BK|Norrköping|195|2844|3:1|2016|/spielbericht/index/spielbericht/2700268|
Zalgiris|FC Astana|602|22220|0:0|2016|/spielbericht/index/spielbericht/2700265|
Ludogorets|FK Mladost|31614|10883|2:0|2016|/spielbericht/index/spielbericht/2700264|
FK Partizani|Ferencváros|4040|279|1:1|2016|/spielbericht/index/spielbericht/2700266|
Crusaders|FC Copenhagen|21532|190|0:3|2016|/spielbericht/index/spielbericht/2700270|
NK Olimpija|AS Trencin|4772|7918|3:4|2016|/spielbericht/index/spielbericht/2700260|
Dundalk FC|Hafnarfjördur|6066|1185|1:1|2016|/spielbericht/index/spielbericht/2700269|
Alashkert|FC Santa Coloma|37914|10854|3:0|2016|/spielbericht/index/spielbericht/2700257|
B36 Tórshavn|Valletta|10532|6335|2:1|2016|/spielbericht/index/spielbericht/2700256|
Tre Penne|The New Saints|10747|10734|0:3|2016|/spielbericht/index/spielbericht/2700255|
Lincoln FC|FC Flora|38204|1002|2:0|2016|/spielbericht/index/spielbericht/2700254|
FC Flora|Lincoln FC|1002|38204|2:1|2016|/spielbericht/index/spielbericht/2700250|
Valletta|B36 Tórshavn|6335|10532|1:0|2016|/spielbericht/index/spielbericht/2700252|
The New Saints|Tre Penne|10734|10747|2:1|2016|/spielbericht/index/spielbericht/2700251|
FC Santa Coloma|Alashkert|10854|37914|0:0|2016|/spielbericht/index/spielbericht/2700253|
FC Astana|Celtic|22220|371|4:3|2017|/spielbericht/index/spielbericht/2905723|
OGC Nice|SSC Napoli|417|6195|0:2|2017|/spielbericht/index/spielbericht/2905727|
Sevilla FC|Basaksehir|368|6890|2:2|2017|/spielbericht/index/spielbericht/2905724|
HNK Rijeka|Olympiacos|144|683|0:1|2017|/spielbericht/index/spielbericht/2905725|
NK Maribor|H. Beer Sheva|790|2976|1:0|2017|/spielbericht/index/spielbericht/2905726|
FC Copenhagen|Qarabag Agdam|190|10625|2:1|2017|/spielbericht/index/spielbericht/2905728|
Liverpool|TSG Hoffenheim|31|533|4:2|2017|/spielbericht/index/spielbericht/2905729|
Slavia Prague|APOEL Nicosia|62|2784|0:0|2017|/spielbericht/index/spielbericht/2905730|
FCSB|Sporting CP|301|336|1:5|2017|/spielbericht/index/spielbericht/2905731|
CSKA Moscow|BSC Young Boys|2410|452|2:0|2017|/spielbericht/index/spielbericht/2905732|
Qarabag Agdam|FC Copenhagen|10625|190|1:0|2017|/spielbericht/index/spielbericht/2904732|
APOEL Nicosia|Slavia Prague|2784|62|2:0|2017|/spielbericht/index/spielbericht/2904733|
BSC Young Boys|CSKA Moscow|452|2410|0:1|2017|/spielbericht/index/spielbericht/2904738|
TSG Hoffenheim|Liverpool|533|31|1:2|2017|/spielbericht/index/spielbericht/2904740|
Sporting CP|FCSB|336|301|0:0|2017|/spielbericht/index/spielbericht/2904741|
Olympiacos|HNK Rijeka|683|144|2:1|2017|/spielbericht/index/spielbericht/2904734|
Celtic|FC Astana|371|22220|5:0|2017|/spielbericht/index/spielbericht/2904735|
H. Beer Sheva|NK Maribor|2976|790|2:1|2017|/spielbericht/index/spielbericht/2904736|
Basaksehir|Sevilla FC|6890|368|1:2|2017|/spielbericht/index/spielbericht/2904737|
SSC Napoli|OGC Nice|6195|417|2:0|2017|/spielbericht/index/spielbericht/2904739|
Sheriff|Qarabag Agdam|2481|10625|1:2|2017|/spielbericht/index/spielbericht/2893206|
APOEL Nicosia|FC Viitorul|2784|29831|4:0 AET|2017|/spielbericht/index/spielbericht/2893186|
CSKA Moscow|AEK Athens|2410|2441|1:0|2017|/spielbericht/index/spielbericht/2887571|
BATE Borisov|Slavia Prague|713|62|2:1|2017|/spielbericht/index/spielbericht/2893176|
Basaksehir|Club Brugge|6890|2282|2:0|2017|/spielbericht/index/spielbericht/2887569|
FC Copenhagen|Vardar|190|77|4:1|2017|/spielbericht/index/spielbericht/2893362|
Viktoria Plzen|FCSB|941|301|1:4|2017|/spielbericht/index/spielbericht/2887567|
BSC Young Boys|Dynamo Kyiv|452|338|2:0|2017|/spielbericht/index/spielbericht/2887568|
Hafnarfjördur|NK Maribor|1185|790|0:1|2017|/spielbericht/index/spielbericht/2893210|
Ludogorets|H. Beer Sheva|31614|2976|3:1|2017|/spielbericht/index/spielbericht/2893184|
Legia Warszawa|FC Astana|255|22220|1:0|2017|/spielbericht/index/spielbericht/2893178|
Rosenborg BK|Celtic|195|371|0:1|2017|/spielbericht/index/spielbericht/2893182|
HNK Rijeka|RB Salzburg|144|409|0:0|2017|/spielbericht/index/spielbericht/2893188|
Ajax|OGC Nice|610|417|2:2|2017|/spielbericht/index/spielbericht/2887570|
Olympiacos|Partizan|683|669|2:2|2017|/spielbericht/index/spielbericht/2893208|
Qarabag Agdam|Sheriff|10625|2481|0:0|2017|/spielbericht/index/spielbericht/2893205|
Slavia Prague|BATE Borisov|62|713|1:0|2017|/spielbericht/index/spielbericht/2893175|
FCSB|Viktoria Plzen|301|941|2:2|2017|/spielbericht/index/spielbericht/2887553|
AEK Athens|CSKA Moscow|2441|2410|0:2|2017|/spielbericht/index/spielbericht/2887556|
Vardar|FC Copenhagen|77|190|1:0|2017|/spielbericht/index/spielbericht/2893179|
Partizan|Olympiacos|669|683|1:3|2017|/spielbericht/index/spielbericht/2893207|
FC Astana|Legia Warszawa|22220|255|3:1|2017|/spielbericht/index/spielbericht/2893177|
Dynamo Kyiv|BSC Young Boys|338|452|3:1|2017|/spielbericht/index/spielbericht/2887555|
RB Salzburg|HNK Rijeka|409|144|1:1|2017|/spielbericht/index/spielbericht/2893187|
H. Beer Sheva|Ludogorets|2976|31614|2:0|2017|/spielbericht/index/spielbericht/2893183|
FC Viitorul|APOEL Nicosia|29831|2784|1:0|2017|/spielbericht/index/spielbericht/2893185|
NK Maribor|Hafnarfjördur|790|1185|1:0|2017|/spielbericht/index/spielbericht/2893209|
Celtic|Rosenborg BK|371|195|0:0|2017|/spielbericht/index/spielbericht/2893181|
OGC Nice|Ajax|417|610|1:1|2017|/spielbericht/index/spielbericht/2887554|
Club Brugge|Basaksehir|2282|6890|3:3|2017|/spielbericht/index/spielbericht/2887557|
FC Astana|Spartaks|22220|28936|1:1|2017|/spielbericht/index/spielbericht/2867271|
Alashkert|BATE Borisov|37914|713|1:3|2017|/spielbericht/index/spielbericht/2884183|
Vardar|Malmö FF|77|496|3:1|2017|/spielbericht/index/spielbericht/2867274|
FC Samtredia|Qarabag Agdam|2950|10625|0:1|2017|/spielbericht/index/spielbericht/2867268|
Víkingur Göta|Hafnarfjördur|24832|1185|0:2|2017|/spielbericht/index/spielbericht/2884184|
The New Saints|HNK Rijeka|10734|144|1:5|2017|/spielbericht/index/spielbericht/2884182|
B. Podgorica|Partizan|4391|669|0:0|2017|/spielbericht/index/spielbericht/2867269|
F91 Dudelange|APOEL Nicosia|853|2784|0:1|2017|/spielbericht/index/spielbericht/2867266|
Rosenborg BK|Dundalk FC|195|6066|2:1 AET|2017|/spielbericht/index/spielbericht/2867276|
FK Kukësi|Sheriff|27116|2481|2:1|2017|/spielbericht/index/spielbericht/2867270|
FC Copenhagen|MSK Zilina|190|1443|1:2|2017|/spielbericht/index/spielbericht/2867272|
Ludogorets|Zalgiris|31614|602|4:1|2017|/spielbericht/index/spielbericht/2867267|
NK Maribor|Zrinjski Mostar|790|6808|1:1|2017|/spielbericht/index/spielbericht/2867275|
RB Salzburg|Hibernians FC|409|10604|3:0|2017|/spielbericht/index/spielbericht/2882341|
Celtic|Linfield|371|3471|4:0|2017|/spielbericht/index/spielbericht/2884185|
Legia Warszawa|IFK Mariehamn|255|6017|6:0|2017|/spielbericht/index/spielbericht/2867277|
Honvéd|H. Beer Sheva|709|2976|2:3|2017|/spielbericht/index/spielbericht/2867273|
Qarabag Agdam|FC Samtredia|10625|2950|5:0|2017|/spielbericht/index/spielbericht/2866147|
Hibernians FC|RB Salzburg|10604|409|0:3|2017|/spielbericht/index/spielbericht/2882340|
Partizan|B. Podgorica|669|4391|2:0|2017|/spielbericht/index/spielbericht/2866148|
HNK Rijeka|The New Saints|144|10734|2:0|2017|/spielbericht/index/spielbericht/2884167|
Spartaks|FC Astana|28936|22220|0:1|2017|/spielbericht/index/spielbericht/2866150|
APOEL Nicosia|F91 Dudelange|2784|853|1:0|2017|/spielbericht/index/spielbericht/2866145|
Sheriff|FK Kukësi|2481|27116|1:0|2017|/spielbericht/index/spielbericht/2866149|
H. Beer Sheva|Honvéd|2976|709|2:1|2017|/spielbericht/index/spielbericht/2866152|
Malmö FF|Vardar|496|77|1:1|2017|/spielbericht/index/spielbericht/2866153|
Zrinjski Mostar|NK Maribor|6808|790|1:2|2017|/spielbericht/index/spielbericht/2866154|
BATE Borisov|Alashkert|713|37914|1:1|2017|/spielbericht/index/spielbericht/2884168|
Zalgiris|Ludogorets|602|31614|2:1|2017|/spielbericht/index/spielbericht/2866146|
IFK Mariehamn|Legia Warszawa|6017|255|0:3|2017|/spielbericht/index/spielbericht/2866156|
MSK Zilina|FC Copenhagen|1443|190|1:3|2017|/spielbericht/index/spielbericht/2866151|
Dundalk FC|Rosenborg BK|6066|195|1:1|2017|/spielbericht/index/spielbericht/2866155|
Hafnarfjördur|Víkingur Göta|1185|24832|1:1|2017|/spielbericht/index/spielbericht/2884169|
Linfield|Celtic|3471|371|0:2|2017|/spielbericht/index/spielbericht/2884192|
KF Trepca 89|Víkingur Göta|22682|24832|1:4|2017|/spielbericht/index/spielbericht/2866143|
FCI Tallinn|Hibernians FC|30433|10604|0:1|2017|/spielbericht/index/spielbericht/2866144|
Europa FC|The New Saints|42246|10734|1:3 AET|2017|/spielbericht/index/spielbericht/2866141|
FC Santa Coloma|Alashkert|10854|37914|1:1|2017|/spielbericht/index/spielbericht/2866140|
La Fiorita|Linfield|24349|3471|0:0|2017|/spielbericht/index/spielbericht/2866142|
Alashkert|FC Santa Coloma|37914|10854|1:0|2017|/spielbericht/index/spielbericht/2866134|
The New Saints|Europa FC|10734|42246|1:2|2017|/spielbericht/index/spielbericht/2866135|
Víkingur Göta|KF Trepca 89|24832|22682|2:1|2017|/spielbericht/index/spielbericht/2866137|
Hibernians FC|FCI Tallinn|10604|30433|2:0|2017|/spielbericht/index/spielbericht/2866138|
Linfield|La Fiorita|3471|24349|1:0|2017|/spielbericht/index/spielbericht/2866136|
Dinamo Zagreb|BSC Young Boys|419|452|1:2|2018|/spielbericht/index/spielbericht/3092953|
AEK Athens|Fehérvár|2441|11107|1:1|2018|/spielbericht/index/spielbericht/3092955|
Dynamo Kyiv|Ajax|338|610|0:0|2018|/spielbericht/index/spielbericht/3092959|
RB Salzburg|Red Star|409|159|2:2|2018|/spielbericht/index/spielbericht/3092949|
PSV Eindhoven|BATE Borisov|383|713|3:0|2018|/spielbericht/index/spielbericht/3092951|
PAOK Salonika|Benfica|1091|294|1:4|2018|/spielbericht/index/spielbericht/3092957|
BATE Borisov|PSV Eindhoven|713|383|2:3|2018|/spielbericht/index/spielbericht/3092950|
Benfica|PAOK Salonika|294|1091|1:1|2018|/spielbericht/index/spielbericht/3092956|
Red Star|RB Salzburg|159|409|0:0|2018|/spielbericht/index/spielbericht/3092948|
BSC Young Boys|Dinamo Zagreb|452|419|1:1|2018|/spielbericht/index/spielbericht/3092952|
Fehérvár|AEK Athens|11107|2441|1:2|2018|/spielbericht/index/spielbericht/3092954|
Ajax|Dynamo Kyiv|610|338|3:1|2018|/spielbericht/index/spielbericht/3092958|
Dynamo Kyiv|Slavia Prague|338|62|2:0|2018|/spielbericht/index/spielbericht/3078612|
BATE Borisov|Qarabag Agdam|713|10625|1:1|2018|/spielbericht/index/spielbericht/3086938|
Spartak Moscow|PAOK Salonika|232|1091|0:0|2018|/spielbericht/index/spielbericht/3086932|
Fenerbahce|Benfica|36|294|1:1|2018|/spielbericht/index/spielbericht/3078611|
AEK Athens|Celtic|2441|371|2:1|2018|/spielbericht/index/spielbericht/3086934|
Dinamo Zagreb|FC Astana|419|22220|1:0|2018|/spielbericht/index/spielbericht/3086950|
Fehérvár|Malmö FF|11107|496|0:0|2018|/spielbericht/index/spielbericht/3086952|
Shkendija|RB Salzburg|1167|409|0:1|2018|/spielbericht/index/spielbericht/3085532|
Ajax|Standard Liège|610|3057|3:0|2018|/spielbericht/index/spielbericht/3086871|
Spartak Trnava|Red Star|365|159|1:2 AET|2018|/spielbericht/index/spielbericht/3086936|
FC Astana|Dinamo Zagreb|22220|419|0:2|2018|/spielbericht/index/spielbericht/3086949|
Qarabag Agdam|BATE Borisov|10625|713|0:1|2018|/spielbericht/index/spielbericht/3086937|
Malmö FF|Fehérvár|496|11107|1:1|2018|/spielbericht/index/spielbericht/3086951|
Slavia Prague|Dynamo Kyiv|62|338|1:1|2018|/spielbericht/index/spielbericht/3078610|
Standard Liège|Ajax|3057|610|2:2|2018|/spielbericht/index/spielbericht/3086870|
Red Star|Spartak Trnava|159|365|1:1|2018|/spielbericht/index/spielbericht/3086935|
Benfica|Fenerbahce|294|36|1:0|2018|/spielbericht/index/spielbericht/3078609|
RB Salzburg|Shkendija|409|1167|3:0|2018|/spielbericht/index/spielbericht/3085531|
PAOK Salonika|Spartak Moscow|1091|232|3:2|2018|/spielbericht/index/spielbericht/3086931|
Celtic|AEK Athens|371|2441|1:1|2018|/spielbericht/index/spielbericht/3086933|
H. Beer Sheva|Dinamo Zagreb|2976|419|2:2|2018|/spielbericht/index/spielbericht/3076547|
Sheriff|Shkendija|2481|1167|0:0|2018|/spielbericht/index/spielbericht/3076735|
Spartak Trnava|Legia Warszawa|365|255|0:1|2018|/spielbericht/index/spielbericht/3076733|
HJK Helsinki|BATE Borisov|1008|713|1:2|2018|/spielbericht/index/spielbericht/3076543|
Qarabag Agdam|FK Kukësi|10625|27116|3:0|2018|/spielbericht/index/spielbericht/3076737|
FC Midtjylland|FC Astana|865|22220|0:0|2018|/spielbericht/index/spielbericht/3076739|
Malmö FF|CFR Cluj|496|7769|1:1|2018|/spielbericht/index/spielbericht/3076549|
Suduva|Red Star|8047|159|0:2|2018|/spielbericht/index/spielbericht/3076541|
Fehérvár|Ludogorets|11107|31614|1:0|2018|/spielbericht/index/spielbericht/3076545|
FC Basel|PAOK Salonika|26|1091|0:3|2018|/spielbericht/index/spielbericht/3052505|
Sturm Graz|Ajax|122|610|1:3|2018|/spielbericht/index/spielbericht/3052506|
Rosenborg BK|Celtic|195|371|0:0|2018|/spielbericht/index/spielbericht/3076731|
FC Astana|FC Midtjylland|22220|865|2:1|2018|/spielbericht/index/spielbericht/3076738|
CFR Cluj|Malmö FF|7769|496|0:1|2018|/spielbericht/index/spielbericht/3076548|
PAOK Salonika|FC Basel|1091|26|2:1|2018|/spielbericht/index/spielbericht/3052503|
Dinamo Zagreb|H. Beer Sheva|419|2976|5:0|2018|/spielbericht/index/spielbericht/3076546|
Shkendija|Sheriff|1167|2481|1:0|2018|/spielbericht/index/spielbericht/3076734|
Red Star|Suduva|159|8047|3:0|2018|/spielbericht/index/spielbericht/3076540|
Legia Warszawa|Spartak Trnava|255|365|0:2|2018|/spielbericht/index/spielbericht/3076732|
BATE Borisov|HJK Helsinki|713|1008|0:0|2018|/spielbericht/index/spielbericht/3076542|
Ludogorets|Fehérvár|31614|11107|0:0|2018|/spielbericht/index/spielbericht/3076544|
FK Kukësi|Qarabag Agdam|27116|10625|0:0|2018|/spielbericht/index/spielbericht/3076736|
Ajax|Sturm Graz|610|122|2:0|2018|/spielbericht/index/spielbericht/3052504|
Celtic|Rosenborg BK|371|195|3:1|2018|/spielbericht/index/spielbericht/3076730|
HJK Helsinki|Víkingur Göta|1008|24832|3:1|2018|/spielbericht/index/spielbericht/3052471|
Valletta|FK Kukësi|6335|27116|1:1|2018|/spielbericht/index/spielbericht/3052475|
Malmö FF|FC Drita|496|33741|2:0|2018|/spielbericht/index/spielbericht/3061195|
APOEL Nicosia|Suduva|2784|8047|1:0|2018|/spielbericht/index/spielbericht/3052468|
H. Beer Sheva|FC Flora|2976|1002|3:1|2018|/spielbericht/index/spielbericht/3052476|
The New Saints|Shkendija|10734|1167|4:0|2018|/spielbericht/index/spielbericht/3052467|
Fehérvár|F91 Dudelange|11107|853|2:1|2018|/spielbericht/index/spielbericht/3052470|
Red Star|Spartaks|159|28936|2:0|2018|/spielbericht/index/spielbericht/3052477|
Crusaders|Ludogorets|21532|31614|0:2|2018|/spielbericht/index/spielbericht/3052472|
Legia Warszawa|Cork City|255|27774|3:0|2018|/spielbericht/index/spielbericht/3052473|
Zrinjski Mostar|Spartak Trnava|6808|365|1:1|2018|/spielbericht/index/spielbericht/3052479|
Sheriff|Torpedo Kutaisi|2481|253|3:0|2018|/spielbericht/index/spielbericht/3052466|
Qarabag Agdam|NK Olimpija|10625|4772|0:0|2018|/spielbericht/index/spielbericht/3052469|
Rosenborg BK|Valur|195|1033|3:1|2018|/spielbericht/index/spielbericht/3052474|
Sutjeska Niksic|FC Astana|3070|22220|0:2|2018|/spielbericht/index/spielbericht/3052480|
Celtic|Alashkert|371|37914|3:0|2018|/spielbericht/index/spielbericht/3052478|
Torpedo Kutaisi|Sheriff|253|2481|2:1|2018|/spielbericht/index/spielbericht/3052481|
FC Flora|H. Beer Sheva|1002|2976|1:4|2018|/spielbericht/index/spielbericht/3052491|
F91 Dudelange|Fehérvár|853|11107|1:1|2018|/spielbericht/index/spielbericht/3052485|
Alashkert|Celtic|37914|371|0:3|2018|/spielbericht/index/spielbericht/3052493|
Víkingur Göta|HJK Helsinki|24832|1008|1:2|2018|/spielbericht/index/spielbericht/3052486|
Shkendija|The New Saints|1167|10734|5:0|2018|/spielbericht/index/spielbericht/3055804|
FC Drita|Malmö FF|33741|496|0:3|2018|/spielbericht/index/spielbericht/3061194|
Cork City|Legia Warszawa|27774|255|0:1|2018|/spielbericht/index/spielbericht/3052488|
FC Astana|Sutjeska Niksic|22220|3070|1:0|2018|/spielbericht/index/spielbericht/3052495|
Suduva|APOEL Nicosia|8047|2784|3:1|2018|/spielbericht/index/spielbericht/3052483|
Spartaks|Red Star|28936|159|0:0|2018|/spielbericht/index/spielbericht/3052492|
Spartak Trnava|Zrinjski Mostar|365|6808|1:0|2018|/spielbericht/index/spielbericht/3052494|
Ludogorets|Crusaders|31614|21532|7:0|2018|/spielbericht/index/spielbericht/3052487|
FK Kukësi|Valletta|27116|6335|0:0|2018|/spielbericht/index/spielbericht/3052490|
NK Olimpija|Qarabag Agdam|4772|10625|0:1|2018|/spielbericht/index/spielbericht/3052484|
Valur|Rosenborg BK|1033|195|1:0|2018|/spielbericht/index/spielbericht/3052489|
Lincoln FC|FC Drita|38204|33741|1:4 AET|2018|/spielbericht/index/spielbericht/3055948|
FC Santa Coloma|FC Drita|10854|33741|0:2 AET|2018|/spielbericht/index/spielbericht/3050089|
La Fiorita|Lincoln FC|24349|38204|0:2|2018|/spielbericht/index/spielbericht/3050090|
Red Star|BSC Young Boys|159|452|1:1|2019|/spielbericht/index/spielbericht/3244531|
Rosenborg BK|Dinamo Zagreb|195|419|1:1|2019|/spielbericht/index/spielbericht/3244659|
Krasnodar|Olympiacos|16704|683|1:2|2019|/spielbericht/index/spielbericht/3244663|
Ajax|APOEL Nicosia|610|2784|2:0|2019|/spielbericht/index/spielbericht/3243583|
Slavia Prague|CFR Cluj|62|7769|1:0|2019|/spielbericht/index/spielbericht/3244657|
Club Brugge|LASK|2282|413|2:1|2019|/spielbericht/index/spielbericht/3244661|
CFR Cluj|Slavia Prague|7769|62|0:1|2019|/spielbericht/index/spielbericht/3244656|
LASK|Club Brugge|413|2282|0:1|2019|/spielbericht/index/spielbericht/3244660|
APOEL Nicosia|Ajax|2784|610|0:0|2019|/spielbericht/index/spielbericht/3243582|
BSC Young Boys|Red Star|452|159|2:2|2019|/spielbericht/index/spielbericht/3244530|
Dinamo Zagreb|Rosenborg BK|419|195|2:0|2019|/spielbericht/index/spielbericht/3244658|
Olympiacos|Krasnodar|683|16704|4:0|2019|/spielbericht/index/spielbericht/3244662|
Qarabag Agdam|APOEL Nicosia|10625|2784|0:2|2019|/spielbericht/index/spielbericht/3236526|
Rosenborg BK|NK Maribor|195|790|3:1|2019|/spielbericht/index/spielbericht/3237628|
Dynamo Kyiv|Club Brugge|338|2282|3:3|2019|/spielbericht/index/spielbericht/3229800|
Ferencváros|Dinamo Zagreb|279|419|0:4|2019|/spielbericht/index/spielbericht/3232127|
FC Copenhagen|Red Star|190|159|7:8 on pens|2019|/spielbericht/index/spielbericht/3235663|1:1
LASK|FC Basel|413|26|3:1|2019|/spielbericht/index/spielbericht/3230389|
Olympiacos|Basaksehir|683|6890|2:0|2019|/spielbericht/index/spielbericht/3232131|
Ajax|PAOK Salonika|610|1091|3:2|2019|/spielbericht/index/spielbericht/3225449|
Celtic|CFR Cluj|371|7769|3:4|2019|/spielbericht/index/spielbericht/3232129|
FC Porto|Krasnodar|720|16704|2:3|2019|/spielbericht/index/spielbericht/3229801|
PAOK Salonika|Ajax|1091|610|2:2|2019|/spielbericht/index/spielbericht/3225448|
APOEL Nicosia|Qarabag Agdam|2784|10625|1:2|2019|/spielbericht/index/spielbericht/3236518|
Dinamo Zagreb|Ferencváros|419|279|1:1|2019|/spielbericht/index/spielbericht/3232126|
Club Brugge|Dynamo Kyiv|2282|338|1:0|2019|/spielbericht/index/spielbericht/3229791|
Red Star|FC Copenhagen|159|190|1:1|2019|/spielbericht/index/spielbericht/3235662|
Krasnodar|FC Porto|16704|720|0:1|2019|/spielbericht/index/spielbericht/3229799|
Basaksehir|Olympiacos|6890|683|0:1|2019|/spielbericht/index/spielbericht/3232130|
FC Basel|LASK|26|413|1:2|2019|/spielbericht/index/spielbericht/3230388|
CFR Cluj|Celtic|7769|371|1:1|2019|/spielbericht/index/spielbericht/3232128|
NK Maribor|Rosenborg BK|790|195|1:3|2019|/spielbericht/index/spielbericht/3237627|
APOEL Nicosia|Sutjeska Niksic|2784|3070|3:0|2019|/spielbericht/index/spielbericht/3222670|
M. Tel Aviv|CFR Cluj|119|7769|2:2|2019|/spielbericht/index/spielbericht/3222671|
Kalju FC|Celtic|22783|371|0:2|2019|/spielbericht/index/spielbericht/3222669|
FC Basel|PSV Eindhoven|26|383|2:1|2019|/spielbericht/index/spielbericht/3222672|
Dinamo Zagreb|Saburtalo|419|41133|3:0|2019|/spielbericht/index/spielbericht/3222673|
Valletta|Ferencváros|6335|279|1:1|2019|/spielbericht/index/spielbericht/3222674|
Olympiacos|Viktoria Plzen|683|941|4:0|2019|/spielbericht/index/spielbericht/3222675|
HJK Helsinki|Red Star|1008|159|2:1|2019|/spielbericht/index/spielbericht/3222676|
AIK|NK Maribor|272|790|3:2 AET|2019|/spielbericht/index/spielbericht/3222677|
Qarabag Agdam|Dundalk FC|10625|6066|3:0|2019|/spielbericht/index/spielbericht/3222678|
Rosenborg BK|BATE Borisov|195|713|2:0|2019|/spielbericht/index/spielbericht/3222679|
FC Copenhagen|The New Saints|190|10734|1:0|2019|/spielbericht/index/spielbericht/3222680|
Viktoria Plzen|Olympiacos|941|683|0:0|2019|/spielbericht/index/spielbericht/3222657|
Saburtalo|Dinamo Zagreb|41133|419|0:2|2019|/spielbericht/index/spielbericht/3222658|
PSV Eindhoven|FC Basel|383|26|3:2|2019|/spielbericht/index/spielbericht/3222659|
The New Saints|FC Copenhagen|10734|190|0:2|2019|/spielbericht/index/spielbericht/3222660|
Sutjeska Niksic|APOEL Nicosia|3070|2784|0:1|2019|/spielbericht/index/spielbericht/3222661|
Celtic|Kalju FC|371|22783|5:0|2019|/spielbericht/index/spielbericht/3222667|
BATE Borisov|Rosenborg BK|713|195|2:1|2019|/spielbericht/index/spielbericht/3222662|
Ferencváros|Valletta|279|6335|3:1|2019|/spielbericht/index/spielbericht/3222663|
CFR Cluj|M. Tel Aviv|7769|119|1:0|2019|/spielbericht/index/spielbericht/3222664|
NK Maribor|AIK|790|272|2:1|2019|/spielbericht/index/spielbericht/3222665|
Red Star|HJK Helsinki|159|1008|2:0|2019|/spielbericht/index/spielbericht/3222666|
Dundalk FC|Qarabag Agdam|6066|10625|1:1|2019|/spielbericht/index/spielbericht/3222668|
Shkendija|Kalju FC|1167|22783|1:2|2019|/spielbericht/index/spielbericht/3211524|
Saburtalo|Sheriff|41133|2481|1:3|2019|/spielbericht/index/spielbericht/3211525|
HB Tórshavn|HJK Helsinki|4313|1008|2:2|2019|/spielbericht/index/spielbericht/3211526|
Valletta|F91 Dudelange|6335|853|1:1|2019|/spielbericht/index/spielbericht/3211527|
KF Feronikeli|The New Saints|34429|10734|0:1|2019|/spielbericht/index/spielbericht/3211528|
Red Star|Suduva|159|8047|2:1|2019|/spielbericht/index/spielbericht/3211529|
Riga|Dundalk FC|48325|6066|4:5 on pens|2019|/spielbericht/index/spielbericht/3211530|0:0
Rosenborg BK|Linfield|195|3471|4:0|2019|/spielbericht/index/spielbericht/3211531|
Qarabag Agdam|FK Partizani|10625|4040|2:0|2019|/spielbericht/index/spielbericht/3211532|
AIK|Ararat-Armenia|272|53453|3:1|2019|/spielbericht/index/spielbericht/3211533|
Ludogorets|Ferencváros|31614|279|2:3|2019|/spielbericht/index/spielbericht/3211534|
Piast Gliwice|BATE Borisov|6112|713|1:2|2019|/spielbericht/index/spielbericht/3211535|
CFR Cluj|FC Astana|7769|22220|3:1|2019|/spielbericht/index/spielbericht/3211536|
NK Maribor|Valur|790|1033|2:0|2019|/spielbericht/index/spielbericht/3211537|
Sutjeska Niksic|Slo. Bratislava|3070|540|3:2 on pens|2019|/spielbericht/index/spielbericht/3211538|1:1
Celtic|FK Sarajevo|371|282|2:1|2019|/spielbericht/index/spielbericht/3211539|
FC Astana|CFR Cluj|22220|7769|1:0|2019|/spielbericht/index/spielbericht/3211508|
Ararat-Armenia|AIK|53453|272|2:1|2019|/spielbericht/index/spielbericht/3211523|
HJK Helsinki|HB Tórshavn|1008|4313|3:0|2019|/spielbericht/index/spielbericht/3211509|
Kalju FC|Shkendija|22783|1167|0:1|2019|/spielbericht/index/spielbericht/3211510|
FK Sarajevo|Celtic|282|371|1:3|2019|/spielbericht/index/spielbericht/3211511|
The New Saints|KF Feronikeli|10734|34429|2:2|2019|/spielbericht/index/spielbericht/3211512|
F91 Dudelange|Valletta|853|6335|2:2|2019|/spielbericht/index/spielbericht/3211513|
Suduva|Red Star|8047|159|0:0|2019|/spielbericht/index/spielbericht/3211514|
FK Partizani|Qarabag Agdam|4040|10625|0:0|2019|/spielbericht/index/spielbericht/3211515|
BATE Borisov|Piast Gliwice|713|6112|1:1|2019|/spielbericht/index/spielbericht/3211516|
Sheriff|Saburtalo|2481|41133|0:3|2019|/spielbericht/index/spielbericht/3211517|
Ferencváros|Ludogorets|279|31614|2:1|2019|/spielbericht/index/spielbericht/3211518|
Slo. Bratislava|Sutjeska Niksic|540|3070|1:1|2019|/spielbericht/index/spielbericht/3211519|
Linfield|Rosenborg BK|3471|195|0:2|2019|/spielbericht/index/spielbericht/3211521|
Dundalk FC|Riga|6066|48325|0:0|2019|/spielbericht/index/spielbericht/3211520|
Valur|NK Maribor|1033|790|0:3|2019|/spielbericht/index/spielbericht/3211522|
KF Feronikeli|FC Santa Coloma|34429|10854|2:1|2019|/spielbericht/index/spielbericht/3205061|
Tre Penne|FC Santa Coloma|10747|10854|0:1|2019|/spielbericht/index/spielbericht/3194542|
KF Feronikeli|Lincoln FC|34429|38204|1:0|2019|/spielbericht/index/spielbericht/3194541|
