|StadiumCapacity|StadiumName|SquadSize|TopArrival|TopDeparture|IncomeValue|ExpenditureValues|OverallBalance
0|35.123 Seats|Maksimir|34|€400k|€8.00m|€9.56m|€650k|+€8.91m
1|34.183 Seats|Poljud|41|€2.00m|€7.00m|€9.65m|€3.68m|+€5.97m
2|8.136 Seats|Stadion Rujevica|34|€200k|€2.00m|€2.80m|€200k|+€2.60m
3|5.000 Seats|Gradski Stadion Ivan Kusek Apas|30|€50k|€2.00m|€2.30m|€50k|+€2.25m
4|18.856 Seats|Gradski vrt|30|Free transfer|€500k|€500k|0|+€500k
5|9.056 Seats|Aldo Drosina|26|Free transfer|Free transfer|0|0|0
6|8.850 Seats|Kranjceviceva|34|€300k|Free transfer|0|€500k|€-500k
7|35.123 Seats|Maksimir|38|€1.50m|€7.00m|€8.01m|€3.80m|+€4.21m
8|34.183 Seats|Poljud|34|€150k|€5.00m|€9.64m|€150k|+€9.49m
9|5.000 Seats|Gradski Stadion Ivan Kusek Apas|33|Free transfer|€385k|€385k|0|+€385k
10|18.856 Seats|Gradski vrt|33|Free transfer|€2.40m|€2.40m|0|+€2.40m
11|8.136 Seats|Stadion Rujevica|32|€100k|€725k|€1.70m|€150k|+€1.55m
12|9.056 Seats|Aldo Drosina|37|Free transfer|Free transfer|0|0|0
13|8.850 Seats|Kranjceviceva|36|€50k|Free transfer|0|€50k|€-50k
14|35.123 Seats|Maksimir|35|€1.45m|€300k|€420k|€4.75m|€-4.33m
15|34.183 Seats|Poljud|49|€250k|€1.00m|€2.65m|€500k|+€2.15m
16|5.000 Seats|Gradski Stadion Ivan Kusek Apas|31|€15k|€75k|€135k|€15k|+€120k
17|8.850 Seats|Kranjceviceva|36|€300k|€1.20m|€1.20m|€300k|+€900k
18|9.056 Seats|Aldo Drosina|35|€2k|€50k|€50k|€2k|+€48k
19|18.856 Seats|Gradski vrt|36|Free transfer|€500k|€800k|0|+€800k
20|8.136 Seats|Stadion Rujevica|36|Free transfer|€50k|€50k|0|+€50k
21|35.123 Seats|Maksimir|37|€2.40m|€11.00m|€20.00m|€4.10m|+€15.90m
22|34.183 Seats|Poljud|43|€300k|€3.70m|€7.64m|€400k|+€7.24m
23|8.136 Seats|Stadion Rujevica|32|€450k|Free transfer|0|€810k|€-810k
24|5.000 Seats|Gradski Stadion Ivan Kusek Apas|33|Free transfer|Free transfer|0|0|0
25|9.056 Seats|Aldo Drosina|32|Free transfer|€235k|€285k|0|+€285k
26|8.850 Seats|Kranjceviceva|31|Free transfer|€2.40m|€3.60m|0|+€3.60m
27|18.856 Seats|Gradski vrt|37|Free transfer|€450k|€1.07m|0|+€1.07m
28|35.123 Seats|Maksimir|58|€1.60m|€5.00m|€15.78m|€4.32m|+€11.46m
29|8.136 Seats|Stadion Rujevica|50|€1.20m|€1.00m|€1.45m|€1.77m|€-320k
30|34.183 Seats|Poljud|51|Free transfer|€1.00m|€1.22m|0|+€1.22m
31|5.000 Seats|Gradski Stadion Ivan Kusek Apas|32|Free transfer|€1.50m|€2.10m|0|+€2.10m
32|8.850 Seats|Kranjceviceva|42|Free transfer|€1.00m|€1.00m|0|+€1.00m
33|9.056 Seats|Aldo Drosina|47|Free transfer|€350k|€1.02m|0|+€1.02m
34|18.856 Seats|Gradski vrt|36|Free transfer|€190k|€190k|0|+€190k
35|35.123 Seats|Maksimir|41|€2.50m|€5.00m|€9.93m|€9.05m|+€880k
36|8.136 Seats|Stadion Rujevica|45|€550k|€9.00m|€9.50m|€1.85m|+€7.65m
37|34.183 Seats|Poljud|43|Free transfer|€2.50m|€6.09m|0|+€6.09m
38|8.850 Seats|Kranjceviceva|40|Free transfer|€1.00m|€2.28m|0|+€2.28m
39|9.056 Seats|Aldo Drosina|49|Free transfer|€230k|€340k|0|+€340k
40|5.000 Seats|Gradski Stadion Ivan Kusek Apas|36|Free transfer|€350k|€850k|0|+€850k
41|18.856 Seats|Gradski vrt|43|Free transfer|€250k|€250k|0|+€250k
42|35.123 Seats|Maksimir|49|€5.00m|€7.50m|€13.90m|€9.30m|+€4.61m
43|8.136 Seats|Stadion Rujevica|42|€600k|€2.60m|€6.95m|€1.22m|+€5.74m
44|34.183 Seats|Poljud|39|Free transfer|€3.00m|€6.00m|0|+€6.00m
45|8.850 Seats|Kranjceviceva|44|€65k|Free transfer|0|€130k|€-130k
46|9.056 Seats|Aldo Drosina|41|Free transfer|Free transfer|0|0|0
47|5.000 Seats|Gradski Stadion Ivan Kusek Apas|33|Free transfer|€400k|€750k|0|+€750k
48|18.856 Seats|Gradski vrt|38|Free transfer|€150k|€150k|0|+€150k
49|35.123 Seats|Maksimir|49|€1.60m|€23.00m|€41.15m|€5.46m|+€35.69m
50|8.136 Seats|Stadion Rujevica|45|€150k|€4.20m|€15.10m|€150k|+€14.95m
51|34.183 Seats|Poljud|42|€375k|€3.00m|€8.40m|€607k|+€7.79m
52|8.850 Seats|Kranjceviceva|57|€200k|€600k|€1.30m|€200k|+€1.10m
53|18.856 Seats|Gradski vrt|40|€400k|€50k|€50k|€610k|€-560k
54|5.000 Seats|Gradski Stadion Ivan Kusek Apas|33|Free transfer|€700k|€1.58m|0|+€1.58m
55|9.056 Seats|Aldo Drosina|39|Free transfer|€500k|€500k|0|+€500k
56|35.123 Seats|Maksimir|42|€800k|€13.50m|€21.73m|€1.30m|+€20.43m
57|8.136 Seats|Stadion Rujevica|44|€500k|€4.25m|€9.00m|€1.00m|+€8.00m
58|34.183 Seats|Poljud|38|€500k|€10.80m|€13.90m|€950k|+€12.95m
59|18.856 Seats|Gradski vrt|41|€700k|€1.00m|€1.00m|€1.77m|€-770k
60|8.850 Seats|Kranjceviceva|41|€135k|€600k|€1.00m|€135k|+€865k
61|9.056 Seats|Aldo Drosina|57|Free transfer|€400k|€400k|0|+€400k
62|5.000 Seats|Gradski Stadion Ivan Kusek Apas|33|Free transfer|€500k|€950k|0|+€950k
63|35.123 Seats|Maksimir|40|€2.65m|€14.50m|€33.50m|€10.05m|+€23.45m
64|34.183 Seats|Poljud|40|€450k|€6.30m|€15.40m|€925k|+€14.48m
65|8.136 Seats|Stadion Rujevica|49|€800k|€5.00m|€12.38m|€800k|+€11.58m
66|18.856 Seats|Gradski vrt|42|€30k|€2.70m|€10.95m|€30k|+€10.92m
67|8.850 Seats|Kranjceviceva|52|€350k|€2.50m|€2.65m|€600k|+€2.05m
68|5.000 Seats|Gradski Stadion Ivan Kusek Apas|35|Free transfer|€2.28m|€2.28m|0|+€2.28m
69|9.056 Seats|Aldo Drosina|48|€250k|Free transfer|0|€250k|€-250k
70|32.710 Seats|Partizan Stadion|34|€400k|€6.80m|€11.44m|€1.17m|+€10.27m
71|14.852 Seats|Stadion Karadjordje|37|€160k|€2.25m|€4.28m|€260k|+€4.02m
72|51.755 Seats|Rajko Mitiæ Stadium|34|€472k|€2.80m|€6.46m|€1.78m|+€4.67m
73|6.000 Seats|Stadion Kralj Petar Prvi|33|€40k|€350k|€350k|€90k|+€260k
74|13.020 Seats|Gradski Stadion Subotica|0|€30k|€100k|0|0|0
75|32.710 Seats|Partizan Stadion|37|€300k|€4.00m|€8.43m|€330k|+€8.10m
76|51.755 Seats|Rajko Mitiæ Stadium|33|€770k|€2.47m|€4.66m|€2.46m|+€2.20m
77|14.852 Seats|Stadion Karadjordje|35|Free transfer|€1.10m|€1.70m|0|+€1.70m
78|6.000 Seats|Stadion Kralj Petar Prvi|35|€50k|€1.20m|€3.37m|€50k|+€3.32m
79|13.020 Seats|Gradski Stadion Subotica|32|€100k|€600k|€900k|€160k|+€740k
80|51.755 Seats|Rajko Mitiæ Stadium|40|€708k|€1.74m|€6.55m|€3.07m|+€3.47m
81|14.852 Seats|Stadion Karadjordje|37|€200k|€2.00m|€5.20m|€200k|+€5.00m
82|32.710 Seats|Partizan Stadion|32|€1.20m|€12.00m|€22.35m|€3.29m|+€19.06m
83|6.000 Seats|Stadion Kralj Petar Prvi|38|€177k|€708k|€1.41m|€187k|+€1.22m
84|13.020 Seats|Gradski Stadion Subotica|32|Free transfer|€153k|€353k|0|+€353k
85|32.710 Seats|Partizan Stadion|40|€300k|€2.00m|€3.50m|€850k|+€2.65m
86|51.755 Seats|Rajko Mitiæ Stadium|45|€425k|€600k|€600k|€1.03m|€-427k
87|14.852 Seats|Stadion Karadjordje|37|Free transfer|€1.50m|€2.15m|0|+€2.15m
88|6.000 Seats|Stadion Kralj Petar Prvi|43|Free transfer|€1.20m|€3.02m|0|+€3.02m
89|13.020 Seats|Gradski Stadion Subotica|28|Free transfer|Free transfer|0|0|0
90|32.710 Seats|Partizan Stadion|44|€200k|€10.00m|€21.80m|€200k|+€21.60m
91|51.755 Seats|Rajko Mitiæ Stadium|41|€200k|€2.70m|€6.51m|€901k|+€5.60m
92|14.852 Seats|Stadion Karadjordje|52|Free transfer|€200k|€520k|0|+€520k
93|6.000 Seats|Stadion Kralj Petar Prvi|50|Free transfer|€500k|€500k|0|+€500k
94|13.020 Seats|Gradski Stadion Subotica|38|€80k|€360k|€440k|€80k|+€360k
95|32.710 Seats|Partizan Stadion|39|Free transfer|€3.20m|€4.20m|0|+€4.20m
96|51.755 Seats|Rajko Mitiæ Stadium|38|€250k|€2.50m|€3.00m|€600k|+€2.40m
97|14.852 Seats|Stadion Karadjordje|37|Free transfer|€1.75m|€4.35m|0|+€4.35m
98|6.000 Seats|Stadion Kralj Petar Prvi|35|Free transfer|Free transfer|0|0|0
99|13.020 Seats|Gradski Stadion Subotica|33|Free transfer|Free transfer|0|0|0
100|32.710 Seats|Partizan Stadion|45|€450k|€3.00m|€5.47m|€870k|+€4.60m
101|51.755 Seats|Rajko Mitiæ Stadium|37|€1.00m|€7.00m|€15.75m|€2.40m|+€13.35m
102|14.852 Seats|Stadion Karadjordje|41|Free transfer|€1.25m|€3.39m|0|+€3.39m
103|13.020 Seats|Gradski Stadion Subotica|38|Free transfer|€350k|€350k|0|+€350k
104|6.000 Seats|Stadion Kralj Petar Prvi|39|Free transfer|€960k|€1.16m|0|+€1.16m
105|51.755 Seats|Rajko Mitiæ Stadium|44|€300k|€2.00m|€3.90m|€840k|+€3.06m
106|32.710 Seats|Partizan Stadion|49|€900k|€1.70m|€3.85m|€1.71m|+€2.14m
107|14.852 Seats|Stadion Karadjordje|48|Free transfer|€750k|€1.05m|0|+€1.05m
108|6.000 Seats|Stadion Kralj Petar Prvi|42|Free transfer|Free transfer|0|0|0
109|13.020 Seats|Gradski Stadion Subotica|44|Free transfer|€300k|€350k|0|+€350k
110|32.710 Seats|Partizan Stadion|43|€1.65m|€5.10m|€14.00m|€2.96m|+€11.04m
111|51.755 Seats|Rajko Mitiæ Stadium|37|€3.00m|€5.50m|€14.05m|€5.30m|+€8.75m
112|14.852 Seats|Stadion Karadjordje|49|€150k|€500k|€1.35m|€300k|+€1.05m
113|6.000 Seats|Stadion Kralj Petar Prvi|40|Free transfer|€400k|€400k|0|+€400k
114|13.020 Seats|Gradski Stadion Subotica|40|Free transfer|€400k|€900k|0|+€900k
115|51.755 Seats|Rajko Mitiæ Stadium|47|€2.50m|€12.00m|€24.05m|€10.14m|+€13.91m
116|32.710 Seats|Partizan Stadion|47|€500k|€1.95m|€6.55m|€1.10m|+€5.45m
117|14.852 Seats|Stadion Karadjordje|45|€100k|€650k|€700k|€100k|+€600k
118|6.000 Seats|Stadion Kralj Petar Prvi|44|Free transfer|€500k|€800k|0|+€800k
119|13.020 Seats|Gradski Stadion Subotica|45|Free transfer|€350k|€750k|0|+€750k
120|30.188 Seats|Red Bull Arena Salzburg|32|€2.50m|€400k|€400k|€7.00m|€-6.60m
121|28.345 Seats|Allianz-Stadion|29|€600k|€5.00m|€7.00m|€1.00m|+€6.00m
122|17.500 Seats|Generali Arena|30|€200k|Free transfer|0|€200k|€-200k
123|16.364 Seats|Merkur Arena|31|Free transfer|€300k|€300k|0|+€300k
124|30.188 Seats|Red Bull Arena Salzburg|35|€6.90m|€7.00m|€11.60m|€19.30m|€-7.70m
125|28.345 Seats|Allianz-Stadion|31|€300k|€4.90m|€4.90m|€620k|+€4.28m
126|17.500 Seats|Generali Arena|29|€400k|€1.00m|€1.00m|€700k|+€300k
127|16.364 Seats|Merkur Arena|27|€400k|€1.30m|€1.95m|€450k|+€1.50m
128|30.188 Seats|Red Bull Arena Salzburg|34|€1.20m|Free transfer|0|€2.85m|€-2.85m
129|17.500 Seats|Generali Arena|32|€300k|€4.50m|€6.40m|€1.15m|+€5.25m
130|28.345 Seats|Allianz-Stadion|28|€800k|€1.05m|€3.20m|€1.05m|+€2.15m
131|16.364 Seats|Merkur Arena|32|Free transfer|€1.00m|€1.30m|0|+€1.30m
132|30.188 Seats|Red Bull Arena Salzburg|34|€4.00m|€1.50m|€1.70m|€15.98m|€-14.28m
133|17.500 Seats|Generali Arena|29|€650k|€2.50m|€2.50m|€1.15m|+€1.35m
134|28.345 Seats|Allianz-Stadion|35|€350k|€500k|€1.00m|€580k|+€420k
135|16.364 Seats|Merkur Arena|35|Free transfer|Free transfer|0|0|0
136|30.188 Seats|Red Bull Arena Salzburg|35|€2.00m|€300k|€550k|€4.20m|€-3.65m
137|17.500 Seats|Generali Arena|38|€200k|€250k|€250k|€200k|+€50k
138|28.345 Seats|Allianz-Stadion|28|€250k|Free transfer|0|€250k|€-250k
139|16.364 Seats|Merkur Arena|34|€1.00m|€10k|€10k|€1.00m|€-990k
140|30.188 Seats|Red Bull Arena Salzburg|34|€2.50m|€23.00m|€47.30m|€7.30m|+€40.00m
141|17.500 Seats|Generali Arena|36|€1.20m|€7.00m|€9.25m|€3.42m|+€5.83m
142|28.345 Seats|Allianz-Stadion|27|€750k|€2.00m|€4.70m|€1.65m|+€3.05m
143|16.364 Seats|Merkur Arena|35|€250k|€2.50m|€3.60m|€250k|+€3.35m
144|30.188 Seats|Red Bull Arena Salzburg|37|€2.70m|€3.00m|€8.60m|€8.64m|€-36k
145|28.345 Seats|Allianz-Stadion|34|€800k|€7.50m|€8.90m|€2.00m|+€6.90m
146|17.500 Seats|Generali Arena|31|€800k|€700k|€700k|€1.59m|€-885k
147|16.364 Seats|Merkur Arena|33|€450k|€300k|€300k|€450k|€-150k
148|30.188 Seats|Red Bull Arena Salzburg|44|€5.00m|€29.75m|€73.55m|€9.45m|+€64.10m
149|28.345 Seats|Allianz-Stadion|37|€2.30m|€3.50m|€5.15m|€6.20m|€-1.05m
150|17.500 Seats|Generali Arena|31|€500k|€1.00m|€1.00m|€950k|+€50k
151|16.364 Seats|Merkur Arena|32|€600k|€3.00m|€6.05m|€800k|+€5.25m
152|30.188 Seats|Red Bull Arena Salzburg|37|€1.00m|€8.00m|€17.00m|€2.40m|+€14.60m
153|17.500 Seats|Generali Arena|38|€750k|€3.80m|€5.55m|€2.05m|+€3.50m
154|28.345 Seats|Allianz-Stadion|35|€1.50m|€8.10m|€9.08m|€3.10m|+€5.98m
155|16.364 Seats|Merkur Arena|35|€250k|€800k|€1.80m|€325k|+€1.48m
156|30.188 Seats|Red Bull Arena Salzburg|41|€8.00m|€19.00m|€61.60m|€16.25m|+€45.35m
157|28.345 Seats|Allianz-Stadion|37|€1.50m|€3.50m|€9.70m|€5.25m|+€4.45m
158|17.500 Seats|Generali Arena|34|Free transfer|€400k|€400k|0|+€400k
159|16.364 Seats|Merkur Arena|32|€760k|€2.50m|€4.35m|€1.06m|+€3.29m
160|18.944 Seats|Generali Arena|34|€400k|Free transfer|0|€400k|€-400k
161|20.617 Seats|Sinobo Stadium|0|€1.20m|€2.50m|0|0|0
162|18.221 Seats|AGC Aréna|30|Free transfer|Free transfer|0|0|0
163|5.000 Seats|Lokotrans Arena|31|€200k|€1.00m|€1.00m|€200k|+€800k
164|9.900 Seats|Stadion U Nisy|32|Free transfer|Free transfer|0|0|0
165|11.700 Seats|Doosan Aréna|26|€400k|Free transfer|0|€400k|€-400k
166|6.108 Seats|Støelnice|29|€800k|€1.20m|€1.20m|€1.55m|€-350k
167|8.000 Seats|Mìstský fotbalový stadion Miroslava Valenty|34|Free transfer|Free transfer|0|0|0
168|18.944 Seats|Generali Arena|36|€1.15m|€4.00m|€8.00m|€1.98m|+€6.02m
169|20.617 Seats|Sinobo Stadium|37|Free transfer|€3.80m|€5.58m|0|+€5.58m
170|18.221 Seats|AGC Aréna|32|€200k|Free transfer|0|€200k|€-200k
171|11.700 Seats|Doosan Aréna|36|€700k|€500k|€500k|€1.46m|€-960k
172|5.000 Seats|Lokotrans Arena|33|€100k|Free transfer|0|€100k|€-100k
173|9.900 Seats|Stadion U Nisy|29|€450k|€100k|€100k|€450k|€-350k
174|6.108 Seats|Støelnice|26|€100k|€480k|€480k|€175k|+€305k
175|8.000 Seats|Mìstský fotbalový stadion Miroslava Valenty|29|€150k|Free transfer|0|€225k|€-225k
176|18.944 Seats|Generali Arena|36|€600k|€2.00m|€2.48m|€920k|+€1.56m
177|11.700 Seats|Doosan Aréna|30|€800k|€3.50m|€3.50m|€1.40m|+€2.10m
178|5.000 Seats|Lokotrans Arena|33|?|€600k|€600k|0|+€600k
179|18.221 Seats|AGC Aréna|31|Free transfer|€30k|€30k|0|+€30k
180|20.617 Seats|Sinobo Stadium|37|€400k|€900k|€900k|€400k|+€500k
181|9.900 Seats|Stadion U Nisy|25|Free transfer|€1.00m|€1.80m|0|+€1.80m
182|6.108 Seats|Støelnice|28|Free transfer|€2.00m|€3.00m|0|+€3.00m
183|8.000 Seats|Mìstský fotbalový stadion Miroslava Valenty|31|?|Free transfer|0|0|0
184|18.944 Seats|Generali Arena|34|€800k|€450k|€450k|€1.42m|€-970k
185|11.700 Seats|Doosan Aréna|32|€800k|€300k|€520k|€2.64m|€-2.12m
186|5.000 Seats|Lokotrans Arena|37|Free transfer|Free transfer|0|0|0
187|9.900 Seats|Stadion U Nisy|39|Free transfer|€1.80m|€2.35m|0|+€2.35m
188|20.617 Seats|Sinobo Stadium|36|€500k|Free transfer|0|€500k|€-500k
189|18.221 Seats|AGC Aréna|33|€120k|Free transfer|0|€120k|€-120k
190|6.108 Seats|Støelnice|27|Free transfer|€800k|€1.44m|0|+€1.44m
191|8.000 Seats|Mìstský fotbalový stadion Miroslava Valenty|35|Free transfer|Free transfer|0|0|0
192|18.944 Seats|Generali Arena|42|€1.10m|€3.20m|€4.10m|€1.58m|+€2.52m
193|11.700 Seats|Doosan Aréna|40|€750k|€4.00m|€4.15m|€1.35m|+€2.80m
194|20.617 Seats|Sinobo Stadium|45|€250k|€1.00m|€1.00m|€250k|+€750k
195|5.000 Seats|Lokotrans Arena|42|Free transfer|Free transfer|0|0|0
196|6.108 Seats|Støelnice|35|Free transfer|€1.15m|€1.15m|0|+€1.15m
197|9.900 Seats|Stadion U Nisy|39|€121k|€700k|€700k|€121k|+€579k
198|18.221 Seats|AGC Aréna|35|€200k|Free transfer|0|€200k|€-200k
199|8.000 Seats|Mìstský fotbalový stadion Miroslava Valenty|36|Free transfer|?|0|0|0
200|18.944 Seats|Generali Arena|39|€100k|€2.00m|€3.00m|€100k|+€2.90m
201|11.700 Seats|Doosan Aréna|33|€700k|Free transfer|0|€1.35m|€-1.35m
202|6.108 Seats|Støelnice|31|Free transfer|Free transfer|0|0|0
203|5.000 Seats|Lokotrans Arena|38|Free transfer|Free transfer|0|0|0
204|9.900 Seats|Stadion U Nisy|39|Free transfer|Free transfer|0|0|0
205|20.617 Seats|Sinobo Stadium|39|Free transfer|€550k|€550k|0|+€550k
206|18.221 Seats|AGC Aréna|33|Free transfer|€400k|€400k|0|+€400k
207|8.000 Seats|Mìstský fotbalový stadion Miroslava Valenty|36|Free transfer|Free transfer|0|0|0
208|18.944 Seats|Generali Arena|47|€500k|€3.50m|€4.10m|€1.25m|+€2.85m
209|11.700 Seats|Doosan Aréna|34|Free transfer|Free transfer|0|0|0
210|20.617 Seats|Sinobo Stadium|36|€1.00m|Free transfer|0|€3.60m|€-3.60m
211|5.000 Seats|Lokotrans Arena|38|Free transfer|€1.70m|€2.50m|0|+€2.50m
212|9.900 Seats|Stadion U Nisy|42|Free transfer|€1.50m|€1.50m|0|+€1.50m
213|6.108 Seats|Støelnice|28|Free transfer|€140k|€140k|0|+€140k
214|18.221 Seats|AGC Aréna|36|€75k|Free transfer|0|€75k|€-75k
215|8.000 Seats|Mìstský fotbalový stadion Miroslava Valenty|32|Free transfer|Free transfer|0|0|0
216|18.944 Seats|Generali Arena|55|€2.70m|€8.50m|€20.75m|€5.95m|+€14.80m
217|11.700 Seats|Doosan Aréna|35|€750k|€750k|€2.10m|€1.25m|+€850k
218|20.617 Seats|Sinobo Stadium|36|€1.40m|€200k|€400k|€5.35m|€-4.95m
219|6.108 Seats|Støelnice|39|Free transfer|€1.10m|€1.65m|0|+€1.65m
220|9.900 Seats|Stadion U Nisy|45|€400k|€1.50m|€2.52m|€450k|+€2.07m
221|5.000 Seats|Lokotrans Arena|37|€200k|€400k|€400k|€200k|+€200k
222|18.221 Seats|AGC Aréna|36|Free transfer|€550k|€550k|0|+€550k
223|8.000 Seats|Mìstský fotbalový stadion Miroslava Valenty|36|?|Free transfer|0|0|0
224|18.944 Seats|Generali Arena|37|€3.75m|€3.00m|€9.50m|€16.00m|€-6.50m
225|20.617 Seats|Sinobo Stadium|33|€1.00m|€3.00m|€9.13m|€5.47m|+€3.66m
226|11.700 Seats|Doosan Aréna|31|€1.00m|€2.50m|€3.50m|€2.00m|+€1.50m
227|5.000 Seats|Lokotrans Arena|43|Free transfer|€240k|€240k|0|+€240k
228|9.900 Seats|Stadion U Nisy|37|€180k|€1.50m|€2.90m|€180k|+€2.72m
229|6.108 Seats|Støelnice|33|€240k|€1.50m|€2.83m|€240k|+€2.59m
230|18.221 Seats|AGC Aréna|36|Free transfer|Free transfer|0|0|0
231|8.000 Seats|Mìstský fotbalový stadion Miroslava Valenty|28|Free transfer|€800k|€800k|0|+€800k
232|18.944 Seats|Generali Arena|44|€1.65m|€10.00m|€14.16m|€3.69m|+€10.48m
233|20.617 Seats|Sinobo Stadium|45|€3.20m|€350k|€450k|€11.44m|€-10.99m
234|11.700 Seats|Doosan Aréna|39|€600k|Free transfer|0|€600k|€-600k
235|5.000 Seats|Lokotrans Arena|44|€400k|Free transfer|0|€400k|€-400k
236|6.108 Seats|Støelnice|32|€1.00m|€850k|€2.02m|€1.48m|+€540k
237|9.900 Seats|Stadion U Nisy|41|€155k|€1.00m|€1.70m|€155k|+€1.55m
238|18.221 Seats|AGC Aréna|39|Free transfer|€900k|€900k|0|+€900k
239|8.000 Seats|Mìstský fotbalový stadion Miroslava Valenty|34|Free transfer|Free transfer|0|0|0
240|33.130 Seats|Stadion Miejski im. Henryka Reymana|34|€450k|€200k|€250k|€550k|€-300k
241|30.967 Seats|Stadion Miejski im. Marsza³ka Józefa Pi³sudskiego|33|€70k|€500k|€1.01m|€70k|+€938k
242|42.837 Seats|Stadion Poznañ|30|€430k|€3.20m|€3.50m|€1.40m|+€2.10m
243|15.500 Seats|Suzuki Arena|37|€50k|€60k|€60k|€163k|€-103k
244|42.771 Seats|Stadion Miejski|29|€200k|€75k|€75k|€200k|€-125k
245|22.432 Seats|Stadion Miejski|37|€200k|€60k|€70k|€475k|€-405k
246|43.615 Seats|Stadion Energa Gdañsk|29|€200k|€20k|€20k|€350k|€-330k
247|30.967 Seats|Stadion Miejski im. Marsza³ka Józefa Pi³sudskiego|35|€800k|€250k|€620k|€2.72m|€-2.10m
248|33.130 Seats|Stadion Miejski im. Henryka Reymana|38|€675k|€3.80m|€8.33m|€2.21m|+€6.12m
249|42.837 Seats|Stadion Poznañ|34|€1.00m|€4.75m|€5.33m|€2.98m|+€2.35m
250|15.500 Seats|Suzuki Arena|34|€150k|€250k|€425k|€285k|+€140k
251|42.771 Seats|Stadion Miejski|30|€275k|€75k|€75k|€380k|€-305k
252|22.432 Seats|Stadion Miejski|34|€350k|€900k|€1.28m|€783k|+€498k
253|43.615 Seats|Stadion Energa Gdañsk|28|€215k|€140k|€330k|€590k|€-260k
254|30.967 Seats|Stadion Miejski im. Marsza³ka Józefa Pi³sudskiego|37|€50k|€3.20m|€6.11m|€50k|+€6.06m
255|42.837 Seats|Stadion Poznañ|29|€350k|€200k|€370k|€350k|+€20k
256|33.130 Seats|Stadion Miejski im. Henryka Reymana|31|€650k|€80k|€115k|€1.10m|€-985k
257|42.771 Seats|Stadion Miejski|31|€300k|Free transfer|0|€800k|€-800k
258|22.432 Seats|Stadion Miejski|37|€280k|€1.90m|€2.19m|€650k|+€1.54m
259|43.615 Seats|Stadion Energa Gdañsk|34|€70k|€20k|€20k|€270k|€-250k
260|15.500 Seats|Suzuki Arena|36|€25k|€120k|€120k|€45k|+€75k
261|33.130 Seats|Stadion Miejski im. Henryka Reymana|33|€40k|€800k|€1.80m|€42k|+€1.76m
262|42.771 Seats|Stadion Miejski|34|Free transfer|Free transfer|0|0|0
263|30.967 Seats|Stadion Miejski im. Marsza³ka Józefa Pi³sudskiego|33|€100k|€2.70m|€2.70m|€210k|+€2.49m
264|42.837 Seats|Stadion Poznañ|33|€410k|€3.50m|€4.13m|€945k|+€3.18m
265|43.615 Seats|Stadion Energa Gdañsk|41|€100k|€500k|€500k|€110k|+€390k
266|15.500 Seats|Suzuki Arena|38|€10k|€13k|€13k|€13k|0
267|22.432 Seats|Stadion Miejski|36|€200k|€1.00m|€1.60m|€260k|+€1.34m
268|30.967 Seats|Stadion Miejski im. Marsza³ka Józefa Pi³sudskiego|42|€500k|€2.65m|€5.33m|€1.64m|+€3.69m
269|42.837 Seats|Stadion Poznañ|34|€100k|€3.20m|€3.43m|€100k|+€3.33m
270|42.771 Seats|Stadion Miejski|36|€26k|€1.00m|€1.00m|€26k|+€974k
271|33.130 Seats|Stadion Miejski im. Henryka Reymana|38|Free transfer|€150k|€180k|0|+€180k
272|22.432 Seats|Stadion Miejski|43|€50k|€500k|€580k|€50k|+€530k
273|15.500 Seats|Suzuki Arena|43|€100k|€50k|€55k|€115k|€-60k
274|43.615 Seats|Stadion Energa Gdañsk|39|€200k|€400k|€755k|€230k|+€525k
275|30.967 Seats|Stadion Miejski im. Marsza³ka Józefa Pi³sudskiego|39|€800k|€2.25m|€5.18m|€1.61m|+€3.57m
276|42.837 Seats|Stadion Poznañ|33|€600k|€4.00m|€4.00m|€1.60m|+€2.40m
277|43.615 Seats|Stadion Energa Gdañsk|40|€800k|€2.50m|€2.58m|€2.90m|€-320k
278|33.130 Seats|Stadion Miejski im. Henryka Reymana|32|€75k|€1.40m|€1.40m|€75k|+€1.33m
279|15.500 Seats|Suzuki Arena|35|Free transfer|€2k|€2k|0|+€2k
280|42.771 Seats|Stadion Miejski|31|€5k|€370k|€370k|€7k|+€364k
281|22.432 Seats|Stadion Miejski|43|€75k|€700k|€950k|€127k|+€823k
282|30.967 Seats|Stadion Miejski im. Marsza³ka Józefa Pi³sudskiego|36|€800k|€1.50m|€2.75m|€2.93m|€-175k
283|42.837 Seats|Stadion Poznañ|35|€500k|€200k|€210k|€1.70m|€-1.49m
284|43.615 Seats|Stadion Energa Gdañsk|37|€500k|€800k|€1.10m|€910k|+€190k
285|22.432 Seats|Stadion Miejski|41|€250k|€1.00m|€2.70m|€693k|+€2.01m
286|33.130 Seats|Stadion Miejski im. Henryka Reymana|36|€400k|€75k|€110k|€475k|€-365k
287|42.771 Seats|Stadion Miejski|31|Free transfer|€300k|€400k|0|+€400k
288|15.500 Seats|Suzuki Arena|43|Free transfer|€13k|€13k|0|+€13k
289|30.967 Seats|Stadion Miejski im. Marsza³ka Józefa Pi³sudskiego|48|€1.00m|€4.20m|€14.80m|€4.32m|+€10.48m
290|43.615 Seats|Stadion Energa Gdañsk|40|€500k|€50k|€75k|€550k|€-475k
291|42.837 Seats|Stadion Poznañ|39|€300k|€3.20m|€6.07m|€300k|+€5.77m
292|33.130 Seats|Stadion Miejski im. Henryka Reymana|37|Free transfer|€1.00m|€1.80m|0|+€1.80m
293|22.432 Seats|Stadion Miejski|37|€300k|€2.50m|€2.50m|€350k|+€2.15m
294|42.771 Seats|Stadion Miejski|31|Free transfer|Free transfer|0|0|0
295|15.500 Seats|Suzuki Arena|44|Free transfer|Free transfer|0|0|0
296|30.967 Seats|Stadion Miejski im. Marsza³ka Józefa Pi³sudskiego|48|€750k|€2.50m|€4.95m|€3.10m|+€1.85m
297|43.615 Seats|Stadion Energa Gdañsk|40|Free transfer|€2.60m|€3.07m|0|+€3.07m
298|42.837 Seats|Stadion Poznañ|34|€650k|€6.00m|€12.49m|€1.28m|+€11.21m
299|22.432 Seats|Stadion Miejski|37|€600k|€1.50m|€2.16m|€1.26m|+€900k
300|33.130 Seats|Stadion Miejski im. Henryka Reymana|40|Free transfer|€2.20m|€2.60m|0|+€2.60m
301|42.771 Seats|Stadion Miejski|35|€75k|€275k|€275k|€165k|+€110k
302|15.500 Seats|Suzuki Arena|37|€50k|€100k|€100k|€50k|+€50k
303|30.967 Seats|Stadion Miejski im. Marsza³ka Józefa Pi³sudskiego|44|€500k|€275k|€275k|€1.93m|€-1.65m
304|42.837 Seats|Stadion Poznañ|41|€1.00m|€800k|€1.25m|€1.43m|€-175k
305|22.432 Seats|Stadion Miejski|45|€550k|€2.00m|€3.86m|€1.11m|+€2.75m
306|33.130 Seats|Stadion Miejski im. Henryka Reymana|45|€125k|€550k|€1.11m|€178k|+€935k
307|43.615 Seats|Stadion Energa Gdañsk|36|Free transfer|€500k|€500k|0|+€500k
308|42.771 Seats|Stadion Miejski|37|€90k|€300k|€300k|€203k|+€98k
309|15.500 Seats|Suzuki Arena|37|€40k|€100k|€175k|€40k|+€135k
310|23.500 Seats|Dr. Constantin Rãdulescu|34|€1.00m|€6.50m|€8.90m|€1.28m|+€7.62m
311|15.032 Seats|Dinamo|34|€150k|€600k|€2.20m|€150k|+€2.05m
312|23.500 Seats|Dr. Constantin Rãdulescu|41|€900k|€6.00m|€11.70m|€3.53m|+€8.17m
313|15.032 Seats|Dinamo|41|€250k|€2.00m|€5.45m|€750k|+€4.70m
314|23.500 Seats|Dr. Constantin Rãdulescu|34|€300k|€1.00m|€2.00m|€530k|+€1.47m
315|15.032 Seats|Dinamo|35|€700k|€5.00m|€5.74m|€2.05m|+€3.69m
316|23.500 Seats|Dr. Constantin Rãdulescu|38|€800k|€3.50m|€9.70m|€2.00m|+€7.70m
317|15.032 Seats|Dinamo|36|€150k|€1.00m|€2.15m|€250k|+€1.90m
318|23.500 Seats|Dr. Constantin Rãdulescu|43|€1.00m|€200k|€300k|€1.54m|€-1.24m
319|15.032 Seats|Dinamo|47|€1.10m|€1.60m|€2.10m|€1.30m|+€805k
320|15.032 Seats|Dinamo|47|€25k|€1.00m|€1.00m|€25k|+€975k
321|23.500 Seats|Dr. Constantin Rãdulescu|46|€100k|€1.00m|€1.85m|€130k|+€1.72m
322|15.032 Seats|Dinamo|43|€180k|€200k|€450k|€215k|+€235k
323|23.500 Seats|Dr. Constantin Rãdulescu|32|Free transfer|€500k|€1.00m|0|+€1.00m
324|15.032 Seats|Dinamo|39|€30k|€2.20m|€3.70m|€30k|+€3.67m
325|23.500 Seats|Dr. Constantin Rãdulescu|37|Free transfer|€500k|€1.30m|0|+€1.30m
326|15.032 Seats|Dinamo|43|€50k|€700k|€2.65m|€50k|+€2.60m
327|23.500 Seats|Dr. Constantin Rãdulescu|37|€1.00m|Free transfer|0|€2.80m|€-2.80m
328|23.500 Seats|Dr. Constantin Rãdulescu|38|€20k|€2.50m|€2.50m|€20k|+€2.48m
329|15.032 Seats|Dinamo|54|€50k|€500k|€560k|€50k|+€510k
330|69.618 Seats|Olympiako Stadio Athinas Spyros Louis|32|€8.00m|€1.50m|€3.95m|€16.15m|€-12.20m
331|32.115 Seats|Stadio Georgios Karaiskakis|35|€3.00m|€5.00m|€5.00m|€7.80m|€-2.80m
332|28.703 Seats|Toumba Stadium|33|€1.80m|€150k|€150k|€2.80m|€-2.65m
333|11.700 Seats|Stadio Neas Smyrnis|39|€150k|€860k|€940k|€735k|+€205k
334|7.423 Seats|Gipedo Theodoros Kolokotronis|29|€500k|Free transfer|0|€950k|€-950k
335|9.050 Seats|Stadio Peristeriou|30|€250k|€200k|€200k|€590k|€-390k
336|32.115 Seats|Stadio Georgios Karaiskakis|38|€6.00m|€2.00m|€5.00m|€13.60m|€-8.60m
337|69.618 Seats|Olympiako Stadio Athinas Spyros Louis|36|€915k|€700k|€1.92m|€1.99m|€-75k
338|28.703 Seats|Toumba Stadium|39|€250k|Free transfer|0|€810k|€-810k
339|11.700 Seats|Stadio Neas Smyrnis|36|€120k|€1.20m|€1.59m|€120k|+€1.47m
340|7.423 Seats|Gipedo Theodoros Kolokotronis|38|€45k|€400k|€570k|€45k|+€525k
341|9.050 Seats|Stadio Peristeriou|29|Free transfer|€150k|€335k|0|+€335k
342|32.115 Seats|Stadio Georgios Karaiskakis|40|€3.00m|€3.00m|€3.00m|€12.16m|€-9.16m
343|69.618 Seats|Olympiako Stadio Athinas Spyros Louis|36|€500k|€5.80m|€7.95m|€1.08m|+€6.87m
344|28.703 Seats|Toumba Stadium|45|€400k|€4.00m|€4.49m|€400k|+€4.09m
345|11.700 Seats|Stadio Neas Smyrnis|49|Free transfer|€350k|€705k|0|+€705k
346|9.050 Seats|Stadio Peristeriou|28|Free transfer|€500k|€500k|0|+€500k
347|7.423 Seats|Gipedo Theodoros Kolokotronis|37|Free transfer|€250k|€250k|0|+€250k
348|32.115 Seats|Stadio Georgios Karaiskakis|33|€2.70m|€7.65m|€8.10m|€5.00m|+€3.11m
349|69.618 Seats|Olympiako Stadio Athinas Spyros Louis|39|€150k|Free transfer|0|€290k|€-290k
350|28.703 Seats|Toumba Stadium|36|€220k|€1.50m|€1.95m|€220k|+€1.73m
351|9.050 Seats|Stadio Peristeriou|31|Free transfer|€220k|€220k|0|+€220k
352|7.423 Seats|Gipedo Theodoros Kolokotronis|37|€24k|Free transfer|0|€24k|€-24k
353|11.700 Seats|Stadio Neas Smyrnis|37|Free transfer|€350k|€690k|0|+€690k
354|32.115 Seats|Stadio Georgios Karaiskakis|38|€2.50m|€15.20m|€33.62m|€9.04m|+€24.58m
355|28.703 Seats|Toumba Stadium|52|€1.00m|€100k|€100k|€2.80m|€-2.70m
356|7.423 Seats|Gipedo Theodoros Kolokotronis|44|Free transfer|€800k|€800k|0|+€800k
357|69.618 Seats|Olympiako Stadio Athinas Spyros Louis|33|€200k|€3.00m|€4.99m|€260k|+€4.73m
358|9.050 Seats|Stadio Peristeriou|31|Free transfer|€350k|€950k|0|+€950k
359|11.700 Seats|Stadio Neas Smyrnis|32|Free transfer|€750k|€750k|0|+€750k
360|32.115 Seats|Stadio Georgios Karaiskakis|41|€6.00m|€15.00m|€28.50m|€25.88m|+€2.62m
361|28.703 Seats|Toumba Stadium|33|€450k|€300k|€300k|€770k|€-470k
362|69.618 Seats|Olympiako Stadio Athinas Spyros Louis|33|€50k|€2.25m|€2.25m|€50k|+€2.20m
363|7.423 Seats|Gipedo Theodoros Kolokotronis|41|Free transfer|€1.20m|€1.20m|0|+€1.20m
364|9.050 Seats|Stadio Peristeriou|32|Free transfer|€600k|€650k|0|+€650k
365|11.700 Seats|Stadio Neas Smyrnis|37|Free transfer|€500k|€500k|0|+€500k
366|32.115 Seats|Stadio Georgios Karaiskakis|40|€5.42m|€2.50m|€4.88m|€20.52m|€-15.64m
367|69.618 Seats|Olympiako Stadio Athinas Spyros Louis|42|€600k|€2.50m|€2.50m|€2.85m|€-350k
368|28.703 Seats|Toumba Stadium|50|€1.30m|€1.50m|€3.00m|€7.19m|€-4.19m
369|7.423 Seats|Gipedo Theodoros Kolokotronis|37|€140k|€2.50m|€4.00m|€140k|+€3.86m
370|9.050 Seats|Stadio Peristeriou|31|€200k|€480k|€880k|€330k|+€550k
371|11.700 Seats|Stadio Neas Smyrnis|31|Free transfer|€550k|€1.40m|0|+€1.40m
372|32.115 Seats|Stadio Georgios Karaiskakis|54|€3.00m|€15.10m|€53.25m|€13.35m|+€39.90m
373|28.703 Seats|Toumba Stadium|51|€2.90m|€5.30m|€9.50m|€6.55m|+€2.95m
374|69.618 Seats|Olympiako Stadio Athinas Spyros Louis|44|€625k|€250k|€580k|€2.58m|€-2.00m
375|7.423 Seats|Gipedo Theodoros Kolokotronis|39|€180k|€500k|€500k|€330k|+€170k
376|9.050 Seats|Stadio Peristeriou|34|Free transfer|€600k|€600k|0|+€600k
377|11.700 Seats|Stadio Neas Smyrnis|37|Free transfer|€400k|€850k|0|+€850k
378|32.115 Seats|Stadio Georgios Karaiskakis|43|€7.10m|€17.50m|€23.05m|€21.40m|+€1.65m
379|28.703 Seats|Toumba Stadium|40|€1.50m|€2.50m|€2.50m|€7.30m|€-4.80m
380|69.618 Seats|Olympiako Stadio Athinas Spyros Louis|41|€1.30m|€3.30m|€4.65m|€1.72m|+€2.93m
381|7.423 Seats|Gipedo Theodoros Kolokotronis|38|Free transfer|€980k|€980k|0|+€980k
382|11.700 Seats|Stadio Neas Smyrnis|33|Free transfer|€600k|€800k|0|+€800k
383|9.050 Seats|Stadio Peristeriou|31|Free transfer|€900k|€1.70m|0|+€1.70m
384|32.115 Seats|Stadio Georgios Karaiskakis|57|€7.00m|€3.00m|€10.80m|€16.23m|€-5.43m
385|28.703 Seats|Toumba Stadium|54|€4.00m|€10.00m|€11.20m|€10.30m|+€900k
386|9.050 Seats|Stadio Peristeriou|36|Free transfer|€200k|€200k|0|+€200k
387|69.618 Seats|Olympiako Stadio Athinas Spyros Louis|42|Free transfer|€2.40m|€2.40m|0|+€2.40m
388|11.700 Seats|Stadio Neas Smyrnis|35|Free transfer|€400k|€400k|0|+€400k
389|7.423 Seats|Gipedo Theodoros Kolokotronis|41|Free transfer|€850k|€1.63m|0|+€1.63m
390|33.500 Seats|Teddy-Kollek-Stadion|25|Free transfer|€150k|€163k|0|+€163k
391|29.150 Seats|Bloomfield|25|Free transfer|€300k|€300k|0|+€300k
392|30.820 Seats|Sammy Ofer Stadium|27|€500k|€40k|€74k|€2.02m|€-1.95m
393|8.500 Seats|Doha Stadium|36|€120k|€500k|€500k|€175k|+€325k
394|16.126 Seats|Toto Jacob Turner Stadium|30|€250k|Free transfer|0|€250k|€-250k
395|30.820 Seats|Sammy Ofer Stadium|28|€14k|Free transfer|0|€14k|€-14k
396|29.150 Seats|Bloomfield|34|€2.00m|€1.00m|€1.00m|€5.06m|€-4.06m
397|30.820 Seats|Sammy Ofer Stadium|27|€1.00m|€1.80m|€4.15m|€2.23m|+€1.93m
398|33.500 Seats|Teddy-Kollek-Stadion|31|Free transfer|€1.45m|€2.90m|0|+€2.90m
399|8.500 Seats|Doha Stadium|30|Free transfer|Free transfer|0|0|0
400|16.126 Seats|Toto Jacob Turner Stadium|35|€115k|€675k|€675k|€115k|+€560k
401|30.820 Seats|Sammy Ofer Stadium|23|Free transfer|Free transfer|0|0|0
402|30.820 Seats|Sammy Ofer Stadium|35|€1.00m|€2.50m|€3.05m|€4.65m|€-1.60m
403|29.150 Seats|Bloomfield|33|€250k|€500k|€600k|€810k|€-210k
404|30.820 Seats|Sammy Ofer Stadium|32|€37k|€35k|€35k|€37k|€-2k
405|33.500 Seats|Teddy-Kollek-Stadion|32|Free transfer|€800k|€1.00m|0|+€1.00m
406|16.126 Seats|Toto Jacob Turner Stadium|34|Free transfer|Free transfer|0|0|0
407|8.500 Seats|Doha Stadium|28|Free transfer|Free transfer|0|0|0
408|29.150 Seats|Bloomfield|31|€450k|€2.00m|€2.40m|€1.40m|+€1.01m
409|30.820 Seats|Sammy Ofer Stadium|32|€800k|Free transfer|0|€2.18m|€-2.18m
410|33.500 Seats|Teddy-Kollek-Stadion|30|Free transfer|€250k|€250k|0|+€250k
411|30.820 Seats|Sammy Ofer Stadium|33|Free transfer|€67k|€67k|0|+€67k
412|16.126 Seats|Toto Jacob Turner Stadium|33|€205k|Free transfer|0|€205k|€-205k
413|8.500 Seats|Doha Stadium|33|Free transfer|€300k|€320k|0|+€320k
414|29.150 Seats|Bloomfield|27|€1.13m|€1.50m|€2.32m|€1.63m|+€690k
415|30.820 Seats|Sammy Ofer Stadium|38|€800k|Free transfer|0|€2.00m|€-2.00m
416|33.500 Seats|Teddy-Kollek-Stadion|40|€175k|€500k|€500k|€290k|+€210k
417|16.126 Seats|Toto Jacob Turner Stadium|30|€165k|Free transfer|0|€235k|€-235k
418|8.500 Seats|Doha Stadium|37|Free transfer|Free transfer|0|0|0
419|30.820 Seats|Sammy Ofer Stadium|32|Free transfer|€200k|€465k|0|+€465k
420|30.820 Seats|Sammy Ofer Stadium|33|€155k|€450k|€700k|€155k|+€545k
421|29.150 Seats|Bloomfield|29|€700k|Free transfer|0|€2.00m|€-2.00m
422|33.500 Seats|Teddy-Kollek-Stadion|35|€300k|Free transfer|0|€610k|€-610k
423|16.126 Seats|Toto Jacob Turner Stadium|30|€200k|€250k|€250k|€530k|€-280k
424|30.820 Seats|Sammy Ofer Stadium|36|Free transfer|€165k|€320k|0|+€320k
425|8.500 Seats|Doha Stadium|39|€100k|Free transfer|0|€100k|€-100k
426|29.150 Seats|Bloomfield|31|€3.00m|€1.00m|€1.40m|€4.50m|€-3.10m
427|30.820 Seats|Sammy Ofer Stadium|36|€300k|€500k|€500k|€720k|€-220k
428|33.500 Seats|Teddy-Kollek-Stadion|32|€100k|€600k|€1.37m|€140k|+€1.23m
429|16.126 Seats|Toto Jacob Turner Stadium|28|€450k|Free transfer|0|€1.12m|€-1.12m
430|30.820 Seats|Sammy Ofer Stadium|0|€175k|Free transfer|0|0|0
431|8.500 Seats|Doha Stadium|29|Free transfer|Free transfer|0|0|0
432|29.150 Seats|Bloomfield|33|€3.50m|€7.23m|€7.83m|€6.92m|+€908k
433|30.820 Seats|Sammy Ofer Stadium|40|€1.10m|€1.20m|€1.45m|€4.30m|€-2.85m
434|33.500 Seats|Teddy-Kollek-Stadion|35|€500k|€750k|€1.45m|€590k|+€860k
435|16.126 Seats|Toto Jacob Turner Stadium|34|€1.00m|€1.00m|€1.00m|€2.48m|€-1.48m
436|30.820 Seats|Sammy Ofer Stadium|30|Free transfer|€88k|€123k|0|+€123k
437|8.500 Seats|Doha Stadium|29|€250k|Free transfer|0|€250k|€-250k
438|29.150 Seats|Bloomfield|36|€1.00m|€2.90m|€2.90m|€1.82m|+€1.08m
439|30.820 Seats|Sammy Ofer Stadium|28|€500k|€650k|€850k|€1.20m|€-350k
440|16.126 Seats|Toto Jacob Turner Stadium|34|€1.20m|€250k|€275k|€3.87m|€-3.60m
441|33.500 Seats|Teddy-Kollek-Stadion|34|€500k|Free transfer|0|€500k|€-500k
442|30.820 Seats|Sammy Ofer Stadium|26|Free transfer|€80k|€90k|0|+€90k
443|8.500 Seats|Doha Stadium|32|Free transfer|Free transfer|0|0|0
444|16.126 Seats|Toto Jacob Turner Stadium|42|€2.00m|€4.37m|€5.47m|€4.56m|+€910k
445|29.150 Seats|Bloomfield|31|€200k|€2.50m|€2.71m|€200k|+€2.51m
446|30.820 Seats|Sammy Ofer Stadium|29|€1.40m|€500k|€700k|€1.82m|€-1.12m
447|33.500 Seats|Teddy-Kollek-Stadion|41|€1.00m|€300k|€580k|€1.95m|€-1.37m
448|8.500 Seats|Doha Stadium|31|Free transfer|€35k|€35k|0|+€35k
449|30.820 Seats|Sammy Ofer Stadium|29|€120k|€420k|€520k|€200k|+€320k
450|29.200 Seats|Georgi Asparuhov Stadium|40|€150k|€400k|€1.30m|€225k|+€1.08m
451|25.556 Seats|Slavia Stadium|35|€50k|€150k|€180k|€50k|+€130k
452|13.000 Seats|Lokomotiv|38|€50k|€40k|€40k|€51k|€-11k
453|12.500 Seats|Stadion Ticha|35|€50k|€20k|€20k|€80k|€-60k
454|12.128 Seats|Stadion Beroe|39|Free transfer|€30k|€30k|0|+€30k
455|29.200 Seats|Georgi Asparuhov Stadium|39|€240k|€1.00m|€2.10m|€785k|+€1.32m
456|25.556 Seats|Slavia Stadium|43|€50k|€600k|€1.36m|€50k|+€1.31m
457|13.000 Seats|Lokomotiv|35|€50k|€200k|€350k|€50k|+€300k
458|12.500 Seats|Stadion Ticha|32|Free transfer|€240k|€240k|0|+€240k
459|12.128 Seats|Stadion Beroe|40|€10k|€100k|€100k|€10k|+€90k
460|29.200 Seats|Georgi Asparuhov Stadium|35|€375k|€2.20m|€2.59m|€885k|+€1.71m
461|25.556 Seats|Slavia Stadium|39|€70k|€80k|€80k|€180k|€-100k
462|12.128 Seats|Stadion Beroe|47|€35k|€90k|€170k|€51k|+€119k
463|13.000 Seats|Lokomotiv|35|Free transfer|€200k|€200k|0|+€200k
464|12.500 Seats|Stadion Ticha|40|Free transfer|€50k|€50k|0|+€50k
465|25.556 Seats|Slavia Stadium|39|Free transfer|€50k|€50k|0|+€50k
466|29.200 Seats|Georgi Asparuhov Stadium|37|€400k|€150k|€195k|€1.25m|€-1.06m
467|13.000 Seats|Lokomotiv|51|€50k|€350k|€350k|€50k|+€300k
468|12.128 Seats|Stadion Beroe|36|Free transfer|€35k|€60k|0|+€60k
469|12.500 Seats|Stadion Ticha|30|€120k|€25k|€25k|€120k|€-95k
470|29.200 Seats|Georgi Asparuhov Stadium|48|€250k|€600k|€1.45m|€585k|+€865k
471|12.128 Seats|Stadion Beroe|36|Free transfer|€70k|€105k|0|+€105k
472|13.000 Seats|Lokomotiv|50|Free transfer|€200k|€300k|0|+€300k
473|25.556 Seats|Slavia Stadium|42|Free transfer|€1.00m|€1.40m|0|+€1.40m
474|12.500 Seats|Stadion Ticha|31|Free transfer|€100k|€100k|0|+€100k
475|29.200 Seats|Georgi Asparuhov Stadium|38|€50k|Free transfer|0|€50k|€-50k
476|12.128 Seats|Stadion Beroe|30|Free transfer|€80k|€80k|0|+€80k
477|25.556 Seats|Slavia Stadium|39|Free transfer|Free transfer|0|0|0
478|12.500 Seats|Stadion Ticha|43|Free transfer|Free transfer|0|0|0
479|13.000 Seats|Lokomotiv|39|Free transfer|Free transfer|0|0|0
480|29.200 Seats|Georgi Asparuhov Stadium|36|€200k|Free transfer|0|€420k|€-420k
481|12.128 Seats|Stadion Beroe|38|Free transfer|€5k|€5k|0|+€5k
482|12.500 Seats|Stadion Ticha|34|Free transfer|€100k|€100k|0|+€100k
483|13.000 Seats|Lokomotiv|41|Free transfer|Free transfer|0|0|0
484|25.556 Seats|Slavia Stadium|38|Free transfer|€150k|€150k|0|+€150k
485|29.200 Seats|Georgi Asparuhov Stadium|54|€170k|Free transfer|0|€245k|€-245k
486|12.128 Seats|Stadion Beroe|52|Free transfer|Free transfer|0|0|0
487|12.500 Seats|Stadion Ticha|49|Free transfer|€200k|€200k|0|+€200k
488|13.000 Seats|Lokomotiv|45|Free transfer|€100k|€100k|0|+€100k
489|25.556 Seats|Slavia Stadium|39|Free transfer|Free transfer|0|0|0
490|29.200 Seats|Georgi Asparuhov Stadium|40|€200k|€550k|€1.59m|€300k|+€1.29m
491|12.500 Seats|Stadion Ticha|39|Free transfer|Free transfer|0|0|0
492|12.128 Seats|Stadion Beroe|37|Free transfer|Free transfer|0|0|0
493|13.000 Seats|Lokomotiv|42|Free transfer|€300k|€300k|0|+€300k
494|25.556 Seats|Slavia Stadium|45|€50k|€1.70m|€3.20m|€50k|+€3.15m
495|29.200 Seats|Georgi Asparuhov Stadium|43|€500k|Free transfer|0|€1.05m|€-1.05m
496|12.128 Seats|Stadion Beroe|38|Free transfer|€300k|€910k|0|+€910k
497|25.556 Seats|Slavia Stadium|49|Free transfer|Free transfer|0|0|0
498|12.500 Seats|Stadion Ticha|41|Free transfer|Free transfer|0|0|0
499|13.000 Seats|Lokomotiv|45|Free transfer|Free transfer|0|0|0
500|38.065 Seats|Telia Parken|29|€400k|€540k|€540k|€400k|+€140k
501|28.000 Seats|Br?ndby Stadion|31|€300k|€1.30m|€1.65m|€300k|+€1.35m
502|11.535 Seats|MCH Arena|35|€540k|€540k|€1.41m|€540k|+€870k
503|15.790 Seats|Nature Energy Park|29|€800k|€400k|€400k|€1.34m|€-940k
504|13.800 Seats|Aalborg Portland Park|30|€540k|€1.25m|€2.79m|€1.75m|+€1.04m
505|10.300 Seats|Right to Dream Park|34|€400k|€400k|€825k|€950k|€-125k
506|10.000 Seats|Sydbank Park|0|Free transfer|€540k|0|0|0
507|38.065 Seats|Telia Parken|32|€1.35m|€700k|€1.37m|€4.02m|€-2.65m
508|15.790 Seats|Nature Energy Park|35|€200k|Free transfer|0|€200k|€-200k
509|28.000 Seats|Br?ndby Stadion|31|Free transfer|€1.00m|€1.95m|0|+€1.95m
510|11.535 Seats|MCH Arena|33|€1.00m|€4.20m|€5.60m|€1.50m|+€4.10m
511|13.800 Seats|Aalborg Portland Park|34|Free transfer|€1.00m|€1.20m|0|+€1.20m
512|10.300 Seats|Right to Dream Park|37|Free transfer|€1.75m|€1.75m|0|+€1.75m
513|10.000 Seats|Sydbank Park|0|Free transfer|€1.35m|0|0|0
514|38.065 Seats|Telia Parken|30|€2.40m|€3.50m|€4.30m|€5.20m|€-900k
515|28.000 Seats|Br?ndby Stadion|36|€470k|€350k|€350k|€470k|€-120k
516|15.790 Seats|Nature Energy Park|29|€560k|€540k|€540k|€960k|€-420k
517|11.535 Seats|MCH Arena|35|Free transfer|€300k|€300k|0|+€300k
518|10.300 Seats|Right to Dream Park|34|€135k|Free transfer|0|€135k|€-135k
519|13.800 Seats|Aalborg Portland Park|29|Free transfer|€63k|€63k|0|+€63k
520|10.000 Seats|Sydbank Park|25|Free transfer|€200k|€200k|0|+€200k
521|38.065 Seats|Telia Parken|32|€1.00m|€5.00m|€9.90m|€2.80m|+€7.10m
522|28.000 Seats|Br?ndby Stadion|32|€670k|€1.00m|€1.10m|€670k|+€430k
523|15.790 Seats|Nature Energy Park|30|€540k|€1.75m|€3.65m|€540k|+€3.11m
524|10.300 Seats|Right to Dream Park|46|€270k|€2.80m|€5.54m|€675k|+€4.86m
525|11.535 Seats|MCH Arena|36|€320k|€1.20m|€1.20m|€320k|+€880k
526|10.000 Seats|Sydbank Park|34|Free transfer|€670k|€945k|0|+€945k
527|13.800 Seats|Aalborg Portland Park|28|Free transfer|€1.40m|€1.40m|0|+€1.40m
528|38.065 Seats|Telia Parken|31|€3.50m|€8.70m|€13.48m|€5.55m|+€7.93m
529|28.000 Seats|Br?ndby Stadion|33|€1.00m|€100k|€100k|€3.08m|€-2.98m
530|10.300 Seats|Right to Dream Park|38|€550k|€4.70m|€4.80m|€550k|+€4.25m
531|11.535 Seats|MCH Arena|38|€800k|€600k|€600k|€800k|€-200k
532|15.790 Seats|Nature Energy Park|33|Free transfer|Free transfer|0|0|0
533|13.800 Seats|Aalborg Portland Park|29|€100k|€1.50m|€1.80m|€170k|+€1.63m
534|10.000 Seats|Sydbank Park|34|Free transfer|€650k|€650k|0|+€650k
535|28.000 Seats|Br?ndby Stadion|33|€4.00m|€2.30m|€2.30m|€7.62m|€-5.32m
536|38.065 Seats|Telia Parken|36|€2.00m|€3.00m|€4.35m|€7.70m|€-3.35m
537|11.535 Seats|MCH Arena|32|€1.00m|€500k|€500k|€2.90m|€-2.40m
538|15.790 Seats|Nature Energy Park|33|€100k|Free transfer|0|€100k|€-100k
539|10.300 Seats|Right to Dream Park|31|€500k|€750k|€1.42m|€500k|+€920k
540|13.800 Seats|Aalborg Portland Park|31|€150k|€600k|€600k|€150k|+€450k
541|10.000 Seats|Sydbank Park|32|Free transfer|Free transfer|0|0|0
542|38.065 Seats|Telia Parken|33|€3.10m|€6.60m|€7.12m|€6.80m|+€318k
543|28.000 Seats|Br?ndby Stadion|37|€850k|€2.50m|€4.10m|€2.15m|+€1.95m
544|11.535 Seats|MCH Arena|44|€2.10m|€2.50m|€3.70m|€4.61m|€-910k
545|15.790 Seats|Nature Energy Park|34|€700k|€1.50m|€2.35m|€700k|+€1.65m
546|13.800 Seats|Aalborg Portland Park|30|Free transfer|€300k|€300k|0|+€300k
547|10.300 Seats|Right to Dream Park|35|€500k|€3.75m|€6.10m|€700k|+€5.40m
548|10.000 Seats|Sydbank Park|31|Free transfer|€550k|€550k|0|+€550k
549|38.065 Seats|Telia Parken|33|€3.00m|€3.50m|€6.00m|€8.80m|€-2.80m
550|11.535 Seats|MCH Arena|40|Free transfer|€6.00m|€10.30m|0|+€10.30m
551|28.000 Seats|Br?ndby Stadion|39|€300k|€2.00m|€3.90m|€1.30m|+€2.61m
552|10.300 Seats|Right to Dream Park|38|€600k|€9.75m|€10.53m|€600k|+€9.93m
553|13.800 Seats|Aalborg Portland Park|30|€1.25m|€6.00m|€8.21m|€1.25m|+€6.96m
554|15.790 Seats|Nature Energy Park|27|€200k|€150k|€150k|€200k|€-50k
555|10.000 Seats|Sydbank Park|36|€80k|€350k|€350k|€80k|+€270k
556|38.065 Seats|Telia Parken|32|€2.70m|€4.95m|€17.34m|€10.10m|+€7.24m
557|28.000 Seats|Br?ndby Stadion|29|€1.50m|€600k|€925k|€4.14m|€-3.21m
558|11.535 Seats|MCH Arena|36|€650k|€9.00m|€16.95m|€2.30m|+€14.65m
559|13.800 Seats|Aalborg Portland Park|34|€625k|€1.30m|€1.30m|€1.49m|€-190k
560|15.790 Seats|Nature Energy Park|31|Free transfer|€300k|€300k|0|+€300k
561|10.300 Seats|Right to Dream Park|36|€350k|€5.00m|€9.95m|€350k|+€9.60m
562|10.000 Seats|Sydbank Park|32|Free transfer|€200k|€200k|0|+€200k
563|38.065 Seats|Telia Parken|33|€2.70m|€9.00m|€19.85m|€6.93m|+€12.93m
564|28.000 Seats|Br?ndby Stadion|37|€1.47m|€3.50m|€6.48m|€5.42m|+€1.06m
565|11.535 Seats|MCH Arena|48|€2.50m|€8.00m|€21.35m|€9.59m|+€11.76m
566|13.800 Seats|Aalborg Portland Park|34|Free transfer|€1.15m|€1.15m|0|+€1.15m
567|15.790 Seats|Nature Energy Park|32|€350k|€2.00m|€2.00m|€600k|+€1.40m
568|10.300 Seats|Right to Dream Park|35|?|€5.00m|€7.60m|0|+€7.60m
569|10.000 Seats|Sydbank Park|35|Free transfer|€500k|€500k|0|+€500k
570|54.329 Seats|Friends Arena|33|€300k|€2.20m|€2.20m|€550k|+€1.65m
571|18.800 Seats|Gamla Ullevi|35|€700k|€2.50m|€2.95m|€1.40m|+€1.55m
572|16.894 Seats|Bor?s Arena|36|€1.00m|€370k|€370k|€1.00m|€-630k
573|12.182 Seats|Guldf?geln Arena|36|€105k|€3.00m|€3.60m|€105k|+€3.50m
574|24.000 Seats|Stadion|28|Free transfer|€750k|€750k|0|+€750k
575|32.000 Seats|Tele2 Arena|29|€300k|Free transfer|0|€500k|€-500k
576|8.000 Seats|Bravida Arena|28|Free transfer|Free transfer|0|0|0
577|18.800 Seats|Gamla Ullevi|34|Free transfer|€400k|€400k|0|+€400k
578|16.894 Seats|Bor?s Arena|33|€670k|€3.50m|€5.70m|€1.53m|+€4.17m
579|24.000 Seats|Stadion|30|Free transfer|Free transfer|0|0|0
580|54.329 Seats|Friends Arena|33|€100k|€400k|€700k|€245k|+€455k
581|12.182 Seats|Guldf?geln Arena|35|Free transfer|Free transfer|0|0|0
582|32.000 Seats|Tele2 Arena|35|Free transfer|Free transfer|0|0|0
583|8.000 Seats|Bravida Arena|27|€500k|Free transfer|0|€500k|€-500k
584|24.000 Seats|Stadion|48|€1.50m|€500k|€500k|€1.50m|€-1.00m
585|18.800 Seats|Gamla Ullevi|33|€850k|€800k|€1.35m|€1.31m|+€37k
586|16.894 Seats|Bor?s Arena|41|Free transfer|€560k|€560k|0|+€560k
587|54.329 Seats|Friends Arena|32|Free transfer|€3.30m|€5.50m|0|+€5.50m
588|8.000 Seats|Bravida Arena|38|Free transfer|€1.50m|€2.50m|0|+€2.50m
589|32.000 Seats|Tele2 Arena|42|Free transfer|Free transfer|0|0|0
590|12.182 Seats|Guldf?geln Arena|33|Free transfer|€1.50m|€1.50m|0|+€1.50m
591|24.000 Seats|Stadion|36|€300k|€2.00m|€2.58m|€300k|+€2.28m
592|16.894 Seats|Bor?s Arena|40|€200k|€2.20m|€2.20m|€200k|+€2.00m
593|18.800 Seats|Gamla Ullevi|34|Free transfer|€1.50m|€1.82m|0|+€1.82m
594|54.329 Seats|Friends Arena|40|Free transfer|Free transfer|0|0|0
595|8.000 Seats|Bravida Arena|34|Free transfer|€2.90m|€2.90m|0|+€2.90m
596|12.182 Seats|Guldf?geln Arena|38|Free transfer|Free transfer|0|0|0
597|32.000 Seats|Tele2 Arena|34|€350k|€500k|€1.12m|€350k|+€770k
598|18.800 Seats|Gamla Ullevi|45|€650k|€1.75m|€2.75m|€1.25m|+€1.50m
599|24.000 Seats|Stadion|46|€150k|€4.00m|€4.19m|€150k|+€4.04m
600|16.894 Seats|Bor?s Arena|38|Free transfer|Free transfer|0|0|0
601|8.000 Seats|Bravida Arena|42|Free transfer|Free transfer|0|0|0
602|54.329 Seats|Friends Arena|36|Free transfer|Free transfer|0|0|0
603|32.000 Seats|Tele2 Arena|39|€200k|Free transfer|0|€200k|€-200k
604|12.182 Seats|Guldf?geln Arena|32|Free transfer|€400k|€415k|0|+€415k
605|24.000 Seats|Stadion|42|€350k|€3.70m|€10.78m|€570k|+€10.21m
606|12.182 Seats|Guldf?geln Arena|32|Free transfer|€1.50m|€1.50m|0|+€1.50m
607|18.800 Seats|Gamla Ullevi|38|€700k|€1.50m|€2.80m|€1.15m|+€1.66m
608|54.329 Seats|Friends Arena|40|Free transfer|€2.30m|€5.85m|0|+€5.85m
609|16.894 Seats|Bor?s Arena|31|Free transfer|€800k|€1.30m|0|+€1.30m
610|8.000 Seats|Bravida Arena|33|€100k|€450k|€450k|€100k|+€350k
611|32.000 Seats|Tele2 Arena|25|€175k|€1.80m|€4.25m|€175k|+€4.08m
612|24.000 Seats|Stadion|37|€732k|€1.70m|€3.35m|€1.16m|+€2.19m
613|18.800 Seats|Gamla Ullevi|37|Free transfer|€1.30m|€1.85m|0|+€1.85m
614|12.182 Seats|Guldf?geln Arena|34|Free transfer|Free transfer|0|0|0
615|16.894 Seats|Bor?s Arena|36|€400k|€1.95m|€2.45m|€400k|+€2.05m
616|54.329 Seats|Friends Arena|39|Free transfer|€910k|€2.26m|0|+€2.26m
617|32.000 Seats|Tele2 Arena|38|Free transfer|€1.10m|€1.10m|0|+€1.10m
618|8.000 Seats|Bravida Arena|34|Free transfer|€1.50m|€1.87m|0|+€1.87m
619|24.000 Seats|Stadion|37|€650k|€3.50m|€4.10m|€650k|+€3.45m
620|18.800 Seats|Gamla Ullevi|42|Free transfer|€1.60m|€3.23m|0|+€3.23m
621|54.329 Seats|Friends Arena|43|€1.00m|€8.60m|€10.10m|€1.15m|+€8.95m
622|12.182 Seats|Guldf?geln Arena|40|?|€2.40m|€2.40m|0|+€2.40m
623|8.000 Seats|Bravida Arena|42|€200k|€680k|€1.95m|€200k|+€1.75m
624|32.000 Seats|Tele2 Arena|34|€400k|€4.20m|€9.30m|€565k|+€8.74m
625|16.894 Seats|Bor?s Arena|30|Free transfer|€2.00m|€3.35m|0|+€3.35m
626|24.000 Seats|Stadion|45|€1.45m|€1.60m|€1.89m|€5.30m|€-3.42m
627|54.329 Seats|Friends Arena|45|€100k|€225k|€225k|€100k|+€125k
628|32.000 Seats|Tele2 Arena|38|Free transfer|€1.20m|€1.80m|0|+€1.80m
629|16.894 Seats|Bor?s Arena|32|Free transfer|Free transfer|0|0|0
630|8.000 Seats|Bravida Arena|39|Free transfer|€900k|€900k|0|+€900k
631|18.800 Seats|Gamla Ullevi|39|€171k|€3.90m|€4.00m|€171k|+€3.83m
632|12.182 Seats|Guldf?geln Arena|38|Free transfer|€1.00m|€1.75m|0|+€1.75m
633|24.000 Seats|Stadion|37|€500k|€4.50m|€5.50m|€1.00m|+€4.50m
634|54.329 Seats|Friends Arena|39|€300k|€4.50m|€5.10m|€300k|+€4.80m
635|32.000 Seats|Tele2 Arena|37|€400k|€3.00m|€6.52m|€850k|+€5.67m
636|8.000 Seats|Bravida Arena|36|Free transfer|€1.30m|€1.30m|0|+€1.30m
637|16.894 Seats|Bor?s Arena|35|€100k|€1.10m|€1.10m|€100k|+€1.00m
638|12.182 Seats|Guldf?geln Arena|39|Free transfer|Free transfer|0|0|0
639|18.800 Seats|Gamla Ullevi|34|€300k|€250k|€250k|€300k|€-50k
640|60.832 Seats|Celtic Park|46|€4.40m|€4.30m|€10.47m|€14.25m|€-3.79m
641|22.199 Seats|Pittodrie Stadium|40|Free transfer|€685k|€685k|0|+€685k
642|10.696 Seats|McDiarmid Park|36|€60k|Free transfer|0|€174k|€-174k
643|18.128 Seats|Rugby Park|30|Free transfer|Free transfer|0|0|0
644|13.750 Seats|Fir Park|37|Free transfer|€950k|€1.30m|0|+€1.30m
645|60.832 Seats|Celtic Park|42|€2.90m|€12.00m|€20.59m|€12.18m|+€8.41m
646|22.199 Seats|Pittodrie Stadium|39|Free transfer|Free transfer|0|0|0
647|10.696 Seats|McDiarmid Park|37|Free transfer|€12k|€12k|0|+€12k
648|13.750 Seats|Fir Park|33|Free transfer|€1.35m|€1.50m|0|+€1.50m
649|18.128 Seats|Rugby Park|37|€50k|€700k|€700k|€100k|+€600k
650|60.832 Seats|Celtic Park|47|€2.20m|€1.13m|€1.75m|€3.97m|€-2.22m
651|22.199 Seats|Pittodrie Stadium|37|€55k|€447k|€747k|€55k|+€692k
652|10.696 Seats|McDiarmid Park|43|Free transfer|Free transfer|0|0|0
653|18.128 Seats|Rugby Park|38|Free transfer|€510k|€510k|0|+€510k
654|13.750 Seats|Fir Park|28|Free transfer|Free transfer|0|0|0
655|60.832 Seats|Celtic Park|45|€2.50m|€7.00m|€7.32m|€2.98m|+€4.34m
656|10.696 Seats|McDiarmid Park|39|Free transfer|Free transfer|0|0|0
657|18.128 Seats|Rugby Park|41|Free transfer|€250k|€560k|0|+€560k
658|22.199 Seats|Pittodrie Stadium|34|Free transfer|€635k|€1.12m|0|+€1.12m
659|13.750 Seats|Fir Park|29|Free transfer|Free transfer|0|0|0
660|60.832 Seats|Celtic Park|42|€2.75m|€14.50m|€27.20m|€14.16m|+€13.04m
661|22.199 Seats|Pittodrie Stadium|31|Free transfer|Free transfer|0|0|0
662|10.696 Seats|McDiarmid Park|34|Free transfer|Free transfer|0|0|0
663|18.128 Seats|Rugby Park|38|Free transfer|Free transfer|0|0|0
664|13.750 Seats|Fir Park|30|Free transfer|€360k|€360k|0|+€360k
665|60.832 Seats|Celtic Park|43|€2.53m|€12.50m|€14.00m|€2.67m|+€11.33m
666|22.199 Seats|Pittodrie Stadium|36|€400k|Free transfer|0|€400k|€-400k
667|10.696 Seats|McDiarmid Park|33|Free transfer|€1.00m|€1.00m|0|+€1.00m
668|13.750 Seats|Fir Park|39|Free transfer|€350k|€350k|0|+€350k
669|18.128 Seats|Rugby Park|30|Free transfer|€200k|€200k|0|+€200k
670|60.832 Seats|Celtic Park|42|€7.50m|€15.70m|€19.18m|€15.10m|+€4.07m
671|22.199 Seats|Pittodrie Stadium|34|Free transfer|Free transfer|0|0|0
672|10.696 Seats|McDiarmid Park|34|Free transfer|Free transfer|0|0|0
673|18.128 Seats|Rugby Park|42|Free transfer|Free transfer|0|0|0
674|13.750 Seats|Fir Park|33|Free transfer|Free transfer|0|0|0
675|60.832 Seats|Celtic Park|47|€4.10m|€2.30m|€3.50m|€9.40m|€-5.90m
676|22.199 Seats|Pittodrie Stadium|34|Free transfer|Free transfer|0|0|0
677|10.696 Seats|McDiarmid Park|33|Free transfer|Free transfer|0|0|0
678|18.128 Seats|Rugby Park|45|Free transfer|€930k|€1.23m|0|+€1.23m
679|13.750 Seats|Fir Park|39|Free transfer|€760k|€880k|0|+€880k
680|60.832 Seats|Celtic Park|46|€5.00m|€1.40m|€1.52m|€12.05m|€-10.53m
681|22.199 Seats|Pittodrie Stadium|31|€450k|€1.47m|€1.80m|€672k|+€1.13m
682|18.128 Seats|Rugby Park|34|Free transfer|Free transfer|0|0|0
683|10.696 Seats|McDiarmid Park|36|Free transfer|Free transfer|0|0|0
684|13.750 Seats|Fir Park|39|€12k|€511k|€941k|€12k|+€930k
685|60.832 Seats|Celtic Park|46|€10.30m|€22.00m|€31.09m|€14.53m|+€16.56m
686|13.750 Seats|Fir Park|49|Free transfer|€1.10m|€1.10m|0|+€1.10m
687|22.199 Seats|Pittodrie Stadium|34|€265k|Free transfer|0|€265k|€-265k
688|18.128 Seats|Rugby Park|34|Free transfer|Free transfer|0|0|0
689|10.696 Seats|McDiarmid Park|42|Free transfer|Free transfer|0|0|0
690|10.770 Seats|Telia 5G Areena|35|Free transfer|€150k|€150k|0|+€150k
691|9.000 Seats|Veritas Stadion|37|Free transfer|Free transfer|0|0|0
692|4.000 Seats|Wiklöf Holding Arena|27|Free transfer|Free transfer|0|0|0
693|6.005 Seats|Elisa Stadion|25|Free transfer|Free transfer|0|0|0
694|4.700 Seats|Savon Sanomat Areena|29|Free transfer|Free transfer|0|0|0
695|10.770 Seats|Telia 5G Areena|42|Free transfer|€250k|€250k|0|+€250k
696|9.000 Seats|Veritas Stadion|34|Free transfer|Free transfer|0|0|0
697|4.700 Seats|Savon Sanomat Areena|30|Free transfer|Free transfer|0|0|0
698|6.005 Seats|Elisa Stadion|26|Free transfer|Free transfer|0|0|0
699|4.000 Seats|Wiklöf Holding Arena|32|Free transfer|Free transfer|0|0|0
700|10.770 Seats|Telia 5G Areena|43|€200k|€1.50m|€2.75m|€420k|+€2.33m
701|4.700 Seats|Savon Sanomat Areena|43|Free transfer|Free transfer|0|0|0
702|6.005 Seats|Elisa Stadion|31|Free transfer|€30k|€30k|0|+€30k
703|9.000 Seats|Veritas Stadion|27|Free transfer|Free transfer|0|0|0
704|4.000 Seats|Wiklöf Holding Arena|34|Free transfer|Free transfer|0|0|0
705|10.770 Seats|Telia 5G Areena|37|Free transfer|Free transfer|0|0|0
706|4.700 Seats|Savon Sanomat Areena|46|Free transfer|Free transfer|0|0|0
707|9.000 Seats|Veritas Stadion|40|Free transfer|Free transfer|0|0|0
708|4.000 Seats|Wiklöf Holding Arena|50|Free transfer|€500k|€500k|0|+€500k
709|6.005 Seats|Elisa Stadion|33|Free transfer|Free transfer|0|0|0
710|10.770 Seats|Telia 5G Areena|56|€250k|€500k|€950k|€250k|+€700k
711|9.000 Seats|Veritas Stadion|42|Free transfer|Free transfer|0|0|0
712|4.000 Seats|Wiklöf Holding Arena|41|Free transfer|Free transfer|0|0|0
713|6.005 Seats|Elisa Stadion|32|Free transfer|Free transfer|0|0|0
714|4.700 Seats|Savon Sanomat Areena|39|Free transfer|Free transfer|0|0|0
715|10.770 Seats|Telia 5G Areena|67|Free transfer|Free transfer|0|0|0
716|9.000 Seats|Veritas Stadion|38|Free transfer|Free transfer|0|0|0
717|6.005 Seats|Elisa Stadion|49|Free transfer|Free transfer|0|0|0
718|4.000 Seats|Wiklöf Holding Arena|35|Free transfer|Free transfer|0|0|0
719|4.700 Seats|Savon Sanomat Areena|41|Free transfer|Free transfer|0|0|0
720|10.770 Seats|Telia 5G Areena|51|Free transfer|€350k|€350k|0|+€350k
721|9.000 Seats|Veritas Stadion|40|Free transfer|Free transfer|0|0|0
722|6.005 Seats|Elisa Stadion|43|Free transfer|Free transfer|0|0|0
723|4.000 Seats|Wiklöf Holding Arena|22|Free transfer|Free transfer|0|0|0
724|4.700 Seats|Savon Sanomat Areena|34|Free transfer|Free transfer|0|0|0
725|10.770 Seats|Telia 5G Areena|47|€500k|Free transfer|0|€500k|€-500k
726|9.000 Seats|Veritas Stadion|35|Free transfer|Free transfer|0|0|0
727|4.000 Seats|Wiklöf Holding Arena|34|Free transfer|Free transfer|0|0|0
728|4.700 Seats|Savon Sanomat Areena|29|Free transfer|Free transfer|0|0|0
729|6.005 Seats|Elisa Stadion|23|Free transfer|Free transfer|0|0|0
730|10.770 Seats|Telia 5G Areena|44|€100k|€1.20m|€1.76m|€130k|+€1.63m
731|4.700 Seats|Savon Sanomat Areena|33|Free transfer|Free transfer|0|0|0
732|4.000 Seats|Wiklöf Holding Arena|39|Free transfer|Free transfer|0|0|0
733|6.005 Seats|Elisa Stadion|35|Free transfer|Free transfer|0|0|0
734|9.000 Seats|Veritas Stadion|32|Free transfer|Free transfer|0|0|0
735|10.770 Seats|Telia 5G Areena|47|Free transfer|Free transfer|0|0|0
736|4.700 Seats|Savon Sanomat Areena|35|Free transfer|€275k|€275k|0|+€275k
737|9.000 Seats|Veritas Stadion|29|Free transfer|Free transfer|0|0|0
738|6.005 Seats|Elisa Stadion|31|Free transfer|Free transfer|0|0|0
739|4.000 Seats|Wiklöf Holding Arena|25|Free transfer|Free transfer|0|0|0
740|21.510 Seats|Lerkendal Stadion|37|€450k|€3.50m|€6.65m|€635k|+€6.02m
741|11.800 Seats|Aker Stadion|31|€500k|€4.50m|€4.50m|€800k|+€3.70m
742|17.333 Seats|Intility Arena|34|Free transfer|€340k|€340k|0|+€340k
743|11.637 Seats|?r?sen stadion|30|€30k|€2.00m|€2.00m|€30k|+€1.97m
744|8.935 Seats|Marienlyst Stadion|29|Free transfer|Free transfer|0|0|0
745|8.983 Seats|Haugesund Stadion|23|Free transfer|Free transfer|0|0|0
746|21.510 Seats|Lerkendal Stadion|41|€1.07m|€2.00m|€4.05m|€1.47m|+€2.58m
747|11.800 Seats|Aker Stadion|40|€600k|Free transfer|0|€1.00m|€-1.00m
748|17.333 Seats|Intility Arena|28|Free transfer|€1.00m|€1.00m|0|+€1.00m
749|11.637 Seats|?r?sen stadion|30|Free transfer|Free transfer|0|0|0
750|8.935 Seats|Marienlyst Stadion|31|Free transfer|€1.50m|€1.50m|0|+€1.50m
751|8.983 Seats|Haugesund Stadion|29|Free transfer|Free transfer|0|0|0
752|21.510 Seats|Lerkendal Stadion|41|€1.00m|€2.60m|€3.10m|€3.17m|€-70k
753|11.637 Seats|?r?sen stadion|34|€200k|€2.30m|€3.15m|€200k|+€2.95m
754|17.333 Seats|Intility Arena|44|€200k|€1.20m|€1.20m|€330k|+€870k
755|11.800 Seats|Aker Stadion|32|€1.00m|€2.40m|€2.90m|€1.00m|+€1.90m
756|8.983 Seats|Haugesund Stadion|33|€100k|Free transfer|0|€100k|€-100k
757|8.935 Seats|Marienlyst Stadion|37|Free transfer|Free transfer|0|0|0
758|21.510 Seats|Lerkendal Stadion|39|€1.10m|€2.50m|€4.65m|€3.78m|+€875k
759|11.800 Seats|Aker Stadion|47|€500k|€3.50m|€5.20m|€975k|+€4.23m
760|17.333 Seats|Intility Arena|39|€500k|€2.80m|€3.40m|€1.15m|+€2.25m
761|8.935 Seats|Marienlyst Stadion|37|€275k|€2.20m|€2.20m|€275k|+€1.93m
762|11.637 Seats|?r?sen stadion|31|€300k|€3.00m|€3.50m|€300k|+€3.20m
763|8.983 Seats|Haugesund Stadion|31|Free transfer|€1.00m|€1.00m|0|+€1.00m
764|11.800 Seats|Aker Stadion|43|€2.00m|€3.00m|€4.20m|€2.63m|+€1.58m
765|21.510 Seats|Lerkendal Stadion|34|€800k|€3.00m|€3.00m|€1.30m|+€1.70m
766|8.935 Seats|Marienlyst Stadion|45|Free transfer|€2.41m|€2.76m|0|+€2.76m
767|8.983 Seats|Haugesund Stadion|28|Free transfer|€800k|€800k|0|+€800k
768|17.333 Seats|Intility Arena|32|€400k|€550k|€650k|€520k|+€130k
769|11.637 Seats|?r?sen stadion|29|€85k|€400k|€400k|€145k|+€255k
770|21.510 Seats|Lerkendal Stadion|41|Free transfer|€2.40m|€4.88m|0|+€4.88m
771|11.800 Seats|Aker Stadion|35|Free transfer|€1.20m|€1.45m|0|+€1.45m
772|8.935 Seats|Marienlyst Stadion|36|Free transfer|€2.80m|€3.40m|0|+€3.40m
773|8.983 Seats|Haugesund Stadion|37|Free transfer|Free transfer|0|0|0
774|17.333 Seats|Intility Arena|33|€450k|€2.25m|€2.25m|€450k|+€1.80m
775|11.637 Seats|?r?sen stadion|32|€150k|Free transfer|0|€150k|€-150k
776|21.510 Seats|Lerkendal Stadion|37|€400k|€3.20m|€5.75m|€750k|+€5.00m
777|11.800 Seats|Aker Stadion|43|Free transfer|€2.00m|€3.00m|0|+€3.00m
778|8.935 Seats|Marienlyst Stadion|41|€95k|€2.00m|€4.00m|€95k|+€3.91m
779|17.333 Seats|Intility Arena|33|Free transfer|€175k|€175k|0|+€175k
780|8.983 Seats|Haugesund Stadion|30|Free transfer|€750k|€750k|0|+€750k
781|11.637 Seats|?r?sen stadion|32|Free transfer|€400k|€400k|0|+€400k
782|21.510 Seats|Lerkendal Stadion|39|€800k|€2.25m|€3.48m|€800k|+€2.68m
783|8.935 Seats|Marienlyst Stadion|42|€350k|€750k|€1.35m|€350k|+€1.00m
784|11.800 Seats|Aker Stadion|36|€500k|€3.20m|€5.00m|€600k|+€4.40m
785|17.333 Seats|Intility Arena|35|€55k|€2.00m|€3.00m|€55k|+€2.95m
786|8.983 Seats|Haugesund Stadion|30|Free transfer|Free transfer|0|0|0
787|11.637 Seats|?r?sen stadion|30|Free transfer|€1.50m|€1.50m|0|+€1.50m
788|21.510 Seats|Lerkendal Stadion|40|€1.60m|€2.20m|€2.20m|€4.62m|€-2.42m
789|11.800 Seats|Aker Stadion|33|€260k|€2.00m|€2.75m|€260k|+€2.49m
790|8.935 Seats|Marienlyst Stadion|31|Free transfer|Free transfer|0|0|0
791|8.983 Seats|Haugesund Stadion|37|€250k|€700k|€700k|€350k|+€350k
792|17.333 Seats|Intility Arena|36|€100k|Free transfer|0|€100k|€-100k
793|11.637 Seats|?r?sen stadion|28|€200k|€900k|€900k|€200k|+€700k
794|21.510 Seats|Lerkendal Stadion|38|€1.10m|€1.40m|€2.44m|€2.00m|+€440k
795|11.800 Seats|Aker Stadion|44|€1.10m|€8.00m|€8.00m|€2.60m|+€5.40m
796|8.935 Seats|Marienlyst Stadion|43|Free transfer|€500k|€900k|0|+€900k
797|17.333 Seats|Intility Arena|35|Free transfer|€755k|€755k|0|+€755k
798|11.637 Seats|?r?sen stadion|33|Free transfer|Free transfer|0|0|0
799|8.983 Seats|Haugesund Stadion|32|Free transfer|€500k|€900k|0|+€900k
800|10.230 Seats|Antonis Papadopoulos|35|€250k|€250k|€300k|€525k|€-225k
801|22.859 Seats|GSP Stadium|31|€300k|Free transfer|0|€850k|€-850k
802|22.859 Seats|GSP Stadium|32|€200k|Free transfer|0|€500k|€-500k
803|13.331 Seats|Tsirion Stadion|35|€25k|€50k|€50k|€25k|+€25k
804|13.331 Seats|Tsirion Stadion|27|Free transfer|Free transfer|0|0|0
805|10.230 Seats|Antonis Papadopoulos|44|€180k|€50k|€50k|€480k|€-430k
806|22.859 Seats|GSP Stadium|29|Free transfer|Free transfer|0|0|0
807|13.331 Seats|Tsirion Stadion|42|Free transfer|€50k|€50k|0|+€50k
808|22.859 Seats|GSP Stadium|28|€700k|Free transfer|0|€873k|€-873k
809|13.331 Seats|Tsirion Stadion|31|€250k|€800k|€870k|€250k|+€620k
810|22.859 Seats|GSP Stadium|31|€250k|€300k|€300k|€340k|€-40k
811|10.230 Seats|Antonis Papadopoulos|37|€300k|Free transfer|0|€450k|€-450k
812|22.859 Seats|GSP Stadium|30|€230k|Free transfer|0|€380k|€-380k
813|13.331 Seats|Tsirion Stadion|30|€100k|Free transfer|0|€170k|€-170k
814|13.331 Seats|Tsirion Stadion|36|Free transfer|Free transfer|0|0|0
815|22.859 Seats|GSP Stadium|30|€235k|€2.20m|€3.20m|€235k|+€2.97m
816|10.230 Seats|Antonis Papadopoulos|32|€275k|€300k|€300k|€625k|€-325k
817|22.859 Seats|GSP Stadium|31|Free transfer|€275k|€275k|0|+€275k
818|13.331 Seats|Tsirion Stadion|30|Free transfer|Free transfer|0|0|0
819|13.331 Seats|Tsirion Stadion|38|Free transfer|€50k|€50k|0|+€50k
820|22.859 Seats|GSP Stadium|36|€225k|Free transfer|0|€415k|€-415k
821|13.331 Seats|Tsirion Stadion|32|Free transfer|€500k|€1.20m|0|+€1.20m
822|10.230 Seats|Antonis Papadopoulos|36|€20k|€1.70m|€1.70m|€20k|+€1.68m
823|13.331 Seats|Tsirion Stadion|31|€500k|Free transfer|0|€500k|€-500k
824|22.859 Seats|GSP Stadium|41|Free transfer|€200k|€200k|0|+€200k
825|22.859 Seats|GSP Stadium|36|€500k|Free transfer|0|€575k|€-575k
826|13.331 Seats|Tsirion Stadion|35|€400k|€1.90m|€1.90m|€400k|+€1.50m
827|22.859 Seats|GSP Stadium|39|Free transfer|Free transfer|0|0|0
828|10.230 Seats|Antonis Papadopoulos|30|Free transfer|Free transfer|0|0|0
829|13.331 Seats|Tsirion Stadion|39|Free transfer|Free transfer|0|0|0
830|22.859 Seats|GSP Stadium|39|€120k|Free transfer|0|€120k|€-120k
831|22.859 Seats|GSP Stadium|38|€200k|Free transfer|0|€200k|€-200k
832|13.331 Seats|Tsirion Stadion|36|€2.50m|€6.60m|€6.60m|€4.50m|+€2.10m
833|10.230 Seats|Antonis Papadopoulos|30|€200k|€350k|€500k|€400k|+€100k
834|13.331 Seats|Tsirion Stadion|35|€45k|€75k|€75k|€45k|+€30k
835|22.859 Seats|GSP Stadium|37|€250k|€3.00m|€3.60m|€370k|+€3.23m
836|13.331 Seats|Tsirion Stadion|46|Free transfer|Free transfer|0|0|0
837|22.859 Seats|GSP Stadium|40|Free transfer|€300k|€375k|0|+€375k
838|10.230 Seats|Antonis Papadopoulos|33|€100k|€600k|€1.15m|€125k|+€1.03m
839|13.331 Seats|Tsirion Stadion|36|Free transfer|€100k|€100k|0|+€100k
840|22.859 Seats|GSP Stadium|37|€2.00m|€2.50m|€2.50m|€2.20m|+€300k
841|13.331 Seats|Tsirion Stadion|39|€25k|€250k|€290k|€25k|+€265k
842|22.859 Seats|GSP Stadium|39|Free transfer|€100k|€100k|0|+€100k
843|10.230 Seats|Antonis Papadopoulos|29|Free transfer|€300k|€300k|0|+€300k
844|13.331 Seats|Tsirion Stadion|34|€40k|Free transfer|0|€40k|€-40k
845|22.859 Seats|GSP Stadium|43|€300k|€4.50m|€5.18m|€375k|+€4.81m
846|13.331 Seats|Tsirion Stadion|42|€600k|€450k|€450k|€600k|€-150k
847|22.859 Seats|GSP Stadium|41|€200k|Free transfer|0|€200k|€-200k
848|10.230 Seats|Antonis Papadopoulos|41|€600k|Free transfer|0|€725k|€-725k
849|13.331 Seats|Tsirion Stadion|40|€80k|Free transfer|0|€155k|€-155k
850|13.126 Seats|Borisov-Arena|32|€180k|€430k|€430k|€180k|+€250k
851|22.246 Seats|Dinamo|43|Free transfer|Free transfer|0|0|0
852|4.200 Seats|Stroitel|30|€21k|Free transfer|0|€21k|€-21k
853|3.000 Seats|Stadion FK Minsk|30|Free transfer|€750|€750|0|+€750
854|6.524 Seats|Torpedo|47|Free transfer|€60k|€60k|0|+€60k
855|8.479 Seats|"Tsentralny Sportivny Komplex ""Neman"""|40|Free transfer|€21k|€21k|0|+€21k
856|13.126 Seats|Borisov-Arena|40|€150k|€300k|€590k|€585k|+€5k
857|22.246 Seats|Dinamo|49|€95k|€390k|€1.12m|€215k|+€900k
858|3.000 Seats|Stadion FK Minsk|35|Free transfer|Free transfer|0|0|0
859|8.479 Seats|"Tsentralny Sportivny Komplex ""Neman"""|35|€50k|Free transfer|0|€50k|€-50k
860|4.200 Seats|Stroitel|29|€100k|€50k|€50k|€100k|€-50k
861|6.524 Seats|Torpedo|37|Free transfer|Free transfer|0|0|0
862|13.126 Seats|Borisov-Arena|44|€500k|€2.80m|€4.30m|€1.07m|+€3.24m
863|3.000 Seats|Stadion FK Minsk|51|Free transfer|Free transfer|0|0|0
864|22.246 Seats|Dinamo|45|€380k|€300k|€300k|€715k|€-415k
865|4.200 Seats|Stroitel|32|€40k|€450k|€450k|€80k|+€370k
866|8.479 Seats|"Tsentralny Sportivny Komplex ""Neman"""|35|Free transfer|Free transfer|0|0|0
867|6.524 Seats|Torpedo|40|€10k|Free transfer|0|€10k|€-10k
868|13.126 Seats|Borisov-Arena|41|€300k|€3.50m|€4.67m|€375k|+€4.30m
869|22.246 Seats|Dinamo|49|€190k|€1.20m|€1.20m|€435k|+€765k
870|6.524 Seats|Torpedo|48|Free transfer|€65k|€65k|0|+€65k
871|4.200 Seats|Stroitel|33|Free transfer|Free transfer|0|0|0
872|3.000 Seats|Stadion FK Minsk|41|Free transfer|Free transfer|0|0|0
873|8.479 Seats|"Tsentralny Sportivny Komplex ""Neman"""|36|Free transfer|Free transfer|0|0|0
874|13.126 Seats|Borisov-Arena|38|€80k|€435k|€1.02m|€191k|+€829k
875|22.246 Seats|Dinamo|38|€350k|€7k|€7k|€350k|€-343k
876|4.200 Seats|Stroitel|37|Free transfer|Free transfer|0|0|0
877|8.479 Seats|"Tsentralny Sportivny Komplex ""Neman"""|37|Free transfer|Free transfer|0|0|0
878|3.000 Seats|Stadion FK Minsk|43|Free transfer|Free transfer|0|0|0
879|6.524 Seats|Torpedo|34|Free transfer|Free transfer|0|0|0
880|13.126 Seats|Borisov-Arena|39|€35k|€1.00m|€1.00m|€35k|+€965k
881|22.246 Seats|Dinamo|41|€200k|Free transfer|0|€200k|€-200k
882|4.200 Seats|Stroitel|36|Free transfer|€250k|€250k|0|+€250k
883|8.479 Seats|"Tsentralny Sportivny Komplex ""Neman"""|41|Free transfer|€60k|€66k|0|+€66k
884|6.524 Seats|Torpedo|30|Free transfer|Free transfer|0|0|0
885|3.000 Seats|Stadion FK Minsk|35|Free transfer|Free transfer|0|0|0
886|13.126 Seats|Borisov-Arena|50|€1.00m|€1.50m|€1.95m|€1.25m|+€700k
887|22.246 Seats|Dinamo|49|€59k|€700k|€1.25m|€109k|+€1.14m
888|4.200 Seats|Stroitel|37|€19k|Free transfer|0|€19k|€-19k
889|6.524 Seats|Torpedo|48|Free transfer|Free transfer|0|0|0
890|3.000 Seats|Stadion FK Minsk|40|Free transfer|€50k|€50k|0|+€50k
891|8.479 Seats|"Tsentralny Sportivny Komplex ""Neman"""|39|Free transfer|Free transfer|0|0|0
892|13.126 Seats|Borisov-Arena|39|€370k|€500k|€528k|€436k|+€93k
893|22.246 Seats|Dinamo|43|Free transfer|Free transfer|0|0|0
894|4.200 Seats|Stroitel|40|€28k|€2k|€2k|€47k|€-45k
895|6.524 Seats|Torpedo|41|Free transfer|Free transfer|0|0|0
896|8.479 Seats|"Tsentralny Sportivny Komplex ""Neman"""|39|Free transfer|Free transfer|0|0|0
897|3.000 Seats|Stadion FK Minsk|35|Free transfer|Free transfer|0|0|0
898|13.126 Seats|Borisov-Arena|40|Free transfer|€100k|€100k|0|+€100k
899|22.246 Seats|Dinamo|50|Free transfer|Free transfer|0|0|0
900|4.200 Seats|Stroitel|40|€40k|Free transfer|0|€40k|€-40k
901|6.524 Seats|Torpedo|45|Free transfer|Free transfer|0|0|0
902|8.479 Seats|"Tsentralny Sportivny Komplex ""Neman"""|36|Free transfer|€232k|€232k|0|+€232k
903|3.000 Seats|Stadion FK Minsk|45|Free transfer|€40k|€40k|0|+€40k
904|13.126 Seats|Borisov-Arena|49|€250k|€1.30m|€1.30m|€626k|+€675k
905|22.246 Seats|Dinamo|54|Free transfer|Free transfer|0|0|0
906|4.200 Seats|Stroitel|48|€100k|Free transfer|0|€100k|€-100k
907|6.524 Seats|Torpedo|44|Free transfer|Free transfer|0|0|0
908|3.000 Seats|Stadion FK Minsk|45|Free transfer|€88k|€88k|0|+€88k
909|8.479 Seats|"Tsentralny Sportivny Komplex ""Neman"""|42|Free transfer|€88k|€88k|0|+€88k
910|22.500 Seats|Tehelné pole|33|€350k|€150k|€150k|€625k|€-475k
911|11.800 Seats|Pod Dubnom|35|€40k|€900k|€1.05m|€40k|+€1.01m
912|4.165 Seats|OMS Arena|40|Free transfer|Free transfer|0|0|0
913|19.200 Seats|City Aréna - Štadión Antona Malatinského|39|Free transfer|€100k|€100k|0|+€100k
914|5.000 Seats|Štadión pod Èebraom|37|Free transfer|€100k|€170k|0|+€170k
915|22.500 Seats|Tehelné pole|34|Free transfer|€1.50m|€1.75m|0|+€1.75m
916|11.800 Seats|Pod Dubnom|36|€900k|€600k|€1.33m|€1.10m|+€225k
917|4.165 Seats|OMS Arena|31|Free transfer|Free transfer|0|0|0
918|19.200 Seats|City Aréna - Štadión Antona Malatinského|34|Free transfer|Free transfer|0|0|0
919|5.000 Seats|Štadión pod Èebraom|30|Free transfer|€200k|€200k|0|+€200k
920|22.500 Seats|Tehelné pole|43|€400k|€630k|€930k|€400k|+€530k
921|19.200 Seats|City Aréna - Štadión Antona Malatinského|40|Free transfer|€250k|€250k|0|+€250k
922|11.800 Seats|Pod Dubnom|35|€60k|€150k|€220k|€120k|+€100k
923|4.165 Seats|OMS Arena|34|Free transfer|Free transfer|0|0|0
924|5.000 Seats|Štadión pod Èebraom|40|Free transfer|€500k|€500k|0|+€500k
925|22.500 Seats|Tehelné pole|32|€150k|€630k|€630k|€150k|+€480k
926|4.165 Seats|OMS Arena|36|Free transfer|Free transfer|0|0|0
927|19.200 Seats|City Aréna - Štadión Antona Malatinského|37|€60k|€120k|€120k|€60k|+€60k
928|11.800 Seats|Pod Dubnom|32|Free transfer|€300k|€300k|0|+€300k
929|5.000 Seats|Štadión pod Èebraom|27|?|Free transfer|0|0|0
930|22.500 Seats|Tehelné pole|37|Free transfer|€480k|€480k|0|+€480k
931|4.165 Seats|OMS Arena|44|Free transfer|Free transfer|0|0|0
932|11.800 Seats|Pod Dubnom|37|Free transfer|€26k|€26k|0|+€26k
933|19.200 Seats|City Aréna - Štadión Antona Malatinského|37|Free transfer|Free transfer|0|0|0
934|5.000 Seats|Štadión pod Èebraom|36|Free transfer|Free transfer|0|0|0
935|22.500 Seats|Tehelné pole|39|€550k|Free transfer|0|€550k|€-550k
936|19.200 Seats|City Aréna - Štadión Antona Malatinského|41|€5k|€150k|€150k|€5k|+€145k
937|5.000 Seats|Štadión pod Èebraom|41|Free transfer|€160k|€160k|0|+€160k
938|4.165 Seats|OMS Arena|32|Free transfer|€210k|€360k|0|+€360k
939|11.800 Seats|Pod Dubnom|30|Free transfer|Free transfer|0|0|0
940|22.500 Seats|Tehelné pole|45|€100k|Free transfer|0|€100k|€-100k
941|19.200 Seats|City Aréna - Štadión Antona Malatinského|41|Free transfer|€700k|€850k|0|+€850k
942|11.800 Seats|Pod Dubnom|36|€350k|€6.00m|€7.80m|€350k|+€7.45m
943|5.000 Seats|Štadión pod Èebraom|30|Free transfer|Free transfer|0|0|0
944|4.165 Seats|OMS Arena|38|Free transfer|Free transfer|0|0|0
945|22.500 Seats|Tehelné pole|39|Free transfer|€200k|€220k|0|+€220k
946|11.800 Seats|Pod Dubnom|36|€160k|€2.00m|€2.00m|€310k|+€1.69m
947|5.000 Seats|Štadión pod Èebraom|32|Free transfer|Free transfer|0|0|0
948|19.200 Seats|City Aréna - Štadión Antona Malatinského|35|Free transfer|€50k|€50k|0|+€50k
949|4.165 Seats|OMS Arena|46|Free transfer|Free transfer|0|0|0
950|22.500 Seats|Tehelné pole|45|€1.00m|€1.65m|€1.71m|€3.05m|€-1.34m
951|11.800 Seats|Pod Dubnom|42|Free transfer|€1.50m|€3.50m|0|+€3.50m
952|19.200 Seats|City Aréna - Štadión Antona Malatinského|32|Free transfer|€1.00m|€1.50m|0|+€1.50m
953|5.000 Seats|Štadión pod Èebraom|35|€120k|Free transfer|0|€120k|€-120k
954|4.165 Seats|OMS Arena|44|€150k|€30k|€30k|€150k|€-120k
955|22.500 Seats|Tehelné pole|36|Free transfer|€50k|€50k|0|+€50k
956|19.200 Seats|City Aréna - Štadión Antona Malatinského|53|€13k|€750k|€880k|€13k|+€868k
957|11.800 Seats|Pod Dubnom|38|€250k|€3.80m|€5.30m|€250k|+€5.05m
958|5.000 Seats|Štadión pod Èebraom|33|Free transfer|Free transfer|0|0|0
959|4.165 Seats|OMS Arena|41|Free transfer|Free transfer|0|0|0
960|6.250 Seats|ARVI arena|38|Free transfer|€30k|€30k|0|+€30k
961|5.067 Seats|LFF stadionas|27|€30k|Free transfer|0|€30k|€-30k
962|6.250 Seats|ARVI arena|35|€15k|Free transfer|0|€15k|€-15k
963|5.067 Seats|LFF stadionas|29|Free transfer|€90k|€170k|0|+€170k
964|5.067 Seats|LFF stadionas|24|€12k|€30k|€30k|€12k|+€18k
965|6.250 Seats|ARVI arena|36|Free transfer|€12k|€12k|0|+€12k
966|5.067 Seats|LFF stadionas|33|Free transfer|€120k|€130k|0|+€130k
967|6.250 Seats|ARVI arena|38|Free transfer|€250k|€250k|0|+€250k
968|5.067 Seats|LFF stadionas|38|€4k|€40k|€40k|0|+€40k
969|6.250 Seats|ARVI arena|34|Free transfer|Free transfer|0|0|0
970|5.067 Seats|LFF stadionas|38|Free transfer|€175k|€330k|€4k|+€326k
971|6.250 Seats|ARVI arena|29|Free transfer|Free transfer|0|0|0
972|5.067 Seats|LFF stadionas|40|Free transfer|€150k|€165k|0|+€165k
973|6.250 Seats|ARVI arena|24|Free transfer|Free transfer|0|0|0
974|5.067 Seats|LFF stadionas|35|€12k|Free transfer|0|€12k|€-12k
975|6.250 Seats|ARVI arena|41|Free transfer|€160k|€160k|0|+€160k
976|6.250 Seats|ARVI arena|42|Free transfer|Free transfer|0|0|0
977|5.067 Seats|LFF stadionas|38|Free transfer|€52k|€52k|0|+€52k
978|6.250 Seats|ARVI arena|40|Free transfer|Free transfer|0|0|0
979|5.067 Seats|LFF stadionas|43|€5k|€150k|€200k|€5k|+€195k
980|11.000 Seats|Bakcell Arena|24|Free transfer|Free transfer|0|0|0
981|31.200 Seats|Tofiq Bahramov Stadion|23|Free transfer|€250k|€250k|0|+€250k
982|4.500 Seats|Qabala City Stadium|12|Free transfer|Free transfer|0|0|0
983|11.000 Seats|Bakcell Arena|33|€75k|Free transfer|0|€75k|€-75k
984|31.200 Seats|Tofiq Bahramov Stadion|31|Free transfer|?|0|0|0
985|4.500 Seats|Qabala City Stadium|38|Free transfer|Free transfer|0|0|0
986|4.500 Seats|Qabala City Stadium|35|€300k|€200k|€200k|€300k|€-100k
987|11.000 Seats|Bakcell Arena|34|€158k|Free transfer|0|€158k|€-158k
988|31.200 Seats|Tofiq Bahramov Stadion|27|Free transfer|Free transfer|0|0|0
989|4.500 Seats|Qabala City Stadium|40|€500k|Free transfer|0|€500k|€-500k
990|31.200 Seats|Tofiq Bahramov Stadion|31|€1.28m|Free transfer|0|€1.28m|€-1.28m
991|11.000 Seats|Bakcell Arena|30|Free transfer|Free transfer|0|0|0
992|4.500 Seats|Qabala City Stadium|34|€450k|Free transfer|0|€1.33m|€-1.33m
993|11.000 Seats|Bakcell Arena|32|€200k|Free transfer|0|€200k|€-200k
994|31.200 Seats|Tofiq Bahramov Stadion|31|€680k|Free transfer|0|€680k|€-680k
995|4.500 Seats|Qabala City Stadium|38|€383k|Free transfer|0|€683k|€-683k
996|31.200 Seats|Tofiq Bahramov Stadion|31|€800k|Free transfer|0|€800k|€-800k
997|11.000 Seats|Bakcell Arena|34|?|Free transfer|0|0|0
998|4.500 Seats|Qabala City Stadium|35|Free transfer|Free transfer|0|0|0
999|31.200 Seats|Tofiq Bahramov Stadion|36|Free transfer|Free transfer|0|0|0
1000|11.000 Seats|Bakcell Arena|33|Free transfer|Free transfer|0|0|0
1001|31.200 Seats|Tofiq Bahramov Stadion|33|Free transfer|€500k|€500k|0|+€500k
1002|4.500 Seats|Qabala City Stadium|37|€383k|Free transfer|0|€437k|€-437k
1003|11.000 Seats|Bakcell Arena|45|€15k|€54k|€54k|€15k|+€39k
1004|31.200 Seats|Tofiq Bahramov Stadion|41|€800k|€650k|€650k|€800k|€-150k
1005|4.500 Seats|Qabala City Stadium|42|Free transfer|Free transfer|0|0|0
1006|11.000 Seats|Bakcell Arena|38|Free transfer|Free transfer|0|0|0
1007|31.200 Seats|Tofiq Bahramov Stadion|31|€1.00m|Free transfer|0|€1.17m|€-1.17m
1008|11.000 Seats|Bakcell Arena|42|€50k|€130k|€130k|€50k|+€80k
1009|4.500 Seats|Qabala City Stadium|34|€350k|Free transfer|0|€350k|€-350k
1010|30.000 Seats|Astana Arena|22|€2.00m|€90k|€90k|€2.25m|€-2.16m
1011|23.804 Seats|Zentralstadion Almaty|25|€1.00m|Free transfer|0|€1.48m|€-1.48m
1012|8.050 Seats|Zentralstadion  Kostanay|27|€20k|Free transfer|0|€20k|€-20k
1013|20.000 Seats|Kazhimukan Munaytpasov Stadion|26|€50k|Free transfer|0|€50k|€-50k
1014|19.500 Seats|Zentralstadion Shakhter|24|Free transfer|Free transfer|0|0|0
1015|11.828 Seats|Zentralstadion Pavlodar|23|€71k|Free transfer|0|€71k|€-71k
1016|30.000 Seats|Astana Arena|22|€2.00m|€90k|€90k|€2.25m|€-2.16m
1017|23.804 Seats|Zentralstadion Almaty|25|€1.00m|Free transfer|0|€1.48m|€-1.48m
1018|8.050 Seats|Zentralstadion  Kostanay|27|€20k|Free transfer|0|€20k|€-20k
1019|20.000 Seats|Kazhimukan Munaytpasov Stadion|26|€50k|Free transfer|0|€50k|€-50k
1020|19.500 Seats|Zentralstadion Shakhter|24|Free transfer|Free transfer|0|0|0
1021|11.828 Seats|Zentralstadion Pavlodar|23|€71k|Free transfer|0|€71k|€-71k
1022|8.050 Seats|Zentralstadion  Kostanay|46|Free transfer|Free transfer|0|0|0
1023|30.000 Seats|Astana Arena|28|€70k|€50k|€50k|€70k|€-20k
1024|11.828 Seats|Zentralstadion Pavlodar|42|Free transfer|Free transfer|0|0|0
1025|19.500 Seats|Zentralstadion Shakhter|36|Free transfer|Free transfer|0|0|0
1026|23.804 Seats|Zentralstadion Almaty|36|Free transfer|Free transfer|0|0|0
1027|20.000 Seats|Kazhimukan Munaytpasov Stadion|26|Free transfer|Free transfer|0|0|0
1028|30.000 Seats|Astana Arena|28|€120k|Free transfer|0|€120k|€-120k
1029|23.804 Seats|Zentralstadion Almaty|38|Free transfer|Free transfer|0|0|0
1030|19.500 Seats|Zentralstadion Shakhter|54|Free transfer|Free transfer|0|0|0
1031|8.050 Seats|Zentralstadion  Kostanay|30|Free transfer|Free transfer|0|0|0
1032|20.000 Seats|Kazhimukan Munaytpasov Stadion|46|Free transfer|Free transfer|0|0|0
1033|11.828 Seats|Zentralstadion Pavlodar|29|Free transfer|Free transfer|0|0|0
1034|30.000 Seats|Astana Arena|43|€1.00m|Free transfer|0|€1.30m|€-1.30m
1035|23.804 Seats|Zentralstadion Almaty|37|€200k|Free transfer|0|€300k|€-300k
1036|19.500 Seats|Zentralstadion Shakhter|39|€400k|Free transfer|0|€400k|€-400k
1037|11.828 Seats|Zentralstadion Pavlodar|42|Free transfer|Free transfer|0|0|0
1038|8.050 Seats|Zentralstadion  Kostanay|29|€20k|Free transfer|0|€20k|€-20k
1039|20.000 Seats|Kazhimukan Munaytpasov Stadion|29|Free transfer|Free transfer|0|0|0
1040|30.000 Seats|Astana Arena|40|€2.00m|Free transfer|0|€2.40m|€-2.40m
1041|23.804 Seats|Zentralstadion Almaty|38|€550k|Free transfer|0|€550k|€-550k
1042|8.050 Seats|Zentralstadion  Kostanay|34|€60k|Free transfer|0|€60k|€-60k
1043|19.500 Seats|Zentralstadion Shakhter|46|Free transfer|Free transfer|0|0|0
1044|11.828 Seats|Zentralstadion Pavlodar|38|Free transfer|Free transfer|0|0|0
1045|20.000 Seats|Kazhimukan Munaytpasov Stadion|26|Free transfer|Free transfer|0|0|0
1046|30.000 Seats|Astana Arena|49|€180k|Free transfer|0|€180k|€-180k
1047|23.804 Seats|Zentralstadion Almaty|40|Free transfer|€380k|€380k|0|+€380k
1048|20.000 Seats|Kazhimukan Munaytpasov Stadion|39|Free transfer|Free transfer|0|0|0
1049|8.050 Seats|Zentralstadion  Kostanay|33|Free transfer|Free transfer|0|0|0
1050|11.828 Seats|Zentralstadion Pavlodar|34|Free transfer|Free transfer|0|0|0
1051|19.500 Seats|Zentralstadion Shakhter|33|Free transfer|Free transfer|0|0|0
1052|23.804 Seats|Zentralstadion Almaty|42|€1.00m|Free transfer|0|€1.96m|€-1.96m
1053|30.000 Seats|Astana Arena|41|Free transfer|Free transfer|0|0|0
1054|20.000 Seats|Kazhimukan Munaytpasov Stadion|43|€47k|€450k|€450k|€47k|+€403k
1055|8.050 Seats|Zentralstadion  Kostanay|35|Free transfer|Free transfer|0|0|0
1056|11.828 Seats|Zentralstadion Pavlodar|33|Free transfer|Free transfer|0|0|0
1057|19.500 Seats|Zentralstadion Shakhter|37|Free transfer|Free transfer|0|0|0
1058|30.000 Seats|Astana Arena|46|€700k|€2.00m|€2.00m|€846k|+€1.15m
1059|23.804 Seats|Zentralstadion Almaty|44|Free transfer|Free transfer|0|0|0
1060|20.000 Seats|Kazhimukan Munaytpasov Stadion|41|Free transfer|Free transfer|0|0|0
1061|11.828 Seats|Zentralstadion Pavlodar|46|Free transfer|Free transfer|0|0|0
1062|8.050 Seats|Zentralstadion  Kostanay|29|Free transfer|Free transfer|0|0|0
1063|19.500 Seats|Zentralstadion Shakhter|33|Free transfer|Free transfer|0|0|0
1064|30.000 Seats|Astana Arena|40|€1.50m|€3.00m|€3.12m|€2.75m|+€365k
1065|23.804 Seats|Zentralstadion Almaty|42|€870k|Free transfer|0|€1.82m|€-1.82m
1066|8.050 Seats|Zentralstadion  Kostanay|40|€100k|Free transfer|0|€100k|€-100k
1067|11.828 Seats|Zentralstadion Pavlodar|50|Free transfer|Free transfer|0|0|0
1068|20.000 Seats|Kazhimukan Munaytpasov Stadion|28|€400k|€870k|€1.12m|€400k|+€720k
1069|19.500 Seats|Zentralstadion Shakhter|32|Free transfer|Free transfer|0|0|0
