Country|Team|Year|UefaId|Competition|Stage|MatchesPlayed|Wins|Draws|Losses
Greece|Panathinaikos FC|2017|50084|UEFA Europa League|Play-off|4|2|0|2
Greece|Panathinaikos FC|2016|50084|UEFA Europa League|Group stage|10|3|2|5
Greece|Panathinaikos FC|2015|50084|UEFA Europa League|Play-off|2|0|2|0
Greece|Panathinaikos FC|2015|50084|UEFA Champions League|Third qualifying round|2|1|0|1
Greece|Panathinaikos FC|2014|50084|UEFA Europa League|Group stage|8|2|2|4
Greece|Panathinaikos FC|2014|50084|UEFA Champions League|Third qualifying round|2|0|1|1
Greece|Panathinaikos FC|2012|50084|UEFA Europa League|Group stage|6|1|2|3
Greece|Panathinaikos FC|2012|50084|UEFA Champions League|Play-off|4|2|1|1
Greece|Panathinaikos FC|2011|50084|UEFA Europa League|Play-off|2|1|0|1
Greece|Panathinaikos FC|2011|50084|UEFA Champions League|Third qualifying round|2|0|1|1
Greece|Panathinaikos FC|2010|50084|UEFA Champions League|Group stage|6|0|2|4
Greece|Panathinaikos FC|2009|50084|UEFA Europa League|Round of 16|10|6|0|4
Greece|Panathinaikos FC|2009|50084|UEFA Champions League|Play-off|4|1|0|3
Scotland|Rangers FC|2018|50121|UEFA Europa League|Group stage|14|5|7|2
Scotland|Rangers FC|2017|50121|UEFA Europa League|First qualifying round|2|1|0|1
Scotland|Rangers FC|2011|50121|UEFA Europa League|Play-off|2|0|1|1
Scotland|Rangers FC|2011|50121|UEFA Champions League|Third qualifying round|2|0|1|1
Scotland|Rangers FC|2010|50121|UEFA Europa League|Round of 16|4|0|3|1
Scotland|Rangers FC|2010|50121|UEFA Champions League|Group stage|6|1|3|2
Scotland|Rangers FC|2009|50121|UEFA Champions League|Group stage|6|0|2|4
Romania|FCSB|2018|50065|UEFA Europa League|Play-off|6|4|1|1
Romania|FCSB|2017|50065|UEFA Europa League|Round of 32|8|4|1|3
Romania|FCSB|2017|50065|UEFA Champions League|Play-off|4|1|2|1
Romania|FCSB|2016|50065|UEFA Europa League|Group stage|6|1|3|2
Romania|FCSB|2016|50065|UEFA Champions League|Play-off|4|1|1|2
Romania|FCSB|2015|50065|UEFA Europa League|Play-off|2|1|0|1
Romania|FCSB|2015|50065|UEFA Champions League|Third qualifying round|4|1|1|2
Romania|FCSB|2014|50065|UEFA Europa League|Group stage|6|2|1|3
Romania|FCSB|2014|50065|UEFA Champions League|Play-off|6|4|1|1
Romania|FCSB|2013|50065|UEFA Champions League|Group stage|12|3|6|3
Romania|FCSB|2012|50065|UEFA Europa League|Round of 16|14|8|2|4
Romania|FCSB|2011|50065|UEFA Europa League|Round of 32|10|3|3|4
Romania|FCSB|2010|50065|UEFA Europa League|Group stage|8|2|3|3
Romania|FCSB|2009|50065|UEFA Europa League|Group stage|12|6|4|2
Greece|Olympiacos FC|2018|2610|UEFA Europa League|Round of 32|12|6|3|3
Greece|Olympiacos FC|2017|2610|UEFA Champions League|Group stage|10|3|2|5
Greece|Olympiacos FC|2016|2610|UEFA Europa League|Round of 16|12|5|4|3
Greece|Olympiacos FC|2016|2610|UEFA Champions League|Third qualifying round|2|0|1|1
Greece|Olympiacos FC|2015|2610|UEFA Europa League|Round of 32|2|0|0|2
Greece|Olympiacos FC|2015|2610|UEFA Champions League|Group stage|6|3|0|3
Greece|Olympiacos FC|2014|2610|UEFA Europa League|Round of 32|2|0|1|1
Greece|Olympiacos FC|2014|2610|UEFA Champions League|Group stage|6|3|0|3
Greece|Olympiacos FC|2013|2610|UEFA Champions League|Round of 16|8|4|1|3
Greece|Olympiacos FC|2012|2610|UEFA Europa League|Round of 32|2|0|0|2
Greece|Olympiacos FC|2012|2610|UEFA Champions League|Group stage|6|3|0|3
Greece|Olympiacos FC|2011|2610|UEFA Europa League|Round of 16|4|3|0|1
Greece|Olympiacos FC|2011|2610|UEFA Champions League|Group stage|6|3|0|3
Greece|Olympiacos FC|2010|2610|UEFA Europa League|Third qualifying round|4|3|0|1
Greece|Olympiacos FC|2009|2610|UEFA Champions League|Round of 16|12|7|1|4
Scotland|Celtic FC|2018|50050|UEFA Europa League|Round of 32|10|4|1|5
Scotland|Celtic FC|2018|50050|UEFA Champions League|Third qualifying round|6|3|2|1
Scotland|Celtic FC|2017|50050|UEFA Europa League|Round of 32|2|1|0|1
Scotland|Celtic FC|2017|50050|UEFA Champions League|Group stage|12|5|1|6
Scotland|Celtic FC|2016|50050|UEFA Champions League|Group stage|12|3|4|5
Scotland|Celtic FC|2015|50050|UEFA Europa League|Group stage|6|0|3|3
Scotland|Celtic FC|2015|50050|UEFA Champions League|Play-off|6|4|1|1
Scotland|Celtic FC|2014|50050|UEFA Europa League|Round of 32|8|2|3|3
Scotland|Celtic FC|2014|50050|UEFA Champions League|Play-off|6|2|1|3
Scotland|Celtic FC|2013|50050|UEFA Champions League|Group stage|12|5|1|6
Scotland|Celtic FC|2012|50050|UEFA Champions League|Round of 16|12|7|1|4
Scotland|Celtic FC|2011|50050|UEFA Europa League|Group stage|8|3|3|2
Scotland|Celtic FC|2010|50050|UEFA Europa League|Play-off|2|1|0|1
Scotland|Celtic FC|2010|50050|UEFA Champions League|Third qualifying round|2|1|0|1
Scotland|Celtic FC|2009|50050|UEFA Europa League|Group stage|6|1|3|2
Scotland|Celtic FC|2009|50050|UEFA Champions League|Play-off|4|1|0|3
Romania|FC Rapid Bucureşti|2012|59039|UEFA Europa League|Third qualifying round|4|3|0|1
Romania|FC Rapid Bucureşti|2011|59039|UEFA Europa League|Group stage|8|2|1|5
Austria|FK Austria Wien|2017|50110|UEFA Europa League|Group stage|10|3|3|4
Austria|FK Austria Wien|2016|50110|UEFA Europa League|Group stage|12|6|2|4
Austria|FK Austria Wien|2013|50110|UEFA Champions League|Group stage|10|3|3|4
Austria|FK Austria Wien|2011|50110|UEFA Europa League|Group stage|12|6|3|3
Austria|FK Austria Wien|2010|50110|UEFA Europa League|Play-off|6|3|2|1
Austria|FK Austria Wien|2009|50110|UEFA Europa League|Group stage|10|2|4|4
Norway|Rosenborg BK|2018|52806|UEFA Europa League|Group stage|10|4|1|5
Norway|Rosenborg BK|2018|52806|UEFA Champions League|Second qualifying round|4|1|1|2
Norway|Rosenborg BK|2017|52806|UEFA Europa League|Group stage|8|3|2|3
Norway|Rosenborg BK|2017|52806|UEFA Champions League|Third qualifying round|4|1|2|1
Norway|Rosenborg BK|2016|52806|UEFA Europa League|Play-off|2|0|0|2
Norway|Rosenborg BK|2016|52806|UEFA Champions League|Third qualifying round|4|2|0|2
Norway|Rosenborg BK|2015|52806|UEFA Europa League|Group stage|14|6|3|5
Norway|Rosenborg BK|2014|52806|UEFA Europa League|Third qualifying round|6|3|2|1
Norway|Rosenborg BK|2013|52806|UEFA Europa League|Second qualifying round|4|2|1|1
Norway|Rosenborg BK|2012|52806|UEFA Europa League|Group stage|14|6|4|4
Norway|Rosenborg BK|2011|52806|UEFA Europa League|Play-off|2|0|1|1
Norway|Rosenborg BK|2011|52806|UEFA Champions League|Third qualifying round|4|1|0|3
Norway|Rosenborg BK|2010|52806|UEFA Europa League|Group stage|6|1|0|5
Norway|Rosenborg BK|2010|52806|UEFA Champions League|Play-off|6|4|1|1
Norway|Rosenborg BK|2009|52806|UEFA Europa League|Second qualifying round|4|2|1|1
Denmark|F.C. Copenhagen|2018|52709|UEFA Europa League|Group stage|14|6|5|3
Denmark|F.C. Copenhagen|2017|52709|UEFA Europa League|Round of 32|8|2|3|3
Denmark|F.C. Copenhagen|2017|52709|UEFA Champions League|Play-off|6|3|0|3
Denmark|F.C. Copenhagen|2016|52709|UEFA Europa League|Round of 16|4|2|1|1
Denmark|F.C. Copenhagen|2016|52709|UEFA Champions League|Group stage|12|6|5|1
Denmark|F.C. Copenhagen|2015|52709|UEFA Europa League|Third qualifying round|4|3|0|1
Denmark|F.C. Copenhagen|2014|52709|UEFA Europa League|Group stage|6|1|1|4
Denmark|F.C. Copenhagen|2014|52709|UEFA Champions League|Play-off|4|1|1|2
Denmark|F.C. Copenhagen|2013|52709|UEFA Champions League|Group stage|6|1|1|4
Denmark|F.C. Copenhagen|2012|52709|UEFA Europa League|Group stage|6|2|2|2
Denmark|F.C. Copenhagen|2012|52709|UEFA Champions League|Play-off|4|2|1|1
Denmark|F.C. Copenhagen|2011|52709|UEFA Europa League|Group stage|6|1|2|3
Denmark|F.C. Copenhagen|2011|52709|UEFA Champions League|Play-off|4|2|0|2
Denmark|F.C. Copenhagen|2010|52709|UEFA Champions League|Round of 16|12|5|3|4
Denmark|F.C. Copenhagen|2009|52709|UEFA Europa League|Round of 32|8|3|1|4
Denmark|F.C. Copenhagen|2009|52709|UEFA Champions League|Play-off|6|4|1|1
Czech Republic|AC Sparta Praha|2018|50033|UEFA Europa League|Second qualifying round|2|1|0|1
Czech Republic|AC Sparta Praha|2017|50033|UEFA Europa League|Third qualifying round|2|0|0|2
Czech Republic|AC Sparta Praha|2016|50033|UEFA Europa League|Round of 32|10|5|2|3
Czech Republic|AC Sparta Praha|2016|50033|UEFA Champions League|Third qualifying round|2|0|1|1
Czech Republic|AC Sparta Praha|2015|50033|UEFA Europa League|Quarter-finals|14|7|5|2
Czech Republic|AC Sparta Praha|2015|50033|UEFA Champions League|Third qualifying round|2|0|1|1
Czech Republic|AC Sparta Praha|2014|50033|UEFA Europa League|Group stage|8|4|2|2
Czech Republic|AC Sparta Praha|2014|50033|UEFA Champions League|Third qualifying round|4|2|1|1
Czech Republic|AC Sparta Praha|2013|50033|UEFA Europa League|Second qualifying round|2|0|1|1
Czech Republic|AC Sparta Praha|2012|50033|UEFA Europa League|Round of 32|12|4|6|2
Czech Republic|AC Sparta Praha|2011|50033|UEFA Europa League|Play-off|4|3|0|1
Czech Republic|AC Sparta Praha|2010|50033|UEFA Europa League|Round of 32|8|2|4|2
Czech Republic|AC Sparta Praha|2010|50033|UEFA Champions League|Play-off|6|4|0|2
Czech Republic|AC Sparta Praha|2009|50033|UEFA Europa League|Group stage|8|4|1|3
Czech Republic|AC Sparta Praha|2009|50033|UEFA Champions League|Third qualifying round|2|1|0|1
Romania|FC Dinamo Bucureşti|2017|50098|UEFA Europa League|Third qualifying round|2|0|1|1
Romania|FC Dinamo Bucureşti|2012|50098|UEFA Europa League|Play-off|2|0|0|2
Romania|FC Dinamo Bucureşti|2011|50098|UEFA Europa League|Play-off|4|1|1|2
Romania|FC Dinamo Bucureşti|2010|50098|UEFA Europa League|Third qualifying round|4|3|0|1
Romania|FC Dinamo Bucureşti|2009|50098|UEFA Europa League|Group stage|8|3|0|5
Greece|AEK Athens FC|2018|50129|UEFA Champions League|Group stage|10|2|2|6
Greece|AEK Athens FC|2017|50129|UEFA Europa League|Round of 32|10|2|8|0
Greece|AEK Athens FC|2017|50129|UEFA Champions League|Third qualifying round|2|0|0|2
Greece|AEK Athens FC|2016|50129|UEFA Europa League|Third qualifying round|2|0|1|1
Greece|AEK Athens FC|2011|50129|UEFA Europa League|Group stage|8|2|1|5
Greece|AEK Athens FC|2010|50129|UEFA Europa League|Group stage|8|3|2|3
Greece|AEK Athens FC|2009|50129|UEFA Europa League|Group stage|8|2|1|5
Czech Republic|SK Slavia Praha|2018|52498|UEFA Europa League|Quarter-finals|12|5|3|4
Czech Republic|SK Slavia Praha|2018|52498|UEFA Champions League|Third qualifying round|2|0|1|1
Czech Republic|SK Slavia Praha|2017|52498|UEFA Europa League|Group stage|6|2|2|2
Czech Republic|SK Slavia Praha|2017|52498|UEFA Champions League|Play-off|4|1|1|2
Czech Republic|SK Slavia Praha|2016|52498|UEFA Europa League|Play-off|6|1|2|3
Czech Republic|SK Slavia Praha|2009|52498|UEFA Europa League|Group stage|8|1|3|4
Czech Republic|SK Slavia Praha|2009|52498|UEFA Champions League|Third qualifying round|2|0|2|0
Denmark|Aalborg BK|2014|54186|UEFA Europa League|Round of 32|8|3|0|5
Denmark|Aalborg BK|2014|54186|UEFA Champions League|Play-off|4|1|1|2
Denmark|Aalborg BK|2013|54186|UEFA Europa League|Second qualifying round|2|0|1|1
Denmark|Aalborg BK|2009|54186|UEFA Europa League|Second qualifying round|2|0|1|1
Bulgaria|PFC Levski Sofia|2018|50044|UEFA Europa League|First qualifying round|2|1|0|1
Bulgaria|PFC Levski Sofia|2017|50044|UEFA Europa League|Second qualifying round|4|1|1|2
Bulgaria|PFC Levski Sofia|2016|50044|UEFA Europa League|Second qualifying round|2|0|2|0
Bulgaria|PFC Levski Sofia|2013|50044|UEFA Europa League|First qualifying round|2|0|1|1
Bulgaria|PFC Levski Sofia|2012|50044|UEFA Europa League|Second qualifying round|2|1|0|1
Bulgaria|PFC Levski Sofia|2011|50044|UEFA Europa League|Third qualifying round|2|1|0|1
Bulgaria|PFC Levski Sofia|2010|50044|UEFA Europa League|Group stage|12|6|3|3
Bulgaria|PFC Levski Sofia|2009|50044|UEFA Europa League|Group stage|6|1|0|5
Bulgaria|PFC Levski Sofia|2009|50044|UEFA Champions League|Play-off|6|3|1|2
Serbia|FK Partizan|2018|50162|UEFA Europa League|Play-off|8|5|2|1
Serbia|FK Partizan|2017|50162|UEFA Europa League|Round of 32|10|3|4|3
Serbia|FK Partizan|2017|50162|UEFA Champions League|Third qualifying round|4|1|2|1
Serbia|FK Partizan|2016|50162|UEFA Europa League|Second qualifying round|2|0|2|0
Serbia|FK Partizan|2015|50162|UEFA Europa League|Group stage|6|3|0|3
Serbia|FK Partizan|2015|50162|UEFA Champions League|Play-off|6|4|1|1
Serbia|FK Partizan|2014|50162|UEFA Europa League|Group stage|8|2|2|4
Serbia|FK Partizan|2014|50162|UEFA Champions League|Third qualifying round|4|2|2|0
Serbia|FK Partizan|2013|50162|UEFA Europa League|Play-off|2|1|0|1
Serbia|FK Partizan|2013|50162|UEFA Champions League|Third qualifying round|4|0|2|2
Serbia|FK Partizan|2012|50162|UEFA Europa League|Group stage|8|1|3|4
Serbia|FK Partizan|2012|50162|UEFA Champions League|Third qualifying round|4|2|0|2
Serbia|FK Partizan|2011|50162|UEFA Europa League|Play-off|2|0|1|1
Serbia|FK Partizan|2011|50162|UEFA Champions League|Third qualifying round|4|2|1|1
Serbia|FK Partizan|2010|50162|UEFA Champions League|Group stage|12|4|2|6
Serbia|FK Partizan|2009|50162|UEFA Europa League|Group stage|8|2|1|5
Serbia|FK Partizan|2009|50162|UEFA Champions League|Third qualifying round|4|3|0|1
Israel|Hapoel Tel-Aviv FC|2014|59869|UEFA Europa League|Second qualifying round|2|1|0|1
Israel|Hapoel Tel-Aviv FC|2013|59869|UEFA Europa League|Third qualifying round|4|1|2|1
Israel|Hapoel Tel-Aviv FC|2012|59869|UEFA Europa League|Group stage|8|3|1|4
Israel|Hapoel Tel-Aviv FC|2011|59869|UEFA Europa League|Group stage|10|4|1|5
Israel|Hapoel Tel-Aviv FC|2010|59869|UEFA Champions League|Group stage|12|5|3|4
Israel|Hapoel Tel-Aviv FC|2009|59869|UEFA Europa League|Round of 32|12|6|3|3
Israel|Maccabi Haifa FC|2016|59045|UEFA Europa League|Second qualifying round|2|0|2|0
Israel|Maccabi Haifa FC|2013|59045|UEFA Europa League|Group stage|12|5|4|3
Israel|Maccabi Haifa FC|2011|59045|UEFA Europa League|Group stage|6|2|0|4
Israel|Maccabi Haifa FC|2011|59045|UEFA Champions League|Play-off|6|3|1|2
Israel|Maccabi Haifa FC|2010|59045|UEFA Europa League|Third qualifying round|2|1|0|1
Israel|Maccabi Haifa FC|2009|59045|UEFA Champions League|Group stage|12|5|1|6
Croatia|GNK Dinamo Zagreb|2018|50164|UEFA Europa League|Round of 16|10|6|2|2
Croatia|GNK Dinamo Zagreb|2018|50164|UEFA Champions League|Play-off|6|3|2|1
Croatia|GNK Dinamo Zagreb|2017|50164|UEFA Europa League|Play-off|4|1|3|0
Croatia|GNK Dinamo Zagreb|2016|50164|UEFA Champions League|Group stage|12|5|1|6
Croatia|GNK Dinamo Zagreb|2015|50164|UEFA Champions League|Group stage|12|4|3|5
Croatia|GNK Dinamo Zagreb|2014|50164|UEFA Europa League|Group stage|8|4|0|4
Croatia|GNK Dinamo Zagreb|2014|50164|UEFA Champions League|Third qualifying round|4|3|0|1
Croatia|GNK Dinamo Zagreb|2013|50164|UEFA Europa League|Group stage|6|0|1|5
Croatia|GNK Dinamo Zagreb|2013|50164|UEFA Champions League|Play-off|6|5|0|1
Croatia|GNK Dinamo Zagreb|2012|50164|UEFA Champions League|Group stage|12|5|2|5
Croatia|GNK Dinamo Zagreb|2011|50164|UEFA Champions League|Group stage|12|4|1|7
Croatia|GNK Dinamo Zagreb|2010|50164|UEFA Europa League|Group stage|8|4|1|3
Croatia|GNK Dinamo Zagreb|2010|50164|UEFA Champions League|Third qualifying round|4|1|2|1
Croatia|GNK Dinamo Zagreb|2009|50164|UEFA Europa League|Group stage|8|3|0|5
Croatia|GNK Dinamo Zagreb|2009|50164|UEFA Champions League|Third qualifying round|4|1|2|1
Bulgaria|PFC Litex Lovech|2015|64126|UEFA Europa League|First qualifying round|2|0|2|0
Bulgaria|PFC Litex Lovech|2014|64126|UEFA Europa League|Second qualifying round|4|2|1|1
Bulgaria|PFC Litex Lovech|2011|64126|UEFA Europa League|Play-off|2|0|0|2
Bulgaria|PFC Litex Lovech|2011|64126|UEFA Champions League|Third qualifying round|4|2|0|2
Bulgaria|PFC Litex Lovech|2010|64126|UEFA Europa League|Play-off|2|0|0|2
Bulgaria|PFC Litex Lovech|2010|64126|UEFA Champions League|Third qualifying round|4|2|1|1
Bulgaria|PFC Litex Lovech|2009|64126|UEFA Europa League|Play-off|2|1|0|1
Greece|Panionios GSS|2017|52955|UEFA Europa League|Third qualifying round|4|2|0|2
Romania|CFR 1907 Cluj|2018|88131|UEFA Europa League|Play-off|4|2|0|2
Romania|CFR 1907 Cluj|2018|88131|UEFA Champions League|Second qualifying round|2|0|1|1
Romania|CFR 1907 Cluj|2014|88131|UEFA Europa League|Third qualifying round|4|1|1|2
Romania|CFR 1907 Cluj|2012|88131|UEFA Europa League|Round of 32|2|0|0|2
Romania|CFR 1907 Cluj|2012|88131|UEFA Champions League|Group stage|10|7|1|2
Romania|CFR 1907 Cluj|2010|88131|UEFA Champions League|Group stage|6|1|1|4
Romania|CFR 1907 Cluj|2009|88131|UEFA Europa League|Group stage|8|2|1|5
Czech Republic|FK Mladá Boleslav|2017|88134|UEFA Europa League|Third qualifying round|4|3|0|1
Czech Republic|FK Mladá Boleslav|2016|88134|UEFA Europa League|Third qualifying round|2|1|0|1
Czech Republic|FK Mladá Boleslav|2015|88134|UEFA Europa League|Second qualifying round|2|1|0|1
Czech Republic|FK Mladá Boleslav|2014|88134|UEFA Europa League|Third qualifying round|4|2|0|2
Czech Republic|FK Mladá Boleslav|2012|88134|UEFA Europa League|Third qualifying round|4|2|0|2
Czech Republic|FK Mladá Boleslav|2011|88134|UEFA Europa League|Third qualifying round|2|0|1|1
Denmark|Odense BK|2011|52233|UEFA Europa League|Group stage|6|1|1|4
Denmark|Odense BK|2011|52233|UEFA Champions League|Play-off|4|2|1|1
Denmark|Odense BK|2010|52233|UEFA Europa League|Group stage|10|4|2|4
Denmark|Odense BK|2009|52233|UEFA Europa League|Play-off|4|2|1|1
Greece|Aris Thessaloniki FC|2010|52949|UEFA Europa League|Round of 32|12|5|4|3
Poland|KKS Lech Poznań|2018|64227|UEFA Europa League|Third qualifying round|6|2|1|3
Poland|KKS Lech Poznań|2017|64227|UEFA Europa League|Third qualifying round|6|3|2|1
Poland|KKS Lech Poznań|2015|64227|UEFA Europa League|Group stage|8|3|2|3
Poland|KKS Lech Poznań|2015|64227|UEFA Champions League|Third qualifying round|4|2|0|2
Poland|KKS Lech Poznań|2014|64227|UEFA Europa League|Third qualifying round|4|1|1|2
Poland|KKS Lech Poznań|2013|64227|UEFA Europa League|Third qualifying round|4|3|0|1
Poland|KKS Lech Poznań|2012|64227|UEFA Europa League|Third qualifying round|6|3|2|1
Poland|KKS Lech Poznań|2010|64227|UEFA Europa League|Round of 32|10|5|3|2
Poland|KKS Lech Poznań|2010|64227|UEFA Champions League|Third qualifying round|4|1|0|3
Poland|KKS Lech Poznań|2009|64227|UEFA Europa League|Play-off|4|2|0|2
Czech Republic|FC Slovan Liberec|2016|64385|UEFA Europa League|Group stage|10|5|1|4
Czech Republic|FC Slovan Liberec|2015|64385|UEFA Europa League|Group stage|10|6|1|3
Czech Republic|FC Slovan Liberec|2014|64385|UEFA Europa League|Third qualifying round|4|2|0|2
Czech Republic|FC Slovan Liberec|2013|64385|UEFA Europa League|Round of 32|14|6|5|3
Czech Republic|FC Slovan Liberec|2012|64385|UEFA Europa League|Play-off|2|0|1|1
Czech Republic|FC Slovan Liberec|2012|64385|UEFA Champions League|Third qualifying round|4|1|1|2
Czech Republic|FC Slovan Liberec|2009|64385|UEFA Europa League|Play-off|4|3|0|1
Serbia|FK Crvena zvezda|2018|50069|UEFA Champions League|Group stage|14|5|5|4
Serbia|FK Crvena zvezda|2017|50069|UEFA Europa League|Round of 32|16|7|6|3
Serbia|FK Crvena zvezda|2016|50069|UEFA Europa League|Play-off|2|0|1|1
Serbia|FK Crvena zvezda|2016|50069|UEFA Champions League|Third qualifying round|4|2|1|1
Serbia|FK Crvena zvezda|2015|50069|UEFA Europa League|First qualifying round|2|0|0|2
Serbia|FK Crvena zvezda|2013|50069|UEFA Europa League|Third qualifying round|4|1|2|1
Serbia|FK Crvena zvezda|2012|50069|UEFA Europa League|Play-off|6|1|4|1
Serbia|FK Crvena zvezda|2011|50069|UEFA Europa League|Play-off|4|2|0|2
Serbia|FK Crvena zvezda|2010|50069|UEFA Europa League|Third qualifying round|2|0|1|1
Serbia|FK Crvena zvezda|2009|50069|UEFA Europa League|Play-off|6|4|0|2
Cyprus|Anorthosis Famagusta FC|2018|52897|UEFA Europa League|First qualifying round|2|1|0|1
Cyprus|Anorthosis Famagusta FC|2013|52897|UEFA Europa League|Second qualifying round|2|1|0|1
Cyprus|Anorthosis Famagusta FC|2012|52897|UEFA Europa League|Third qualifying round|4|3|0|1
Cyprus|Anorthosis Famagusta FC|2011|52897|UEFA Europa League|Third qualifying round|4|2|0|2
Cyprus|Anorthosis Famagusta FC|2010|52897|UEFA Europa League|Play-off|8|4|0|4
Cyprus|Anorthosis Famagusta FC|2009|52897|UEFA Europa League|Second qualifying round|4|3|0|1
Scotland|Aberdeen FC|2018|50122|UEFA Europa League|Second qualifying round|2|0|1|1
Scotland|Aberdeen FC|2017|50122|UEFA Europa League|Third qualifying round|4|2|1|1
Scotland|Aberdeen FC|2016|50122|UEFA Europa League|Third qualifying round|6|3|1|2
Scotland|Aberdeen FC|2015|50122|UEFA Europa League|Third qualifying round|6|1|4|1
Scotland|Aberdeen FC|2014|50122|UEFA Europa League|Third qualifying round|6|3|1|2
Scotland|Aberdeen FC|2009|50122|UEFA Europa League|Third qualifying round|2|0|0|2
Scotland|Heart of Midlothian FC|2016|50120|UEFA Europa League|Second qualifying round|4|2|1|1
Scotland|Heart of Midlothian FC|2012|50120|UEFA Europa League|Play-off|2|0|1|1
Scotland|Heart of Midlothian FC|2011|50120|UEFA Europa League|Play-off|4|1|2|1
Scotland|Heart of Midlothian FC|2009|50120|UEFA Europa League|Play-off|2|1|0|1
Denmark|Brøndby IF|2018|50021|UEFA Europa League|Play-off|4|2|0|2
Denmark|Brøndby IF|2017|50021|UEFA Europa League|Third qualifying round|4|1|1|2
Denmark|Brøndby IF|2016|50021|UEFA Europa League|Play-off|8|4|1|3
Denmark|Brøndby IF|2015|50021|UEFA Europa League|Play-off|8|3|4|1
Denmark|Brøndby IF|2014|50021|UEFA Europa League|Third qualifying round|2|0|0|2
Denmark|Brøndby IF|2011|50021|UEFA Europa League|Third qualifying round|2|1|0|1
Denmark|Brøndby IF|2010|50021|UEFA Europa League|Play-off|6|4|1|1
Denmark|Brøndby IF|2009|50021|UEFA Europa League|Play-off|6|2|2|2
Norway|SK Brann|2017|52770|UEFA Europa League|Second qualifying round|2|1|0|1
Sweden|Helsingborgs IF|2012|60401|UEFA Europa League|Group stage|6|1|1|4
Sweden|Helsingborgs IF|2012|60401|UEFA Champions League|Play-off|6|3|1|2
Sweden|Helsingborgs IF|2011|60401|UEFA Europa League|Play-off|4|1|0|3
Sweden|Helsingborgs IF|2009|60401|UEFA Europa League|Third qualifying round|6|3|2|1
Romania|FC Vaslui|2012|89719|UEFA Champions League|Third qualifying round|2|0|1|1
Romania|FC Vaslui|2012|89719|UEFA Europa League|Play-off|2|0|1|1
Romania|FC Vaslui|2011|89719|UEFA Champions League|Third qualifying round|2|0|1|1
Romania|FC Vaslui|2011|89719|UEFA Europa League|Group stage|8|2|3|3
Romania|FC Vaslui|2010|89719|UEFA Europa League|Play-off|2|0|1|1
Romania|FC Vaslui|2009|89719|UEFA Europa League|Play-off|4|2|1|1
Greece|PAOK FC|2018|50130|UEFA Champions League|Play-off|6|3|2|1
Greece|PAOK FC|2018|50130|UEFA Europa League|Group stage|6|1|0|5
Greece|PAOK FC|2017|50130|UEFA Europa League|Play-off|4|2|1|1
Greece|PAOK FC|2016|50130|UEFA Europa League|Round of 32|10|5|2|3
Greece|PAOK FC|2016|50130|UEFA Champions League|Third qualifying round|2|0|1|1
Greece|PAOK FC|2015|50130|UEFA Europa League|Group stage|12|4|6|2
Greece|PAOK FC|2014|50130|UEFA Europa League|Group stage|8|3|1|4
Greece|PAOK FC|2013|50130|UEFA Europa League|Round of 32|8|3|3|2
Greece|PAOK FC|2013|50130|UEFA Champions League|Play-off|4|0|2|2
Greece|PAOK FC|2012|50130|UEFA Europa League|Play-off|4|3|0|1
Greece|PAOK FC|2011|50130|UEFA Europa League|Round of 32|12|6|5|1
Greece|PAOK FC|2010|50130|UEFA Europa League|Round of 32|10|4|4|2
Greece|PAOK FC|2010|50130|UEFA Champions League|Third qualifying round|2|0|2|0
Greece|PAOK FC|2009|50130|UEFA Europa League|Play-off|4|1|2|1
Poland|Wisła Kraków|2011|52651|UEFA Europa League|Round of 32|8|3|2|3
Poland|Wisła Kraków|2011|52651|UEFA Champions League|Play-off|6|5|0|1
Poland|Wisła Kraków|2010|52651|UEFA Europa League|Third qualifying round|4|2|0|2
Poland|Wisła Kraków|2009|52651|UEFA Champions League|Second qualifying round|2|0|1|1
Israel|Maccabi Tel-Aviv FC|2018|57477|UEFA Europa League|Play-off|8|4|3|1
Israel|Maccabi Tel-Aviv FC|2017|57477|UEFA Europa League|Group stage|14|8|2|4
Israel|Maccabi Tel-Aviv FC|2016|57477|UEFA Europa League|Group stage|14|8|2|4
Israel|Maccabi Tel-Aviv FC|2015|57477|UEFA Champions League|Group stage|12|2|2|8
Israel|Maccabi Tel-Aviv FC|2014|57477|UEFA Europa League|Play-off|2|1|0|1
Israel|Maccabi Tel-Aviv FC|2014|57477|UEFA Champions League|Third qualifying round|4|2|1|1
Israel|Maccabi Tel-Aviv FC|2013|57477|UEFA Europa League|Round of 32|8|3|3|2
Israel|Maccabi Tel-Aviv FC|2013|57477|UEFA Champions League|Third qualifying round|4|2|1|1
Israel|Maccabi Tel-Aviv FC|2011|57477|UEFA Europa League|Group stage|12|4|3|5
Israel|Maccabi Tel-Aviv FC|2010|57477|UEFA Europa League|Play-off|6|3|0|3
Slovakia|MŠK Žilina|2017|61601|UEFA Champions League|Second qualifying round|2|1|0|1
Slovakia|MŠK Žilina|2015|61601|UEFA Europa League|Play-off|8|6|0|2
Slovakia|MŠK Žilina|2013|61601|UEFA Europa League|Third qualifying round|6|2|2|2
Slovakia|MŠK Žilina|2012|61601|UEFA Champions League|Second qualifying round|2|1|0|1
Slovakia|MŠK Žilina|2011|61601|UEFA Europa League|Second qualifying round|2|1|0|1
Slovakia|MŠK Žilina|2010|61601|UEFA Champions League|Group stage|12|4|1|7
Slovakia|MŠK Žilina|2009|61601|UEFA Europa League|Play-off|6|3|2|1
Norway|Tromsø IL|2014|53001|UEFA Europa League|Second qualifying round|4|2|1|1
Norway|Tromsø IL|2013|53001|UEFA Europa League|Group stage|14|4|1|9
Norway|Tromsø IL|2012|53001|UEFA Europa League|Play-off|6|3|2|1
Norway|Tromsø IL|2011|53001|UEFA Europa League|Second qualifying round|4|2|1|1
Norway|Tromsø IL|2009|53001|UEFA Europa League|Play-off|6|3|2|1
Austria|SK Rapid Wien|2018|50042|UEFA Europa League|Round of 32|12|5|1|6
Austria|SK Rapid Wien|2016|50042|UEFA Europa League|Group stage|10|3|4|3
Austria|SK Rapid Wien|2015|50042|UEFA Europa League|Round of 32|8|5|0|3
Austria|SK Rapid Wien|2015|50042|UEFA Champions League|Play-off|4|1|2|1
Austria|SK Rapid Wien|2014|50042|UEFA Europa League|Play-off|2|0|1|1
Austria|SK Rapid Wien|2013|50042|UEFA Europa League|Group stage|10|4|4|2
Austria|SK Rapid Wien|2012|50042|UEFA Europa League|Group stage|10|3|0|7
Austria|SK Rapid Wien|2010|50042|UEFA Europa League|Group stage|12|5|2|5
Austria|SK Rapid Wien|2009|50042|UEFA Europa League|Group stage|12|5|3|4
Bulgaria|PFC Lokomotiv Sofia|2011|52891|UEFA Europa League|Third qualifying round|4|1|3|0
Czech Republic|FC Baník Ostrava|2010|51886|UEFA Europa League|Third qualifying round|4|1|1|2
Belarus|FC BATE Borisov|2018|66168|UEFA Europa League|Round of 32|8|4|0|4
Belarus|FC BATE Borisov|2018|66168|UEFA Champions League|Play-off|6|2|2|2
Belarus|FC BATE Borisov|2017|66168|UEFA Europa League|Group stage|8|2|3|3
Belarus|FC BATE Borisov|2017|66168|UEFA Champions League|Third qualifying round|4|2|1|1
Belarus|FC BATE Borisov|2016|66168|UEFA Europa League|Play-off|2|0|1|1
Belarus|FC BATE Borisov|2016|66168|UEFA Champions League|Third qualifying round|4|2|1|1
Belarus|FC BATE Borisov|2015|66168|UEFA Champions League|Group stage|12|4|4|4
Belarus|FC BATE Borisov|2014|66168|UEFA Champions League|Group stage|12|3|3|6
Belarus|FC BATE Borisov|2013|66168|UEFA Champions League|Second qualifying round|2|0|0|2
Belarus|FC BATE Borisov|2012|66168|UEFA Europa League|Round of 32|2|0|1|1
Belarus|FC BATE Borisov|2012|66168|UEFA Champions League|Group stage|12|5|3|4
Belarus|FC BATE Borisov|2011|66168|UEFA Champions League|Group stage|12|3|5|4
Belarus|FC BATE Borisov|2010|66168|UEFA Europa League|Round of 32|10|5|3|2
Belarus|FC BATE Borisov|2010|66168|UEFA Champions League|Third qualifying round|4|2|1|1
Belarus|FC BATE Borisov|2009|66168|UEFA Europa League|Group stage|8|3|1|4
Belarus|FC BATE Borisov|2009|66168|UEFA Champions League|Third qualifying round|4|3|0|1
Greece|AE Larissa FC|2009|50053|UEFA Europa League|Second qualifying round|2|0|1|1
Sweden|IF Elfsborg|2015|52344|UEFA Europa League|Third qualifying round|6|3|2|1
Sweden|IF Elfsborg|2014|52344|UEFA Europa League|Play-off|6|3|0|3
Sweden|IF Elfsborg|2013|52344|UEFA Europa League|Group stage|8|2|2|4
Sweden|IF Elfsborg|2013|52344|UEFA Champions League|Third qualifying round|4|2|1|1
Sweden|IF Elfsborg|2012|52344|UEFA Europa League|Third qualifying round|6|3|1|2
Sweden|IF Elfsborg|2011|52344|UEFA Europa League|Third qualifying round|6|2|3|1
Sweden|IF Elfsborg|2010|52344|UEFA Europa League|Play-off|6|4|0|2
Sweden|IF Elfsborg|2009|52344|UEFA Europa League|Play-off|6|4|1|1
Greece|Xanthi FC|2013|52956|UEFA Europa League|Third qualifying round|4|1|0|3
Scotland|Hibernian FC|2018|52821|UEFA Europa League|Third qualifying round|6|3|2|1
Scotland|Hibernian FC|2016|52821|UEFA Europa League|Second qualifying round|2|1|0|1
Scotland|Hibernian FC|2013|52821|UEFA Europa League|Second qualifying round|2|0|0|2
Scotland|Hibernian FC|2010|52821|UEFA Europa League|Third qualifying round|2|0|0|2
Austria|FC Salzburg|2018|50030|UEFA Europa League|Round of 16|10|8|0|2
Austria|FC Salzburg|2018|50030|UEFA Champions League|Play-off|4|2|2|0
Austria|FC Salzburg|2017|50030|UEFA Europa League|Semi-finals|16|9|5|2
Austria|FC Salzburg|2017|50030|UEFA Champions League|Third qualifying round|4|2|2|0
Austria|FC Salzburg|2016|50030|UEFA Europa League|Group stage|6|2|1|3
Austria|FC Salzburg|2016|50030|UEFA Champions League|Play-off|6|4|1|1
Austria|FC Salzburg|2015|50030|UEFA Europa League|Play-off|2|1|0|1
Austria|FC Salzburg|2015|50030|UEFA Champions League|Third qualifying round|2|1|0|1
Austria|FC Salzburg|2014|50030|UEFA Europa League|Round of 32|8|5|1|2
Austria|FC Salzburg|2014|50030|UEFA Champions League|Play-off|4|2|0|2
Austria|FC Salzburg|2013|50030|UEFA Europa League|Round of 16|12|10|1|1
Austria|FC Salzburg|2013|50030|UEFA Champions League|Third qualifying round|2|0|1|1
Austria|FC Salzburg|2012|50030|UEFA Champions League|Second qualifying round|2|1|0|1
Austria|FC Salzburg|2011|50030|UEFA Europa League|Round of 32|14|7|2|5
Austria|FC Salzburg|2010|50030|UEFA Europa League|Group stage|6|0|2|4
Austria|FC Salzburg|2010|50030|UEFA Champions League|Play-off|6|2|2|2
Austria|FC Salzburg|2009|50030|UEFA Europa League|Round of 32|8|6|1|1
Austria|FC Salzburg|2009|50030|UEFA Champions League|Play-off|6|2|2|2
Greece|Atromitos FC|2018|84641|UEFA Europa League|Second qualifying round|2|0|1|1
Greece|Atromitos FC|2015|84641|UEFA Europa League|Play-off|4|2|0|2
Greece|Atromitos FC|2014|84641|UEFA Europa League|Third qualifying round|2|1|0|1
Greece|Atromitos FC|2013|84641|UEFA Europa League|Play-off|2|1|0|1
Greece|Atromitos FC|2012|84641|UEFA Europa League|Play-off|2|0|1|1
Scotland|Motherwell FC|2014|53035|UEFA Europa League|Second qualifying round|2|0|1|1
Scotland|Motherwell FC|2013|53035|UEFA Europa League|Third qualifying round|2|0|0|2
Scotland|Motherwell FC|2012|53035|UEFA Europa League|Play-off|2|0|0|2
Scotland|Motherwell FC|2012|53035|UEFA Champions League|Third qualifying round|2|0|0|2
Scotland|Motherwell FC|2010|53035|UEFA Europa League|Play-off|6|3|1|2
Scotland|Motherwell FC|2009|53035|UEFA Europa League|Third qualifying round|6|2|0|4
Bulgaria|PFC Cherno More Varna|2015|75787|UEFA Europa League|Second qualifying round|2|0|1|1
Bulgaria|PFC Cherno More Varna|2009|75787|UEFA Europa League|Third qualifying round|4|2|0|2
Czech Republic|FK Teplice|2009|64387|UEFA Europa League|Play-off|2|0|1|1
Sweden|Kalmar FF|2012|54187|UEFA Europa League|Third qualifying round|6|4|0|2
Sweden|Kalmar FF|2010|54187|UEFA Europa League|Third qualifying round|6|3|2|1
Sweden|Kalmar FF|2009|54187|UEFA Champions League|Second qualifying round|2|1|0|1
Sweden|Malmö FF|2018|50152|UEFA Europa League|Round of 32|10|3|4|3
Sweden|Malmö FF|2018|50152|UEFA Champions League|Third qualifying round|6|3|3|0
Sweden|Malmö FF|2017|50152|UEFA Champions League|Second qualifying round|2|0|1|1
Sweden|Malmö FF|2015|50152|UEFA Champions League|Group stage|12|4|1|7
Sweden|Malmö FF|2014|50152|UEFA Champions League|Group stage|12|4|1|7
Sweden|Malmö FF|2013|50152|UEFA Europa League|Third qualifying round|6|3|2|1
Sweden|Malmö FF|2011|50152|UEFA Europa League|Group stage|6|0|1|5
Sweden|Malmö FF|2011|50152|UEFA Champions League|Play-off|6|3|2|1
Sweden|Djurgårdens IF|2018|52809|UEFA Europa League|Second qualifying round|2|0|1|1
Denmark|FC Nordsjælland|2018|79940|UEFA Europa League|Third qualifying round|6|4|0|2
Denmark|FC Nordsjælland|2013|79940|UEFA Europa League|Play-off|2|0|1|1
Denmark|FC Nordsjælland|2013|79940|UEFA Champions League|Third qualifying round|2|0|0|2
Denmark|FC Nordsjælland|2012|79940|UEFA Champions League|Group stage|6|0|1|5
Denmark|FC Nordsjælland|2011|79940|UEFA Europa League|Play-off|2|0|1|1
Denmark|FC Nordsjælland|2010|79940|UEFA Europa League|Third qualifying round|2|0|0|2
Denmark|FC Midtjylland|2018|75795|UEFA Europa League|Play-off|4|2|1|1
Denmark|FC Midtjylland|2018|75795|UEFA Champions League|Second qualifying round|2|0|1|1
Denmark|FC Midtjylland|2017|75795|UEFA Europa League|Play-off|8|5|1|2
Denmark|FC Midtjylland|2016|75795|UEFA Europa League|Play-off|8|4|2|2
Denmark|FC Midtjylland|2015|75795|UEFA Europa League|Round of 32|10|4|2|4
Denmark|FC Midtjylland|2015|75795|UEFA Champions League|Third qualifying round|4|3|0|1
Denmark|FC Midtjylland|2014|75795|UEFA Europa League|Play-off|2|0|0|2
Denmark|FC Midtjylland|2012|75795|UEFA Europa League|Play-off|2|1|0|1
Denmark|FC Midtjylland|2011|75795|UEFA Europa League|Third qualifying round|4|2|1|1
Denmark|Randers FC|2015|64146|UEFA Europa League|Second qualifying round|4|2|1|1
Denmark|Randers FC|2013|64146|UEFA Europa League|Third qualifying round|2|0|0|2
Denmark|Randers FC|2010|64146|UEFA Europa League|Third qualifying round|6|2|2|2
Denmark|Randers FC|2009|64146|UEFA Europa League|Third qualifying round|6|4|1|1
Norway|Vålerenga Fotball|2011|52318|UEFA Europa League|Third qualifying round|4|2|0|2
Norway|Vålerenga Fotball|2009|52318|UEFA Europa League|Third qualifying round|2|1|0|1
Norway|Molde FK|2018|50142|UEFA Europa League|Play-off|8|5|1|2
Norway|Molde FK|2015|50142|UEFA Europa League|Round of 32|10|5|2|3
Norway|Molde FK|2015|50142|UEFA Champions League|Third qualifying round|4|1|2|1
Norway|Molde FK|2014|50142|UEFA Europa League|Third qualifying round|4|1|2|1
Norway|Molde FK|2013|50142|UEFA Europa League|Play-off|2|0|0|2
Norway|Molde FK|2013|50142|UEFA Champions League|Third qualifying round|4|2|2|0
Norway|Molde FK|2012|50142|UEFA Europa League|Group stage|8|4|0|4
Norway|Molde FK|2012|50142|UEFA Champions League|Third qualifying round|4|1|2|1
Norway|Molde FK|2010|50142|UEFA Europa League|Third qualifying round|4|1|1|2
Bulgaria|PFC Lokomotiv Plovdiv 1926|2012|52369|UEFA Europa League|Second qualifying round|2|0|1|1
Czech Republic|SK Sigma Olomouc|2018|52905|UEFA Europa League|Play-off|4|2|0|2
Czech Republic|SK Sigma Olomouc|2009|52905|UEFA Europa League|Play-off|6|3|2|1
Cyprus|APOEL FC|2018|50118|UEFA Europa League|Play-off|6|3|1|2
Cyprus|APOEL FC|2018|50118|UEFA Champions League|First qualifying round|2|1|0|1
Cyprus|APOEL FC|2017|50118|UEFA Champions League|Group stage|12|4|3|5
Cyprus|APOEL FC|2016|50118|UEFA Europa League|Round of 16|10|5|0|5
Cyprus|APOEL FC|2016|50118|UEFA Champions League|Play-off|6|2|2|2
Cyprus|APOEL FC|2015|50118|UEFA Europa League|Group stage|6|1|0|5
Cyprus|APOEL FC|2015|50118|UEFA Champions League|Play-off|6|1|3|2
Cyprus|APOEL FC|2014|50118|UEFA Champions League|Group stage|10|2|3|5
Cyprus|APOEL FC|2013|50118|UEFA Europa League|Group stage|8|1|3|4
Cyprus|APOEL FC|2013|50118|UEFA Champions League|Third qualifying round|2|0|2|0
Cyprus|APOEL FC|2012|50118|UEFA Europa League|Play-off|6|4|1|1
Cyprus|APOEL FC|2011|50118|UEFA Champions League|Quarter-finals|16|7|4|5
Cyprus|APOEL FC|2010|50118|UEFA Europa League|Play-off|6|4|1|1
Cyprus|APOEL FC|2009|50118|UEFA Champions League|Group stage|12|4|3|5
Sweden|AIK|2018|52341|UEFA Europa League|Second qualifying round|4|1|1|2
Sweden|AIK|2017|52341|UEFA Europa League|Third qualifying round|6|2|3|1
Sweden|AIK|2016|52341|UEFA Europa League|Third qualifying round|6|4|0|2
Sweden|AIK|2015|52341|UEFA Europa League|Third qualifying round|6|3|1|2
Sweden|AIK|2014|52341|UEFA Europa League|Third qualifying round|4|1|1|2
Sweden|AIK|2012|52341|UEFA Europa League|Group stage|12|4|2|6
Sweden|AIK|2010|52341|UEFA Europa League|Play-off|2|0|1|1
Sweden|AIK|2010|52341|UEFA Champions League|Third qualifying round|4|1|1|2
Slovakia|MFK Ružomberok|2017|64319|UEFA Europa League|Third qualifying round|6|2|0|4
Norway|Stabæk Fotball|2016|61584|UEFA Europa League|First qualifying round|2|0|1|1
Norway|Stabæk Fotball|2012|61584|UEFA Europa League|First qualifying round|2|1|0|1
Norway|Stabæk Fotball|2010|61584|UEFA Europa League|Second qualifying round|2|0|2|0
Norway|Stabæk Fotball|2009|61584|UEFA Europa League|Play-off|2|0|0|2
Norway|Stabæk Fotball|2009|61584|UEFA Champions League|Third qualifying round|4|1|2|1
Norway|Odds BK|2017|71256|UEFA Europa League|Third qualifying round|6|4|1|1
Norway|Odds BK|2016|71256|UEFA Europa League|Second qualifying round|4|2|1|1
Norway|Odds BK|2015|71256|UEFA Europa League|Play-off|8|4|1|3
Poland|Legia Warszawa|2018|50146|UEFA Champions League|Second qualifying round|4|3|0|1
Poland|Legia Warszawa|2018|50146|UEFA Europa League|Third qualifying round|2|0|1|1
Poland|Legia Warszawa|2017|50146|UEFA Europa League|Play-off|2|0|2|0
Poland|Legia Warszawa|2017|50146|UEFA Champions League|Third qualifying round|4|3|0|1
Poland|Legia Warszawa|2016|50146|UEFA Europa League|Round of 32|2|0|1|1
Poland|Legia Warszawa|2016|50146|UEFA Champions League|Group stage|12|4|4|4
Poland|Legia Warszawa|2015|50146|UEFA Europa League|Group stage|12|7|1|4
Poland|Legia Warszawa|2014|50146|UEFA Europa League|Round of 32|10|7|0|3
Poland|Legia Warszawa|2014|50146|UEFA Champions League|Third qualifying round|4|3|1|0
Poland|Legia Warszawa|2013|50146|UEFA Europa League|Group stage|6|1|0|5
Poland|Legia Warszawa|2013|50146|UEFA Champions League|Play-off|6|2|4|0
Poland|Legia Warszawa|2012|50146|UEFA Europa League|Play-off|6|2|2|2
Poland|Legia Warszawa|2011|50146|UEFA Europa League|Round of 32|12|5|3|4
Poland|Legia Warszawa|2009|50146|UEFA Europa League|Third qualifying round|4|2|2|0
Cyprus|AC Omonia|2016|50077|UEFA Europa League|Second qualifying round|4|3|0|1
Cyprus|AC Omonia|2015|50077|UEFA Europa League|Third qualifying round|6|2|3|1
Cyprus|AC Omonia|2014|50077|UEFA Europa League|Play-off|6|3|2|1
Cyprus|AC Omonia|2013|50077|UEFA Europa League|Second qualifying round|2|0|1|1
Cyprus|AC Omonia|2012|50077|UEFA Europa League|Third qualifying round|2|0|2|0
Cyprus|AC Omonia|2011|50077|UEFA Europa League|Play-off|4|2|0|2
Cyprus|AC Omonia|2010|50077|UEFA Europa League|Play-off|2|0|1|1
Cyprus|AC Omonia|2010|50077|UEFA Champions League|Third qualifying round|4|2|1|1
Cyprus|AC Omonia|2009|50077|UEFA Europa League|Third qualifying round|4|2|1|1
Finland|Myllykosken Pallo -47|2014|59012|UEFA Europa League|Second qualifying round|4|1|2|1
Finland|Myllykosken Pallo -47|2012|59012|UEFA Europa League|Second qualifying round|4|1|1|2
Finland|Myllykosken Pallo -47|2010|59012|UEFA Europa League|Third qualifying round|6|4|1|1
Sweden|BK Häcken|2018|69621|UEFA Europa League|Second qualifying round|4|1|1|2
Sweden|BK Häcken|2016|69621|UEFA Europa League|Second qualifying round|2|0|1|1
Sweden|BK Häcken|2013|69621|UEFA Europa League|Third qualifying round|4|1|1|2
Sweden|BK Häcken|2011|69621|UEFA Europa League|Third qualifying round|6|4|1|1
Slovakia|FK Dukla Banská Bystrica|2010|52663|UEFA Europa League|Second qualifying round|2|1|0|1
Republic of Ireland|Saint Patrick's Athletic FC|2016|50133|UEFA Europa League|Second qualifying round|4|1|1|2
Republic of Ireland|Saint Patrick's Athletic FC|2015|50133|UEFA Europa League|First qualifying round|2|0|0|2
Republic of Ireland|Saint Patrick's Athletic FC|2014|50133|UEFA Champions League|Second qualifying round|2|0|1|1
Republic of Ireland|Saint Patrick's Athletic FC|2013|50133|UEFA Europa League|First qualifying round|2|0|1|1
Republic of Ireland|Saint Patrick's Athletic FC|2012|50133|UEFA Europa League|Third qualifying round|6|2|1|3
Republic of Ireland|Saint Patrick's Athletic FC|2011|50133|UEFA Europa League|Third qualifying round|6|2|0|4
Republic of Ireland|Saint Patrick's Athletic FC|2009|50133|UEFA Europa League|Play-off|6|2|1|3
Republic of Ireland|Derry City FC|2018|50086|UEFA Europa League|First qualifying round|2|1|0|1
Republic of Ireland|Derry City FC|2017|50086|UEFA Europa League|First qualifying round|2|0|0|2
Republic of Ireland|Derry City FC|2014|50086|UEFA Europa League|Second qualifying round|4|2|0|2
Republic of Ireland|Derry City FC|2013|50086|UEFA Europa League|Second qualifying round|2|0|0|2
Republic of Ireland|Derry City FC|2009|50086|UEFA Europa League|Third qualifying round|4|1|2|1
Croatia|NK Slaven Koprivnica|2012|64321|UEFA Europa League|Third qualifying round|4|3|0|1
Croatia|NK Slaven Koprivnica|2009|64321|UEFA Europa League|Third qualifying round|6|3|1|2
Finland|FC Honka Espoo|2014|91760|UEFA Europa League|First qualifying round|2|1|0|1
Finland|FC Honka Espoo|2013|91760|UEFA Europa League|Second qualifying round|2|0|0|2
Finland|FC Honka Espoo|2011|91760|UEFA Europa League|Second qualifying round|4|1|1|2
Finland|FC Honka Espoo|2010|91760|UEFA Europa League|Second qualifying round|2|0|1|1
Finland|FC Honka Espoo|2009|91760|UEFA Europa League|Third qualifying round|4|2|0|2
Republic of Ireland|Cork City FC|2018|52803|UEFA Europa League|Third qualifying round|2|0|0|2
Republic of Ireland|Cork City FC|2018|52803|UEFA Champions League|First qualifying round|2|0|0|2
Republic of Ireland|Cork City FC|2017|52803|UEFA Europa League|Second qualifying round|4|2|0|2
Republic of Ireland|Cork City FC|2016|52803|UEFA Europa League|Third qualifying round|6|2|2|2
Republic of Ireland|Cork City FC|2015|52803|UEFA Europa League|First qualifying round|2|0|1|1
Romania|FC Oţelul Galaţi|2011|50151|UEFA Champions League|Group stage|6|0|0|6
Austria|SK Sturm Graz|2018|50111|UEFA Champions League|Second qualifying round|2|0|0|2
Austria|SK Sturm Graz|2018|50111|UEFA Europa League|Third qualifying round|2|0|0|2
Austria|SK Sturm Graz|2017|50111|UEFA Europa League|Third qualifying round|4|1|1|2
Austria|SK Sturm Graz|2015|50111|UEFA Europa League|Third qualifying round|2|0|1|1
Austria|SK Sturm Graz|2013|50111|UEFA Europa League|Second qualifying round|2|0|1|1
Austria|SK Sturm Graz|2011|50111|UEFA Europa League|Group stage|6|1|0|5
Austria|SK Sturm Graz|2011|50111|UEFA Champions League|Play-off|6|2|2|2
Austria|SK Sturm Graz|2010|50111|UEFA Europa League|Play-off|4|1|1|2
Austria|SK Sturm Graz|2009|50111|UEFA Europa League|Group stage|12|5|3|4
Denmark|Esbjerg fB|2014|64140|UEFA Europa League|Third qualifying round|4|1|3|0
Denmark|Esbjerg fB|2013|64140|UEFA Europa League|Round of 32|10|6|1|3
Israel|Bnei Yehuda Tel-Aviv FC|2017|64189|UEFA Europa League|Third qualifying round|4|2|1|1
Israel|Bnei Yehuda Tel-Aviv FC|2012|64189|UEFA Europa League|Third qualifying round|4|2|0|2
Israel|Bnei Yehuda Tel-Aviv FC|2011|64189|UEFA Europa League|Third qualifying round|4|3|0|1
Israel|Bnei Yehuda Tel-Aviv FC|2010|64189|UEFA Europa League|Second qualifying round|4|1|2|1
Israel|Bnei Yehuda Tel-Aviv FC|2009|64189|UEFA Europa League|Play-off|8|6|0|2
Scotland|Dundee United FC|2012|50079|UEFA Europa League|Third qualifying round|2|0|1|1
Scotland|Dundee United FC|2011|50079|UEFA Europa League|Second qualifying round|2|1|0|1
Scotland|Dundee United FC|2010|50079|UEFA Europa League|Play-off|2|0|1|1
Israel|Maccabi Netanya FC|2012|73561|UEFA Europa League|Second qualifying round|2|1|0|1
Israel|Maccabi Netanya FC|2009|73561|UEFA Europa League|Third qualifying round|4|1|1|2
Slovakia|ŠK Slovan Bratislava|2018|52797|UEFA Europa League|Third qualifying round|6|4|0|2
Slovakia|ŠK Slovan Bratislava|2017|52797|UEFA Europa League|Second qualifying round|4|2|0|2
Slovakia|ŠK Slovan Bratislava|2016|52797|UEFA Europa League|Second qualifying round|3|0|2|1
Slovakia|ŠK Slovan Bratislava|2015|52797|UEFA Europa League|Third qualifying round|6|4|1|1
Slovakia|ŠK Slovan Bratislava|2014|52797|UEFA Europa League|Group stage|6|0|0|6
Slovakia|ŠK Slovan Bratislava|2014|52797|UEFA Champions League|Play-off|6|3|2|1
Slovakia|ŠK Slovan Bratislava|2013|52797|UEFA Champions League|Second qualifying round|2|1|0|1
Slovakia|ŠK Slovan Bratislava|2012|52797|UEFA Europa League|Second qualifying round|2|0|2|0
Slovakia|ŠK Slovan Bratislava|2011|52797|UEFA Europa League|Group stage|8|1|2|5
Slovakia|ŠK Slovan Bratislava|2011|52797|UEFA Champions League|Third qualifying round|4|1|2|1
Slovakia|ŠK Slovan Bratislava|2010|52797|UEFA Europa League|Play-off|4|1|2|1
Slovakia|ŠK Slovan Bratislava|2009|52797|UEFA Europa League|Play-off|2|0|0|2
Slovakia|ŠK Slovan Bratislava|2009|52797|UEFA Champions League|Third qualifying round|4|1|0|3
Slovakia|MFK Košice|2014|59029|UEFA Europa League|Second qualifying round|2|0|0|2
Slovakia|MFK Košice|2009|59029|UEFA Europa League|Play-off|4|2|1|1
Norway|Fredrikstad FK|2009|64211|UEFA Europa League|Third qualifying round|2|1|0|1
Czech Republic|FK Jablonec|2018|62169|UEFA Europa League|Group stage|6|1|2|3
Czech Republic|FK Jablonec|2015|62169|UEFA Europa League|Play-off|4|1|1|2
Czech Republic|FK Jablonec|2013|62169|UEFA Europa League|Play-off|4|2|0|2
Czech Republic|FK Jablonec|2011|62169|UEFA Europa League|Third qualifying round|4|2|1|1
Czech Republic|FK Jablonec|2010|62169|UEFA Europa League|Third qualifying round|2|0|0|2
Austria|SV Ried|2012|61618|UEFA Europa League|Third qualifying round|4|1|2|1
Austria|SV Ried|2011|61618|UEFA Europa League|Play-off|4|1|1|2
Sweden|IFK Göteborg|2016|50066|UEFA Europa League|Play-off|8|5|1|2
Sweden|IFK Göteborg|2015|50066|UEFA Europa League|Third qualifying round|4|1|2|1
Sweden|IFK Göteborg|2014|50066|UEFA Europa League|Third qualifying round|6|2|2|2
Sweden|IFK Göteborg|2013|50066|UEFA Europa League|Second qualifying round|2|0|1|1
Sweden|IFK Göteborg|2010|50066|UEFA Europa League|Third qualifying round|2|1|0|1
Sweden|IFK Göteborg|2009|50066|UEFA Europa League|Third qualifying round|2|0|1|1
Serbia|FK Vojvodina|2017|52810|UEFA Europa League|First qualifying round|2|1|0|1
Serbia|FK Vojvodina|2016|52810|UEFA Europa League|Play-off|8|4|3|1
Serbia|FK Vojvodina|2015|52810|UEFA Europa League|Play-off|8|3|2|3
Serbia|FK Vojvodina|2014|52810|UEFA Europa League|Second qualifying round|2|1|0|1
Serbia|FK Vojvodina|2013|52810|UEFA Europa League|Play-off|8|5|2|1
Serbia|FK Vojvodina|2012|52810|UEFA Europa League|Third qualifying round|4|2|1|1
Serbia|FK Vojvodina|2011|52810|UEFA Europa League|Second qualifying round|2|1|0|1
Serbia|FK Vojvodina|2009|52810|UEFA Europa League|Third qualifying round|2|0|1|1
Serbia|FK Sloboda Užice|2009|2600629|UEFA Europa League|Third qualifying round|4|0|2|2
Israel|Beitar Jerusalem FC|2018|59034|UEFA Europa League|First qualifying round|2|0|1|1
Israel|Beitar Jerusalem FC|2017|59034|UEFA Europa League|Second qualifying round|4|2|1|1
Israel|Beitar Jerusalem FC|2016|59034|UEFA Europa League|Play-off|8|3|3|2
Israel|Beitar Jerusalem FC|2015|59034|UEFA Europa League|Second qualifying round|4|1|1|2
Israel|Hapoel Kiryat Shmona FC|2015|2600291|UEFA Europa League|Third qualifying round|2|0|0|2
Israel|Hapoel Kiryat Shmona FC|2014|2600291|UEFA Europa League|Third qualifying round|2|0|1|1
Israel|Hapoel Kiryat Shmona FC|2012|2600291|UEFA Europa League|Group stage|6|0|2|4
Israel|Hapoel Kiryat Shmona FC|2012|2600291|UEFA Champions League|Play-off|6|2|2|2
Slovakia|FC Spartak Trnava|2018|52904|UEFA Europa League|Group stage|8|3|2|3
Slovakia|FC Spartak Trnava|2018|52904|UEFA Champions League|Third qualifying round|6|2|2|2
Slovakia|FC Spartak Trnava|2016|52904|UEFA Europa League|Third qualifying round|6|4|1|1
Slovakia|FC Spartak Trnava|2015|52904|UEFA Europa League|Third qualifying round|6|2|3|1
Slovakia|FC Spartak Trnava|2014|52904|UEFA Europa League|Play-off|8|4|3|1
Slovakia|FC Spartak Trnava|2012|52904|UEFA Europa League|Third qualifying round|4|2|1|1
Slovakia|FC Spartak Trnava|2011|52904|UEFA Europa League|Play-off|8|3|2|3
Slovakia|FC Spartak Trnava|2009|52904|UEFA Europa League|Second qualifying round|4|2|1|1
Cyprus|Apollon Limassol FC|2018|52741|UEFA Europa League|Group stage|14|7|1|6
Cyprus|Apollon Limassol FC|2017|52741|UEFA Europa League|Group stage|12|4|4|4
Cyprus|Apollon Limassol FC|2016|52741|UEFA Europa League|Third qualifying round|2|0|1|1
Cyprus|Apollon Limassol FC|2015|52741|UEFA Europa League|Third qualifying round|6|3|2|1
Cyprus|Apollon Limassol FC|2014|52741|UEFA Europa League|Group stage|8|2|1|5
Cyprus|Apollon Limassol FC|2013|52741|UEFA Europa League|Group stage|8|2|1|5
Cyprus|Apollon Limassol FC|2010|52741|UEFA Europa League|Third qualifying round|2|1|0|1
Poland|KSP Polonia Warszawa|2009|58955|UEFA Europa League|Third qualifying round|6|3|0|3
Norway|Lillestrøm SK|2018|52314|UEFA Europa League|Second qualifying round|2|0|0|2
Croatia|HNK Hajduk Split|2018|52359|UEFA Europa League|Third qualifying round|4|2|1|1
Croatia|HNK Hajduk Split|2017|52359|UEFA Europa League|Play-off|6|3|2|1
Croatia|HNK Hajduk Split|2016|52359|UEFA Europa League|Play-off|6|4|1|1
Croatia|HNK Hajduk Split|2015|52359|UEFA Europa League|Play-off|8|4|1|3
Croatia|HNK Hajduk Split|2014|52359|UEFA Europa League|Play-off|6|2|1|3
Croatia|HNK Hajduk Split|2013|52359|UEFA Europa League|Third qualifying round|4|1|1|2
Croatia|HNK Hajduk Split|2012|52359|UEFA Europa League|Third qualifying round|4|2|0|2
Croatia|HNK Hajduk Split|2011|52359|UEFA Europa League|Third qualifying round|2|0|0|2
Croatia|HNK Hajduk Split|2010|52359|UEFA Europa League|Group stage|10|3|1|6
Croatia|HNK Hajduk Split|2009|52359|UEFA Europa League|Third qualifying round|2|0|1|1
Croatia|HNK Rijeka|2018|52356|UEFA Europa League|Third qualifying round|2|0|1|1
Croatia|HNK Rijeka|2017|52356|UEFA Europa League|Group stage|6|2|1|3
Croatia|HNK Rijeka|2017|52356|UEFA Champions League|Play-off|6|2|2|2
Croatia|HNK Rijeka|2016|52356|UEFA Europa League|Third qualifying round|2|0|2|0
Croatia|HNK Rijeka|2015|52356|UEFA Europa League|Second qualifying round|2|0|1|1
Croatia|HNK Rijeka|2014|52356|UEFA Europa League|Group stage|12|8|1|3
Croatia|HNK Rijeka|2013|52356|UEFA Europa League|Group stage|12|4|6|2
Croatia|HNK Rijeka|2009|52356|UEFA Europa League|Third qualifying round|4|1|0|3
Republic of Ireland|Bohemian FC|2012|52375|UEFA Europa League|First qualifying round|2|0|1|1
Republic of Ireland|Bohemian FC|2011|52375|UEFA Europa League|Second qualifying round|2|0|1|1
Republic of Ireland|Bohemian FC|2010|52375|UEFA Champions League|Second qualifying round|2|1|0|1
Republic of Ireland|Bohemian FC|2009|52375|UEFA Champions League|Second qualifying round|2|0|1|1
Finland|FC Lahti|2018|50082|UEFA Europa League|First qualifying round|2|0|1|1
Finland|FC Lahti|2015|50082|UEFA Europa League|First qualifying round|2|0|1|1
Finland|FC Lahti|2009|50082|UEFA Europa League|Third qualifying round|6|2|1|3
Finland|FC Inter Turku|2013|64161|UEFA Europa League|First qualifying round|2|0|1|1
Finland|FC Inter Turku|2012|64161|UEFA Europa League|Second qualifying round|2|0|1|1
Finland|FC Inter Turku|2010|64161|UEFA Europa League|Third qualifying round|2|0|0|2
Finland|FC Inter Turku|2009|64161|UEFA Champions League|Second qualifying round|2|0|0|2
Sweden|Gefle IF|2013|89251|UEFA Europa League|Third qualifying round|6|3|0|3
Sweden|Gefle IF|2010|89251|UEFA Europa League|Second qualifying round|4|2|0|2
Belarus|FC Dinamo Minsk|2018|50161|UEFA Europa League|Third qualifying round|6|4|0|2
Belarus|FC Dinamo Minsk|2017|50161|UEFA Europa League|Third qualifying round|6|3|2|1
Belarus|FC Dinamo Minsk|2016|50161|UEFA Europa League|Third qualifying round|6|3|2|1
Belarus|FC Dinamo Minsk|2015|50161|UEFA Europa League|Group stage|12|4|2|6
Belarus|FC Dinamo Minsk|2014|50161|UEFA Europa League|Group stage|12|6|2|4
Belarus|FC Dinamo Minsk|2013|50161|UEFA Europa League|Third qualifying round|6|3|1|2
Belarus|FC Dinamo Minsk|2010|50161|UEFA Europa League|Play-off|6|3|0|3
Belarus|FC Dinamo Minsk|2009|50161|UEFA Europa League|Second qualifying round|4|1|2|1
Belarus|FC Naftan Novopolotsk|2012|64372|UEFA Europa League|Second qualifying round|2|0|1|1
Belarus|FC Naftan Novopolotsk|2009|64372|UEFA Europa League|Second qualifying round|2|1|0|1
Serbia|OFK Beograd|2010|65139|UEFA Europa League|Third qualifying round|4|1|2|1
Lithuania|FK Ekranas|2014|59035|UEFA Europa League|First qualifying round|2|0|0|2
Lithuania|FK Ekranas|2013|59035|UEFA Champions League|Second qualifying round|2|0|0|2
Lithuania|FK Ekranas|2012|59035|UEFA Europa League|Play-off|2|0|0|2
Lithuania|FK Ekranas|2012|59035|UEFA Champions League|Third qualifying round|4|1|1|2
Lithuania|FK Ekranas|2011|59035|UEFA Europa League|Play-off|2|1|0|1
Lithuania|FK Ekranas|2011|59035|UEFA Champions League|Third qualifying round|4|2|1|1
Lithuania|FK Ekranas|2010|59035|UEFA Champions League|Second qualifying round|2|1|0|1
Lithuania|FK Ekranas|2009|59035|UEFA Champions League|Second qualifying round|2|0|1|1
Azerbaijan|Bakı FK|2012|68201|UEFA Europa League|First qualifying round|2|0|1|1
Azerbaijan|Bakı FK|2010|68201|UEFA Europa League|Second qualifying round|2|1|0|1
Azerbaijan|Bakı FK|2009|68201|UEFA Europa League|Play-off|2|0|0|2
Azerbaijan|Bakı FK|2009|68201|UEFA Champions League|Third qualifying round|4|1|2|1
Azerbaijan|Qarabağ FK|2018|60609|UEFA Europa League|Group stage|8|2|0|6
Azerbaijan|Qarabağ FK|2018|60609|UEFA Champions League|Third qualifying round|6|2|3|1
Azerbaijan|Qarabağ FK|2017|60609|UEFA Champions League|Group stage|12|4|3|5
Azerbaijan|Qarabağ FK|2016|60609|UEFA Europa League|Group stage|8|3|1|4
Azerbaijan|Qarabağ FK|2016|60609|UEFA Champions League|Third qualifying round|4|1|3|0
Azerbaijan|Qarabağ FK|2015|60609|UEFA Europa League|Group stage|8|3|1|4
Azerbaijan|Qarabağ FK|2015|60609|UEFA Champions League|Third qualifying round|4|1|2|1
Azerbaijan|Qarabağ FK|2014|60609|UEFA Europa League|Group stage|8|1|5|2
Azerbaijan|Qarabağ FK|2014|60609|UEFA Champions League|Third qualifying round|4|3|0|1
Azerbaijan|Qarabağ FK|2013|60609|UEFA Europa League|Play-off|8|5|1|2
Azerbaijan|Qarabağ FK|2011|60609|UEFA Europa League|Third qualifying round|6|3|2|1
Azerbaijan|Qarabağ FK|2010|60609|UEFA Europa League|Play-off|8|4|2|2
Azerbaijan|Qarabağ FK|2009|60609|UEFA Europa League|Play-off|6|3|2|1
Poland|Zagłębie Lubin|2016|53007|UEFA Europa League|Third qualifying round|6|1|3|2
Croatia|NK Varaždin|2011|60514|UEFA Europa League|Third qualifying round|6|3|2|1
Kazakhstan|FC Aktobe|2016|79973|UEFA Europa League|First qualifying round|2|0|1|1
Kazakhstan|FC Aktobe|2015|79973|UEFA Europa League|First qualifying round|2|0|1|1
Kazakhstan|FC Aktobe|2014|79973|UEFA Europa League|Play-off|2|0|0|2
Kazakhstan|FC Aktobe|2014|79973|UEFA Champions League|Third qualifying round|4|2|1|1
Kazakhstan|FC Aktobe|2013|79973|UEFA Europa League|Play-off|8|4|0|4
Kazakhstan|FC Aktobe|2012|79973|UEFA Europa League|Third qualifying round|6|2|1|3
Kazakhstan|FC Aktobe|2011|79973|UEFA Europa League|Third qualifying round|4|0|4|0
Kazakhstan|FC Aktobe|2010|79973|UEFA Europa League|Play-off|2|1|0|1
Kazakhstan|FC Aktobe|2010|79973|UEFA Champions League|Third qualifying round|4|2|1|1
Kazakhstan|FC Aktobe|2009|79973|UEFA Europa League|Play-off|2|0|0|2
Kazakhstan|FC Aktobe|2009|79973|UEFA Champions League|Third qualifying round|4|2|1|1
Finland|HJK Helsinki|2018|50052|UEFA Champions League|Second qualifying round|4|2|1|1
Finland|HJK Helsinki|2018|50052|UEFA Europa League|Third qualifying round|2|0|0|2
Finland|HJK Helsinki|2017|50052|UEFA Europa League|Second qualifying round|4|1|1|2
Finland|HJK Helsinki|2016|50052|UEFA Europa League|Third qualifying round|6|3|2|1
Finland|HJK Helsinki|2015|50052|UEFA Europa League|Play-off|2|0|1|1
Finland|HJK Helsinki|2015|50052|UEFA Champions League|Third qualifying round|4|2|1|1
Finland|HJK Helsinki|2014|50052|UEFA Europa League|Group stage|8|3|1|4
Finland|HJK Helsinki|2014|50052|UEFA Champions League|Third qualifying round|4|1|2|1
Finland|HJK Helsinki|2013|50052|UEFA Champions League|Second qualifying round|2|0|1|1
Finland|HJK Helsinki|2012|50052|UEFA Europa League|Play-off|2|0|1|1
Finland|HJK Helsinki|2012|50052|UEFA Champions League|Third qualifying round|4|2|0|2
Finland|HJK Helsinki|2011|50052|UEFA Europa League|Play-off|2|1|0|1
Finland|HJK Helsinki|2011|50052|UEFA Champions League|Third qualifying round|4|2|0|2
Finland|HJK Helsinki|2010|50052|UEFA Europa League|Play-off|2|0|0|2
Finland|HJK Helsinki|2010|50052|UEFA Champions League|Third qualifying round|4|1|0|3
Finland|HJK Helsinki|2009|50052|UEFA Europa League|Second qualifying round|2|1|0|1
Belarus|FC Gomel|2012|66169|UEFA Europa League|Third qualifying round|6|3|0|3
Belarus|FC Gomel|2011|66169|UEFA Europa League|Third qualifying round|2|0|0|2
Belarus|FC Dinamo Brest|2018|64374|UEFA Europa League|Third qualifying round|4|2|1|1
Belarus|FC Dinamo Brest|2017|64374|UEFA Europa League|Second qualifying round|2|0|1|1
Belarus|FC Shakhtyor Soligorsk|2018|64375|UEFA Europa League|Second qualifying round|4|2|1|1
Belarus|FC Shakhtyor Soligorsk|2017|64375|UEFA Europa League|First qualifying round|2|0|1|1
Belarus|FC Shakhtyor Soligorsk|2016|64375|UEFA Europa League|Second qualifying round|4|2|1|1
Belarus|FC Shakhtyor Soligorsk|2015|64375|UEFA Europa League|Second qualifying round|4|2|0|2
Belarus|FC Shakhtyor Soligorsk|2014|64375|UEFA Europa League|Play-off|6|3|1|2
Belarus|FC Shakhtyor Soligorsk|2013|64375|UEFA Europa League|Second qualifying round|2|0|2|0
Belarus|FC Shakhtyor Soligorsk|2012|64375|UEFA Europa League|Second qualifying round|2|0|2|0
Belarus|FC Shakhtyor Soligorsk|2011|64375|UEFA Europa League|Second qualifying round|2|0|0|2
Lithuania|FK Sūduva|2018|79557|UEFA Europa League|Play-off|4|1|2|1
Lithuania|FK Sūduva|2018|79557|UEFA Champions League|Second qualifying round|4|1|0|3
Lithuania|FK Sūduva|2017|79557|UEFA Europa League|Play-off|8|3|3|2
Lithuania|FK Sūduva|2016|79557|UEFA Europa League|First qualifying round|2|0|0|2
Lithuania|FK Sūduva|2013|79557|UEFA Europa League|First qualifying round|2|0|2|0
Lithuania|FK Sūduva|2012|79557|UEFA Europa League|Second qualifying round|4|1|1|2
Lithuania|FK Sūduva|2011|79557|UEFA Europa League|Second qualifying round|2|0|1|1
Lithuania|FK Sūduva|2010|79557|UEFA Europa League|Second qualifying round|2|0|0|2
Lithuania|FK Sūduva|2009|79557|UEFA Europa League|Second qualifying round|2|0|1|1
Republic of Ireland|Sligo Rovers FC|2014|52660|UEFA Europa League|Second qualifying round|4|2|1|1
Republic of Ireland|Sligo Rovers FC|2013|52660|UEFA Champions League|Second qualifying round|2|0|0|2
Republic of Ireland|Sligo Rovers FC|2012|52660|UEFA Europa League|Second qualifying round|2|0|1|1
Republic of Ireland|Sligo Rovers FC|2011|52660|UEFA Europa League|Third qualifying round|2|0|1|1
Republic of Ireland|Sligo Rovers FC|2009|52660|UEFA Europa League|First qualifying round|2|0|1|1
Republic of Ireland|Drogheda United FC|2013|52378|UEFA Europa League|First qualifying round|2|0|1|1
Lithuania|FK Atlantas|2017|64489|UEFA Europa League|First qualifying round|2|0|0|2
Lithuania|FK Atlantas|2016|64489|UEFA Europa League|First qualifying round|2|0|1|1
Lithuania|FK Atlantas|2015|64489|UEFA Europa League|First qualifying round|2|0|0|2
Lithuania|FK Atlantas|2014|64489|UEFA Europa League|Second qualifying round|4|1|1|2
Kazakhstan|FC Tobol Kostanay|2018|79969|UEFA Europa League|Second qualifying round|4|3|0|1
Kazakhstan|FC Tobol Kostanay|2011|79969|UEFA Champions League|Second qualifying round|2|0|1|1
Kazakhstan|FC Tobol Kostanay|2010|79969|UEFA Europa League|First qualifying round|2|0|0|2
Kazakhstan|FC Tobol Kostanay|2009|79969|UEFA Europa League|Second qualifying round|2|0|1|1
Azerbaijan|Keşla FK|2018|74072|UEFA Europa League|First qualifying round|2|1|0|1
Azerbaijan|Keşla FK|2017|74072|UEFA Europa League|Second qualifying round|4|3|0|1
Azerbaijan|Keşla FK|2015|74072|UEFA Europa League|Third qualifying round|6|1|4|1
Azerbaijan|Keşla FK|2014|74072|UEFA Europa League|Second qualifying round|4|3|0|1
Azerbaijan|Keşla FK|2013|74072|UEFA Europa League|Second qualifying round|4|2|1|1
Azerbaijan|Keşla FK|2012|74072|UEFA Europa League|Second qualifying round|4|2|2|0
Azerbaijan|Keşla FK|2010|74072|UEFA Champions League|Second qualifying round|2|1|0|1
Azerbaijan|Keşla FK|2009|74072|UEFA Europa League|First qualifying round|2|0|0|2
Azerbaijan|Simurq PFK|2009|93607|UEFA Europa League|First qualifying round|2|0|0|2
Kazakhstan|FC Okzhetpes Kokshetau|2009|85934|UEFA Europa League|First qualifying round|2|1|0|1
Kazakhstan|FC Irtysh Pavlodar|2018|79964|UEFA Europa League|First qualifying round|2|0|1|1
Kazakhstan|FC Irtysh Pavlodar|2017|79964|UEFA Europa League|Second qualifying round|4|2|1|1
Kazakhstan|FC Irtysh Pavlodar|2013|79964|UEFA Europa League|Second qualifying round|4|2|1|1
Kazakhstan|FC Irtysh Pavlodar|2011|79964|UEFA Europa League|Second qualifying round|4|1|1|2
Kazakhstan|FC Irtysh Pavlodar|2009|79964|UEFA Europa League|First qualifying round|2|1|0|1
Azerbaijan|Xäzär Länkäran FK|2013|88567|UEFA Europa League|Second qualifying round|4|1|1|2
Azerbaijan|Xäzär Länkäran FK|2012|88567|UEFA Europa League|Second qualifying round|4|1|2|1
Azerbaijan|Xäzär Länkäran FK|2011|88567|UEFA Europa League|Second qualifying round|2|0|1|1
Azerbaijan|Xäzär Länkäran FK|2010|88567|UEFA Europa League|First qualifying round|2|0|2|0
Azerbaijan|Olimpik-Şüvälan PFK|2011|89673|UEFA Europa League|First qualifying round|2|0|1|1
Azerbaijan|Neftçi PFK|2018|59890|UEFA Europa League|First qualifying round|2|1|0|1
Azerbaijan|Neftçi PFK|2016|59890|UEFA Europa League|Second qualifying round|4|1|1|2
Azerbaijan|Neftçi PFK|2015|59890|UEFA Europa League|First qualifying round|2|0|2|0
Azerbaijan|Neftçi PFK|2014|59890|UEFA Europa League|Play-off|6|2|1|3
Azerbaijan|Neftçi PFK|2013|59890|UEFA Champions League|Second qualifying round|2|0|1|1
Azerbaijan|Neftçi PFK|2012|59890|UEFA Europa League|Group stage|8|1|4|3
Azerbaijan|Neftçi PFK|2012|59890|UEFA Champions League|Third qualifying round|4|1|2|1
Azerbaijan|Neftçi PFK|2011|59890|UEFA Champions League|Second qualifying round|2|0|1|1
Kazakhstan|FC Shakhter Karagandy|2014|79968|UEFA Europa League|Third qualifying round|6|4|1|1
Kazakhstan|FC Shakhter Karagandy|2013|79968|UEFA Europa League|Group stage|6|0|2|4
Kazakhstan|FC Shakhter Karagandy|2013|79968|UEFA Champions League|Play-off|6|4|0|2
Kazakhstan|FC Shakhter Karagandy|2012|79968|UEFA Champions League|Second qualifying round|2|0|1|1
Kazakhstan|FC Shakhter Karagandy|2011|79968|UEFA Europa League|Second qualifying round|4|2|1|1
Kazakhstan|FC Shakhter Karagandy|2010|79968|UEFA Europa League|First qualifying round|2|0|0|2
Kazakhstan|FC Kairat Almaty|2018|79970|UEFA Europa League|Third qualifying round|6|3|0|3
Kazakhstan|FC Kairat Almaty|2017|79970|UEFA Europa League|Second qualifying round|4|2|1|1
Kazakhstan|FC Kairat Almaty|2016|79970|UEFA Europa League|Second qualifying round|4|2|1|1
Kazakhstan|FC Kairat Almaty|2015|79970|UEFA Europa League|Play-off|8|5|1|2
Kazakhstan|FC Kairat Almaty|2014|79970|UEFA Europa League|Second qualifying round|4|1|2|1
Czech Republic|FC Viktoria Plzeň|2018|64388|UEFA Champions League|Group stage|6|2|1|3
Czech Republic|FC Viktoria Plzeň|2018|64388|UEFA Europa League|Round of 32|2|1|0|1
Czech Republic|FC Viktoria Plzeň|2017|64388|UEFA Europa League|Round of 16|12|7|2|3
Czech Republic|FC Viktoria Plzeň|2017|64388|UEFA Champions League|Third qualifying round|2|0|1|1
Czech Republic|FC Viktoria Plzeň|2016|64388|UEFA Europa League|Group stage|6|1|3|2
Czech Republic|FC Viktoria Plzeň|2016|64388|UEFA Champions League|Play-off|4|0|3|1
Czech Republic|FC Viktoria Plzeň|2015|64388|UEFA Europa League|Group stage|8|3|1|4
Czech Republic|FC Viktoria Plzeň|2015|64388|UEFA Champions League|Third qualifying round|2|1|0|1
Czech Republic|FC Viktoria Plzeň|2014|64388|UEFA Europa League|Third qualifying round|2|0|1|1
Czech Republic|FC Viktoria Plzeň|2013|64388|UEFA Europa League|Round of 16|4|2|1|1
Czech Republic|FC Viktoria Plzeň|2013|64388|UEFA Champions League|Group stage|12|7|0|5
Czech Republic|FC Viktoria Plzeň|2012|64388|UEFA Europa League|Round of 16|16|11|2|3
Czech Republic|FC Viktoria Plzeň|2011|64388|UEFA Europa League|Round of 32|2|0|1|1
Czech Republic|FC Viktoria Plzeň|2011|64388|UEFA Champions League|Group stage|12|7|2|3
Czech Republic|FC Viktoria Plzeň|2010|64388|UEFA Europa League|Third qualifying round|2|0|1|1
Belarus|FC Dnepr Mogilev|2010|68224|UEFA Europa League|Play-off|8|3|3|2
Bulgaria|PFC Beroe Stara Zagora|2016|73511|UEFA Europa League|Second qualifying round|4|1|2|1
Bulgaria|PFC Beroe Stara Zagora|2015|73511|UEFA Europa League|Second qualifying round|4|2|1|1
Bulgaria|PFC Beroe Stara Zagora|2013|73511|UEFA Europa League|Second qualifying round|2|0|1|1
Bulgaria|PFC Beroe Stara Zagora|2010|73511|UEFA Europa League|Third qualifying round|2|0|1|1
Poland|Ruch Chorzów|2014|52807|UEFA Europa League|Play-off|6|1|4|1
Poland|Ruch Chorzów|2012|52807|UEFA Europa League|Third qualifying round|4|2|0|2
Poland|Ruch Chorzów|2010|52807|UEFA Europa League|Third qualifying round|6|2|2|2
Poland|Jagiellonia Białystok|2018|2600277|UEFA Europa League|Third qualifying round|4|1|1|2
Poland|Jagiellonia Białystok|2017|2600277|UEFA Europa League|Second qualifying round|4|2|1|1
Poland|Jagiellonia Białystok|2015|2600277|UEFA Europa League|Second qualifying round|4|2|1|1
Poland|Jagiellonia Białystok|2011|2600277|UEFA Europa League|First qualifying round|2|1|0|1
Poland|Jagiellonia Białystok|2010|2600277|UEFA Europa League|Third qualifying round|2|0|1|1
Norway|Aalesunds FK|2012|82819|UEFA Europa League|Third qualifying round|4|1|1|2
Norway|Aalesunds FK|2011|82819|UEFA Europa League|Play-off|8|5|1|2
Norway|Aalesunds FK|2010|82819|UEFA Europa League|Third qualifying round|2|0|1|1
Serbia|FK Spartak Subotica|2018|53079|UEFA Europa League|Third qualifying round|6|2|1|3
Serbia|FK Spartak Subotica|2010|53079|UEFA Europa League|Third qualifying round|4|2|1|1
Croatia|HNK Cibalia|2010|69081|UEFA Europa League|Second qualifying round|2|0|1|1
Belarus|FC Torpedo Zhodino|2016|79551|UEFA Europa League|Third qualifying round|4|2|1|1
Belarus|FC Torpedo Zhodino|2015|79551|UEFA Europa League|First qualifying round|2|0|1|1
Belarus|FC Torpedo Zhodino|2010|79551|UEFA Europa League|Second qualifying round|4|2|1|1
Slovakia|FC Nitra|2010|52798|UEFA Europa League|First qualifying round|2|0|1|1
Republic of Ireland|Shamrock Rovers FC|2018|52381|UEFA Europa League|First qualifying round|2|0|1|1
Republic of Ireland|Shamrock Rovers FC|2017|52381|UEFA Europa League|Second qualifying round|4|2|0|2
Republic of Ireland|Shamrock Rovers FC|2016|52381|UEFA Europa League|First qualifying round|2|0|1|1
Republic of Ireland|Shamrock Rovers FC|2015|52381|UEFA Europa League|Second qualifying round|4|1|1|2
Republic of Ireland|Shamrock Rovers FC|2012|52381|UEFA Champions League|Second qualifying round|2|0|1|1
Republic of Ireland|Shamrock Rovers FC|2011|52381|UEFA Europa League|Group stage|8|1|1|6
Republic of Ireland|Shamrock Rovers FC|2011|52381|UEFA Champions League|Third qualifying round|4|1|1|2
Republic of Ireland|Shamrock Rovers FC|2010|52381|UEFA Europa League|Third qualifying round|4|1|1|2
Finland|TPS Turku|2013|50126|UEFA Europa League|r_qualif. 1|2|1|0|1
Finland|TPS Turku|2011|50126|UEFA Europa League|Second qualifying round|2|0|1|1
Finland|TPS Turku|2010|50126|UEFA Europa League|Second qualifying round|4|3|0|1
Republic of Ireland|Dundalk FC|2018|50055|UEFA Europa League|Second qualifying round|4|2|1|1
Republic of Ireland|Dundalk FC|2017|50055|UEFA Champions League|Second qualifying round|2|0|1|1
Republic of Ireland|Dundalk FC|2016|50055|UEFA Europa League|Group stage|6|1|1|4
Republic of Ireland|Dundalk FC|2016|50055|UEFA Champions League|Play-off|6|1|3|2
Republic of Ireland|Dundalk FC|2015|50055|UEFA Champions League|Second qualifying round|2|0|1|1
Republic of Ireland|Dundalk FC|2014|50055|UEFA Europa League|Second qualifying round|4|3|0|1
Republic of Ireland|Dundalk FC|2010|50055|UEFA Europa League|Second qualifying round|4|1|1|2
Lithuania|FK Tauras|2011|64352|UEFA Europa League|Second qualifying round|2|0|0|2
Lithuania|FK Tauras|2010|64352|UEFA Europa League|Second qualifying round|4|1|1|2
Lithuania|FC Šiauliai|2012|77906|UEFA Europa League|First qualifying round|2|1|0|1
Lithuania|FC Šiauliai|2010|77906|UEFA Europa League|Second qualifying round|2|0|0|2
Kazakhstan|FC Atyrau|2010|79961|UEFA Europa League|Second qualifying round|2|0|0|2
Cyprus|AEK Larnaca FC|2018|54191|UEFA Europa League|Group stage|12|5|4|3
Cyprus|AEK Larnaca FC|2017|54191|UEFA Europa League|Play-off|8|4|3|1
Cyprus|AEK Larnaca FC|2016|54191|UEFA Europa League|Play-off|8|5|1|2
Cyprus|AEK Larnaca FC|2015|54191|UEFA Europa League|Third qualifying round|2|0|0|2
Cyprus|AEK Larnaca FC|2011|54191|UEFA Europa League|Group stage|12|5|4|3
Poland|WKS Śląsk Wrocław|2015|52655|UEFA Europa League|Second qualifying round|4|2|1|1
Poland|WKS Śląsk Wrocław|2013|52655|UEFA Europa League|Play-off|6|2|2|2
Poland|WKS Śląsk Wrocław|2012|52655|UEFA Europa League|Play-off|2|0|0|2
Poland|WKS Śląsk Wrocław|2012|52655|UEFA Champions League|Third qualifying round|4|1|0|3
Poland|WKS Śląsk Wrocław|2011|52655|UEFA Europa League|Play-off|6|1|3|2
Romania|CS Gaz Metan Mediaş|2011|75823|UEFA Europa League|Play-off|6|2|2|2
Croatia|RNK Split|2014|2601166|UEFA Europa League|Play-off|8|3|4|1
Croatia|RNK Split|2011|2601166|UEFA Europa League|Third qualifying round|4|2|1|1
Belarus|FC Minsk|2013|2600108|UEFA Europa League|Play-off|6|2|1|3
Belarus|FC Minsk|2011|2600108|UEFA Europa League|Second qualifying round|4|1|2|1
Slovakia|FK Senica|2013|50100|UEFA Europa League|Second qualifying round|2|0|1|1
Slovakia|FK Senica|2012|50100|UEFA Europa League|Second qualifying round|4|1|1|2
Slovakia|FK Senica|2011|50100|UEFA Europa League|Third qualifying round|2|0|0|2
Norway|Strømsgodset IF|2016|57485|UEFA Europa League|Second qualifying round|2|0|1|1
Norway|Strømsgodset IF|2015|57485|UEFA Europa League|Third qualifying round|6|3|0|3
Norway|Strømsgodset IF|2014|57485|UEFA Champions League|Second qualifying round|2|0|0|2
Norway|Strømsgodset IF|2013|57485|UEFA Europa League|Third qualifying round|4|1|1|2
Norway|Strømsgodset IF|2011|57485|UEFA Europa League|Third qualifying round|2|0|0|2
Sweden|Örebro SK|2011|53049|UEFA Europa League|Second qualifying round|2|0|1|1
Serbia|FK Rad|2011|52827|UEFA Europa League|Second qualifying round|4|2|1|1
Finland|KuPS Kuopio|2018|52350|UEFA Europa League|First qualifying round|2|0|1|1
Finland|KuPS Kuopio|2012|52350|UEFA Europa League|Third qualifying round|6|3|1|2
Finland|KuPS Kuopio|2011|52350|UEFA Europa League|Second qualifying round|2|1|0|1
Lithuania|FK Banga|2014|64348|UEFA Europa League|First qualifying round|2|0|1|1
Lithuania|FK Banga|2011|64348|UEFA Europa League|First qualifying round|2|0|0|2
Cyprus|AEL Limassol FC|2017|52800|UEFA Europa League|Third qualifying round|6|4|1|1
Cyprus|AEL Limassol FC|2014|52800|UEFA Europa League|Play-off|2|0|0|2
Cyprus|AEL Limassol FC|2014|52800|UEFA Champions League|Third qualifying round|2|1|0|1
Cyprus|AEL Limassol FC|2012|52800|UEFA Europa League|Group stage|6|1|1|4
Cyprus|AEL Limassol FC|2012|52800|UEFA Champions League|Play-off|6|4|1|1
Greece|Asteras Tripolis FC|2018|2600293|UEFA Europa League|Second qualifying round|2|0|1|1
Greece|Asteras Tripolis FC|2015|2600293|UEFA Europa League|Group stage|6|1|1|4
Greece|Asteras Tripolis FC|2014|2600293|UEFA Europa League|Group stage|12|4|4|4
Greece|Asteras Tripolis FC|2013|2600293|UEFA Europa League|Third qualifying round|2|0|1|1
Greece|Asteras Tripolis FC|2012|2600293|UEFA Europa League|Third qualifying round|4|0|4|0
Denmark|AC Horsens|2012|89695|UEFA Europa League|Play-off|4|1|2|1
Austria|FC Admira Wacker Mödling|2018|69180|UEFA Europa League|Second qualifying round|2|0|0|2
Austria|FC Admira Wacker Mödling|2016|69180|UEFA Europa League|Third qualifying round|6|3|1|2
Austria|FC Admira Wacker Mödling|2012|69180|UEFA Europa League|Third qualifying round|4|1|2|1
Denmark|AGF Aarhus|2012|50019|UEFA Europa League|Second qualifying round|2|0|0|2
Croatia|NK Osijek|2018|53082|UEFA Europa League|Second qualifying round|4|1|2|1
Croatia|NK Osijek|2017|53082|UEFA Europa League|Play-off|8|6|0|2
Croatia|NK Osijek|2012|53082|UEFA Europa League|Second qualifying round|4|2|0|2
Scotland|St Johnstone FC|2017|64249|UEFA Europa League|First qualifying round|2|0|0|2
Scotland|St Johnstone FC|2015|64249|UEFA Europa League|First qualifying round|2|1|0|1
Scotland|St Johnstone FC|2014|64249|UEFA Europa League|Third qualifying round|4|0|3|1
Scotland|St Johnstone FC|2013|64249|UEFA Europa League|Third qualifying round|4|2|1|1
Scotland|St Johnstone FC|2012|64249|UEFA Europa League|Second qualifying round|2|0|1|1
Bulgaria|PFC Ludogorets 1945|2018|2603104|UEFA Europa League|Group stage|10|3|5|2
Bulgaria|PFC Ludogorets 1945|2018|2603104|UEFA Champions League|Second qualifying round|4|2|1|1
Bulgaria|PFC Ludogorets 1945|2017|2603104|UEFA Europa League|Round of 32|10|3|4|3
Bulgaria|PFC Ludogorets 1945|2017|2603104|UEFA Champions League|Third qualifying round|4|2|0|2
Bulgaria|PFC Ludogorets 1945|2016|2603104|UEFA Europa League|Round of 32|2|0|1|1
Bulgaria|PFC Ludogorets 1945|2016|2603104|UEFA Champions League|Group stage|12|4|5|3
Bulgaria|PFC Ludogorets 1945|2015|2603104|UEFA Champions League|Second qualifying round|2|0|0|2
Bulgaria|PFC Ludogorets 1945|2014|2603104|UEFA Champions League|Group stage|12|3|4|5
Bulgaria|PFC Ludogorets 1945|2013|2603104|UEFA Europa League|Round of 16|10|6|2|2
Bulgaria|PFC Ludogorets 1945|2013|2603104|UEFA Champions League|Play-off|6|3|0|3
Bulgaria|PFC Ludogorets 1945|2012|2603104|UEFA Champions League|Second qualifying round|2|0|1|1
Serbia|FK Jagodina|2014|2600521|UEFA Europa League|Second qualifying round|2|0|1|1
Serbia|FK Jagodina|2013|2600521|UEFA Europa League|Second qualifying round|2|0|0|2
Serbia|FK Jagodina|2012|2600521|UEFA Europa League|First qualifying round|2|0|1|1
Finland|JJK Jyväskylä|2012|2600603|UEFA Europa League|Second qualifying round|4|2|0|2
Lithuania|FK Žalgiris Vilnius|2018|2602334|UEFA Europa League|Third qualifying round|6|2|2|2
Lithuania|FK Žalgiris Vilnius|2017|2602334|UEFA Champions League|Second qualifying round|2|1|0|1
Lithuania|FK Žalgiris Vilnius|2016|2602334|UEFA Champions League|Second qualifying round|2|0|1|1
Lithuania|FK Žalgiris Vilnius|2015|2602334|UEFA Champions League|Second qualifying round|2|0|1|1
Lithuania|FK Žalgiris Vilnius|2014|2602334|UEFA Champions League|Second qualifying round|2|0|0|2
Lithuania|FK Žalgiris Vilnius|2013|2602334|UEFA Europa League|Play-off|8|3|2|3
Lithuania|FK Žalgiris Vilnius|2012|2602334|UEFA Europa League|Second qualifying round|2|0|1|1
Kazakhstan|FC Ordabasy Shymkent|2017|82825|UEFA Europa League|First qualifying round|2|0|1|1
Kazakhstan|FC Ordabasy Shymkent|2016|82825|UEFA Europa League|First qualifying round|2|0|1|1
Kazakhstan|FC Ordabasy Shymkent|2015|82825|UEFA Europa League|First qualifying round|2|0|1|1
Kazakhstan|FC Ordabasy Shymkent|2012|82825|UEFA Europa League|Second qualifying round|4|1|2|1
Kazakhstan|FC Zhetysu Taldykorgan|2012|82828|UEFA Europa League|First qualifying round|2|0|1|1
Romania|CS Pandurii Târgu Jiu|2013|89720|UEFA Europa League|Group stage|12|3|4|5
Romania|FC Petrolul Ploieşti|2014|53030|UEFA Europa League|Play-off|6|3|1|2
Romania|FC Petrolul Ploieşti|2013|53030|UEFA Europa League|Play-off|6|4|1|1
Romania|FC Astra Giurgiu|2017|69611|UEFA Europa League|Third qualifying round|4|1|2|1
Romania|FC Astra Giurgiu|2016|69611|UEFA Europa League|Round of 32|10|3|4|3
Romania|FC Astra Giurgiu|2016|69611|UEFA Champions League|Third qualifying round|2|0|1|1
Romania|FC Astra Giurgiu|2015|69611|UEFA Europa League|Play-off|6|3|2|1
Romania|FC Astra Giurgiu|2014|69611|UEFA Europa League|Group stage|10|4|1|5
Romania|FC Astra Giurgiu|2013|69611|UEFA Europa League|Play-off|8|4|3|1
Croatia|NK Lokomotiva Zagreb|2016|2600783|UEFA Europa League|Play-off|8|4|3|1
Croatia|NK Lokomotiva Zagreb|2015|2600783|UEFA Europa League|Second qualifying round|4|2|1|1
Croatia|NK Lokomotiva Zagreb|2013|2600783|UEFA Europa League|Second qualifying round|2|1|0|1
Poland|GKS Piast Gliwice|2016|2600545|UEFA Europa League|Second qualifying round|2|0|1|1
Poland|GKS Piast Gliwice|2013|2600545|UEFA Europa League|Second qualifying round|2|0|1|1
Bulgaria|PFC Botev Plovdiv|2017|57466|UEFA Europa League|Third qualifying round|6|3|2|1
Bulgaria|PFC Botev Plovdiv|2014|57466|UEFA Europa League|Second qualifying round|4|3|0|1
Bulgaria|PFC Botev Plovdiv|2013|57466|UEFA Europa League|Third qualifying round|6|3|3|0
Slovakia|AS Trenčín|2018|64315|UEFA Europa League|Play-off|8|4|3|1
Slovakia|AS Trenčín|2017|64315|UEFA Europa League|Second qualifying round|4|2|1|1
Slovakia|AS Trenčín|2016|64315|UEFA Europa League|Play-off|2|1|0|1
Slovakia|AS Trenčín|2016|64315|UEFA Champions League|Third qualifying round|4|1|1|2
Slovakia|AS Trenčín|2015|64315|UEFA Champions League|Second qualifying round|2|1|0|1
Slovakia|AS Trenčín|2014|64315|UEFA Europa League|Third qualifying round|4|1|1|2
Slovakia|AS Trenčín|2013|64315|UEFA Europa League|Third qualifying round|4|1|2|1
Kazakhstan|FC Astana|2018|2600605|UEFA Europa League|Group stage|8|3|2|3
Kazakhstan|FC Astana|2018|2600605|UEFA Champions League|Third qualifying round|6|3|1|2
Kazakhstan|FC Astana|2017|2600605|UEFA Europa League|Round of 32|8|3|2|3
Kazakhstan|FC Astana|2017|2600605|UEFA Champions League|Play-off|6|3|1|2
Kazakhstan|FC Astana|2016|2600605|UEFA Europa League|Group stage|8|2|3|3
Kazakhstan|FC Astana|2016|2600605|UEFA Champions League|Third qualifying round|4|1|2|1
Kazakhstan|FC Astana|2015|2600605|UEFA Champions League|Group stage|12|3|6|3
Kazakhstan|FC Astana|2014|2600605|UEFA Europa League|Play-off|8|4|1|3
Kazakhstan|FC Astana|2013|2600605|UEFA Europa League|First qualifying round|2|0|0|2
Finland|IFK Mariehamn|2017|89248|UEFA Champions League|Second qualifying round|2|0|0|2
Finland|IFK Mariehamn|2016|89248|UEFA Europa League|First qualifying round|2|0|1|1
Finland|IFK Mariehamn|2013|89248|UEFA Europa League|First qualifying round|2|0|1|1
Lithuania|FK Kruoja|2013|2600621|UEFA Europa League|First qualifying round|2|0|0|2
Austria|SV Grödig|2014|2601058|UEFA Europa League|Third qualifying round|4|2|0|2
Austria|SKN St Pölten|2014|2602679|UEFA Europa League|Third qualifying round|4|1|0|3
Cyprus|Ermis Aradippou FC|2014|77891|UEFA Europa League|Third qualifying round|2|0|0|2
Poland|Zawisza Bydgoszcz|2014|2602720|UEFA Europa League|Second qualifying round|2|0|0|2
Israel|Hapoel Beer-Sheva FC|2018|59340|UEFA Champions League|Second qualifying round|4|2|1|1
Israel|Hapoel Beer-Sheva FC|2018|59340|UEFA Europa League|Third qualifying round|2|0|1|1
Israel|Hapoel Beer-Sheva FC|2017|59340|UEFA Europa League|Group stage|6|1|1|4
Israel|Hapoel Beer-Sheva FC|2017|59340|UEFA Champions League|Play-off|6|4|0|2
Israel|Hapoel Beer-Sheva FC|2016|59340|UEFA Europa League|Round of 32|8|2|2|4
Israel|Hapoel Beer-Sheva FC|2016|59340|UEFA Champions League|Play-off|6|3|2|1
Israel|Hapoel Beer-Sheva FC|2015|59340|UEFA Europa League|Second qualifying round|2|0|1|1
Israel|Hapoel Beer-Sheva FC|2014|59340|UEFA Europa League|Second qualifying round|2|0|1|1
Belarus|FC Neman Grodno|2014|59024|UEFA Europa League|Second qualifying round|2|0|1|1
Sweden|IF Brommapojkarna|2014|2600094|UEFA Europa League|Third qualifying round|6|2|1|3
Norway|FK Haugesund|2017|64214|UEFA Europa League|Second qualifying round|4|2|1|1
Norway|FK Haugesund|2014|64214|UEFA Europa League|Second qualifying round|4|2|1|1
Serbia|FK Čukarički|2016|60570|UEFA Europa League|Second qualifying round|4|1|2|1
Serbia|FK Čukarički|2015|60570|UEFA Europa League|Second qualifying round|4|2|1|1
Serbia|FK Čukarički|2014|60570|UEFA Europa League|Second qualifying round|4|2|1|1
Azerbaijan|Gabala SC|2018|93628|UEFA Europa League|First qualifying round|2|1|0|1
Azerbaijan|Gabala SC|2017|93628|UEFA Europa League|Third qualifying round|4|1|1|2
Azerbaijan|Gabala SC|2016|93628|UEFA Europa League|Group stage|14|5|1|8
Azerbaijan|Gabala SC|2015|93628|UEFA Europa League|Group stage|14|3|5|6
Azerbaijan|Gabala SC|2014|93628|UEFA Europa League|First qualifying round|2|0|0|2
Finland|RoPS Rovaniemi|2016|52812|UEFA Europa League|Second qualifying round|4|1|2|1
Finland|RoPS Rovaniemi|2014|52812|UEFA Europa League|Second qualifying round|2|0|1|1
Finland|VPS Vaasa|2017|64390|UEFA Europa League|Second qualifying round|4|3|0|1
Finland|VPS Vaasa|2015|64390|UEFA Europa League|First qualifying round|2|0|1|1
Finland|VPS Vaasa|2014|64390|UEFA Europa League|First qualifying round|2|1|0|1
Austria|SCR Altach|2017|92382|UEFA Europa League|Play-off|8|3|4|1
Austria|SCR Altach|2015|92382|UEFA Europa League|Play-off|4|2|1|1
Austria|Wolfsberger AC|2015|2603990|UEFA Europa League|Third qualifying round|4|2|0|2
Romania|FC Botoşani|2015|2605104|UEFA Europa League|Second qualifying round|4|1|1|2
Scotland|Inverness Caledonian Thistle FC|2015|88279|UEFA Europa League|Second qualifying round|2|0|1|1
Finland|SJK Seinäjoki|2017|2602520|UEFA Europa League|First qualifying round|2|0|1|1
Finland|SJK Seinäjoki|2016|2602520|UEFA Champions League|Second qualifying round|2|0|1|1
Finland|SJK Seinäjoki|2015|2602520|UEFA Europa League|First qualifying round|2|0|0|2
Republic of Ireland|University College Dublin AFC|2015|53021|UEFA Europa League|Second qualifying round|4|1|0|3
Lithuania|FK Riteriai|2018|2606168|UEFA Europa League|Second qualifying round|6|2|3|1
Lithuania|FK Riteriai|2017|2606168|UEFA Europa League|Third qualifying round|6|4|0|2
Lithuania|FK Riteriai|2016|2606168|UEFA Europa League|First qualifying round|2|1|0|1
Lithuania|FK Riteriai|2015|2606168|UEFA Europa League|Second qualifying round|4|2|1|1
Denmark|SønderjyskE|2016|89694|UEFA Europa League|Play-off|6|2|3|1
Romania|FC Viitorul|2018|2604753|UEFA Europa League|Second qualifying round|4|1|2|1
Romania|FC Viitorul|2017|2604753|UEFA Europa League|Play-off|2|0|0|2
Romania|FC Viitorul|2017|2604753|UEFA Champions League|Third qualifying round|2|1|0|1
Romania|FC Viitorul|2016|2604753|UEFA Europa League|Third qualifying round|2|0|1|1
Sweden|IFK Norrköping FK|2017|50099|UEFA Europa League|Second qualifying round|4|3|0|1
Sweden|IFK Norrköping FK|2016|50099|UEFA Champions League|Second qualifying round|2|1|0|1
Poland|MKS Cracovia Kraków|2016|88133|UEFA Europa League|First qualifying round|2|0|0|2
Bulgaria|PFC Slavia Sofia|2018|50117|UEFA Europa League|Second qualifying round|4|2|0|2
Bulgaria|PFC Slavia Sofia|2016|50117|UEFA Europa League|First qualifying round|2|1|0|1
Sweden|Östersunds FK|2017|2602507|UEFA Europa League|Round of 32|14|8|3|3
Czech Republic|FC Zlín|2017|65129|UEFA Europa League|Group stage|6|0|2|4
Denmark|Lyngby BK|2017|50020|UEFA Europa League|Third qualifying round|6|4|0|2
Romania|Universitatea Craiova|2018|2606501|UEFA Europa League|Third qualifying round|2|0|1|1
Romania|Universitatea Craiova|2017|2606501|UEFA Europa League|Third qualifying round|2|0|0|2
Poland|Arka Gdynia|2017|64219|UEFA Europa League|Third qualifying round|2|1|0|1
Azerbaijan|Zirä FK|2017|2607480|UEFA Europa League|Second qualifying round|4|2|1|1
Bulgaria|FC Dunav Ruse|2017|52888|UEFA Europa League|First qualifying round|2|0|0|2
Serbia|FK Mladost Lučani|2017|64530|UEFA Europa League|First qualifying round|2|0|0|2
