StadiumCapacity|StadiumName|SquadSize|TopArrival|TopDeparture|IncomeValue|ExpenditureValues|OverallBalance
35.123 Seats|Maksimir|34|€400k|€8.00m|€9.56m|€650k|+€8.91m
34.183 Seats|Poljud|41|€2.00m|€7.00m|€9.65m|€3.68m|+€5.97m
8.136 Seats|Stadion Rujevica|34|€200k|€2.00m|€2.80m|€200k|+€2.60m
5.000 Seats|Gradski Stadion Ivan Kusek Apas|30|€50k|€2.00m|€2.30m|€50k|+€2.25m
18.856 Seats|Gradski vrt|30|Free transfer|€500k|€500k|0|+€500k
9.056 Seats|Aldo Drosina|26|Free transfer|Free transfer|0|0|0
8.850 Seats|Kranjceviceva|34|€300k|Free transfer|0|€500k|€-500k
35.123 Seats|Maksimir|38|€1.50m|€7.00m|€8.01m|€3.80m|+€4.21m
34.183 Seats|Poljud|34|€150k|€5.00m|€9.64m|€150k|+€9.49m
5.000 Seats|Gradski Stadion Ivan Kusek Apas|33|Free transfer|€385k|€385k|0|+€385k
18.856 Seats|Gradski vrt|33|Free transfer|€2.40m|€2.40m|0|+€2.40m
8.136 Seats|Stadion Rujevica|32|€100k|€725k|€1.70m|€150k|+€1.55m
9.056 Seats|Aldo Drosina|37|Free transfer|Free transfer|0|0|0
8.850 Seats|Kranjceviceva|36|€50k|Free transfer|0|€50k|€-50k
35.123 Seats|Maksimir|35|€1.45m|€300k|€420k|€4.75m|€-4.33m
34.183 Seats|Poljud|49|€250k|€1.00m|€2.77m|€500k|+€2.27m
5.000 Seats|Gradski Stadion Ivan Kusek Apas|31|€15k|€75k|€135k|€15k|+€120k
8.850 Seats|Kranjceviceva|36|€300k|€1.20m|€1.20m|€300k|+€900k
9.056 Seats|Aldo Drosina|35|€2k|€50k|€50k|€2k|+€48k
18.856 Seats|Gradski vrt|36|Free transfer|€500k|€800k|0|+€800k
8.136 Seats|Stadion Rujevica|36|Free transfer|€50k|€50k|0|+€50k
35.123 Seats|Maksimir|37|€2.40m|€11.00m|€20.00m|€4.10m|+€15.90m
34.183 Seats|Poljud|0|€300k|€3.70m|0|0|0
8.136 Seats|Stadion Rujevica|32|€450k|Free transfer|0|€810k|€-810k
5.000 Seats|Gradski Stadion Ivan Kusek Apas|33|Free transfer|Free transfer|0|0|0
9.056 Seats|Aldo Drosina|32|Free transfer|€235k|€285k|0|+€285k
8.850 Seats|Kranjceviceva|31|Free transfer|€2.40m|€3.60m|0|+€3.60m
18.856 Seats|Gradski vrt|37|Free transfer|€450k|€1.07m|0|+€1.07m
35.123 Seats|Maksimir|58|€1.60m|€5.00m|€15.78m|€4.32m|+€11.46m
8.136 Seats|Stadion Rujevica|50|€1.20m|€1.00m|€1.45m|€1.77m|€-320k
34.183 Seats|Poljud|51|Free transfer|€1.00m|€1.22m|0|+€1.22m
5.000 Seats|Gradski Stadion Ivan Kusek Apas|32|Free transfer|€1.50m|€2.10m|0|+€2.10m
8.850 Seats|Kranjceviceva|42|Free transfer|€1.00m|€1.00m|0|+€1.00m
9.056 Seats|Aldo Drosina|47|Free transfer|€350k|€1.02m|0|+€1.02m
18.856 Seats|Gradski vrt|36|Free transfer|€190k|€190k|0|+€190k
35.123 Seats|Maksimir|41|€2.50m|€5.00m|€9.93m|€9.05m|+€880k
8.136 Seats|Stadion Rujevica|45|€550k|€9.00m|€9.50m|€1.85m|+€7.65m
34.183 Seats|Poljud|0|Free transfer|€2.50m|0|0|0
8.850 Seats|Kranjceviceva|40|Free transfer|€1.00m|€2.28m|0|+€2.28m
9.056 Seats|Aldo Drosina|49|Free transfer|€230k|€340k|0|+€340k
5.000 Seats|Gradski Stadion Ivan Kusek Apas|36|Free transfer|€350k|€850k|0|+€850k
18.856 Seats|Gradski vrt|43|Free transfer|€250k|€250k|0|+€250k
35.123 Seats|Maksimir|49|€5.00m|€7.50m|€13.90m|€9.30m|+€4.61m
8.136 Seats|Stadion Rujevica|42|€600k|€2.60m|€6.95m|€1.22m|+€5.74m
34.183 Seats|Poljud|39|Free transfer|€3.00m|€6.00m|0|+€6.00m
8.850 Seats|Kranjceviceva|44|€65k|Free transfer|0|€130k|€-130k
9.056 Seats|Aldo Drosina|41|Free transfer|Free transfer|0|0|0
5.000 Seats|Gradski Stadion Ivan Kusek Apas|33|Free transfer|€400k|€750k|0|+€750k
18.856 Seats|Gradski vrt|38|Free transfer|€150k|€150k|0|+€150k
35.123 Seats|Maksimir|49|€1.60m|€23.00m|€41.15m|€5.46m|+€35.69m
8.136 Seats|Stadion Rujevica|45|€150k|€4.20m|€15.10m|€150k|+€14.95m
34.183 Seats|Poljud|42|€375k|€3.00m|€8.40m|€607k|+€7.79m
8.850 Seats|Kranjceviceva|57|€200k|€600k|€1.30m|€200k|+€1.10m
18.856 Seats|Gradski vrt|40|€400k|€50k|€50k|€610k|€-560k
5.000 Seats|Gradski Stadion Ivan Kusek Apas|33|Free transfer|€700k|€1.58m|0|+€1.58m
9.056 Seats|Aldo Drosina|39|Free transfer|€500k|€500k|0|+€500k
35.123 Seats|Maksimir|42|€800k|€13.50m|€21.73m|€1.30m|+€20.43m
8.136 Seats|Stadion Rujevica|44|€500k|€4.25m|€9.00m|€1.00m|+€8.00m
34.183 Seats|Poljud|38|€500k|€10.80m|€13.90m|€950k|+€12.95m
18.856 Seats|Gradski vrt|41|€700k|€1.00m|€1.00m|€1.77m|€-770k
8.850 Seats|Kranjceviceva|41|€135k|€600k|€1.00m|€135k|+€865k
9.056 Seats|Aldo Drosina|57|Free transfer|€400k|€400k|0|+€400k
5.000 Seats|Gradski Stadion Ivan Kusek Apas|33|Free transfer|€500k|€950k|0|+€950k
35.123 Seats|Maksimir|40|€2.65m|€14.50m|€33.50m|€10.05m|+€23.45m
34.183 Seats|Poljud|40|€450k|€6.30m|€15.40m|€925k|+€14.48m
8.136 Seats|Stadion Rujevica|49|€800k|€5.00m|€12.38m|€800k|+€11.58m
18.856 Seats|Gradski vrt|42|€30k|€2.70m|€10.95m|€30k|+€10.92m
8.850 Seats|Kranjceviceva|52|€350k|€2.50m|€2.65m|€600k|+€2.05m
5.000 Seats|Gradski Stadion Ivan Kusek Apas|35|Free transfer|€2.28m|€2.28m|0|+€2.28m
9.056 Seats|Aldo Drosina|48|€250k|Free transfer|0|€250k|€-250k
32.710 Seats|Partizan Stadion|34|€400k|€6.80m|€11.44m|€1.17m|+€10.27m
14.852 Seats|Stadion Karadjordje|37|€160k|€2.25m|€4.28m|€260k|+€4.02m
51.755 Seats|Rajko Mitić Stadium|34|€472k|€2.80m|€6.46m|€1.78m|+€4.67m
6.000 Seats|Stadion Kralj Petar Prvi|33|€40k|€350k|€350k|€90k|+€260k
13.020 Seats|Gradski Stadion Subotica|28|€30k|€100k|€100k|€50k|+€50k
32.710 Seats|Partizan Stadion|37|€300k|€4.00m|€8.43m|€330k|+€8.10m
51.755 Seats|Rajko Mitić Stadium|33|€770k|€2.47m|€4.66m|€2.46m|+€2.20m
14.852 Seats|Stadion Karadjordje|35|Free transfer|€1.10m|€1.70m|0|+€1.70m
6.000 Seats|Stadion Kralj Petar Prvi|35|€50k|€1.20m|€3.37m|€50k|+€3.32m
13.020 Seats|Gradski Stadion Subotica|32|€100k|€600k|€900k|€160k|+€740k
51.755 Seats|Rajko Mitić Stadium|40|€708k|€1.74m|€6.55m|€3.07m|+€3.47m
14.852 Seats|Stadion Karadjordje|37|€200k|€2.00m|€5.20m|€200k|+€5.00m
32.710 Seats|Partizan Stadion|32|€1.20m|€12.00m|€22.35m|€3.29m|+€19.06m
6.000 Seats|Stadion Kralj Petar Prvi|38|€177k|€708k|€1.41m|€187k|+€1.22m
13.020 Seats|Gradski Stadion Subotica|32|Free transfer|€153k|€353k|0|+€353k
32.710 Seats|Partizan Stadion|40|€300k|€2.00m|€3.50m|€850k|+€2.65m
51.755 Seats|Rajko Mitić Stadium|45|€425k|€600k|€600k|€1.03m|€-427k
14.852 Seats|Stadion Karadjordje|37|Free transfer|€1.50m|€2.15m|0|+€2.15m
6.000 Seats|Stadion Kralj Petar Prvi|43|Free transfer|€1.20m|€3.02m|0|+€3.02m
13.020 Seats|Gradski Stadion Subotica|28|Free transfer|Free transfer|0|0|0
32.710 Seats|Partizan Stadion|44|€200k|€10.00m|€21.80m|€200k|+€21.60m
51.755 Seats|Rajko Mitić Stadium|41|€200k|€2.70m|€6.51m|€901k|+€5.60m
14.852 Seats|Stadion Karadjordje|52|Free transfer|€200k|€520k|0|+€520k
6.000 Seats|Stadion Kralj Petar Prvi|50|Free transfer|€500k|€500k|0|+€500k
13.020 Seats|Gradski Stadion Subotica|38|€80k|€360k|€440k|€80k|+€360k
32.710 Seats|Partizan Stadion|39|Free transfer|€3.20m|€4.20m|0|+€4.20m
51.755 Seats|Rajko Mitić Stadium|38|€250k|€2.50m|€3.00m|€600k|+€2.40m
14.852 Seats|Stadion Karadjordje|37|Free transfer|€1.75m|€4.35m|0|+€4.35m
6.000 Seats|Stadion Kralj Petar Prvi|35|Free transfer|Free transfer|0|0|0
13.020 Seats|Gradski Stadion Subotica|33|Free transfer|Free transfer|0|0|0
32.710 Seats|Partizan Stadion|45|€450k|€3.00m|€5.47m|€870k|+€4.60m
51.755 Seats|Rajko Mitić Stadium|37|€1.00m|€7.00m|€15.75m|€2.40m|+€13.35m
14.852 Seats|Stadion Karadjordje|41|Free transfer|€1.25m|€3.39m|0|+€3.39m
13.020 Seats|Gradski Stadion Subotica|38|Free transfer|€350k|€350k|0|+€350k
6.000 Seats|Stadion Kralj Petar Prvi|39|Free transfer|€960k|€1.16m|0|+€1.16m
51.755 Seats|Rajko Mitić Stadium|44|€300k|€2.00m|€3.90m|€840k|+€3.06m
32.710 Seats|Partizan Stadion|49|€900k|€1.70m|€3.85m|€1.71m|+€2.14m
14.852 Seats|Stadion Karadjordje|48|Free transfer|€750k|€1.05m|0|+€1.05m
6.000 Seats|Stadion Kralj Petar Prvi|42|Free transfer|Free transfer|0|0|0
13.020 Seats|Gradski Stadion Subotica|44|Free transfer|€300k|€350k|0|+€350k
32.710 Seats|Partizan Stadion|43|€1.65m|€5.10m|€14.00m|€2.96m|+€11.04m
51.755 Seats|Rajko Mitić Stadium|37|€3.00m|€5.50m|€14.05m|€5.30m|+€8.75m
14.852 Seats|Stadion Karadjordje|49|€150k|€500k|€1.35m|€300k|+€1.05m
6.000 Seats|Stadion Kralj Petar Prvi|40|Free transfer|€400k|€400k|0|+€400k
13.020 Seats|Gradski Stadion Subotica|40|Free transfer|€400k|€900k|0|+€900k
51.755 Seats|Rajko Mitić Stadium|47|€2.50m|€12.00m|€24.05m|€10.14m|+€13.91m
32.710 Seats|Partizan Stadion|47|€500k|€1.95m|€6.55m|€1.10m|+€5.45m
14.852 Seats|Stadion Karadjordje|45|€100k|€650k|€700k|€100k|+€600k
6.000 Seats|Stadion Kralj Petar Prvi|44|Free transfer|€500k|€800k|0|+€800k
13.020 Seats|Gradski Stadion Subotica|45|Free transfer|€350k|€750k|0|+€750k
30.188 Seats|Red Bull Arena Salzburg|32|€2.50m|€400k|€400k|€7.00m|€-6.60m
28.345 Seats|Allianz-Stadion|29|€600k|€5.00m|€7.00m|€1.00m|+€6.00m
17.500 Seats|Generali Arena|30|€200k|Free transfer|0|€200k|€-200k
16.364 Seats|Merkur Arena|31|Free transfer|€300k|€300k|0|+€300k
30.188 Seats|Red Bull Arena Salzburg|35|€6.90m|€7.00m|€11.60m|€19.30m|€-7.70m
28.345 Seats|Allianz-Stadion|31|€300k|€4.90m|€4.90m|€620k|+€4.28m
17.500 Seats|Generali Arena|29|€400k|€1.00m|€1.00m|€700k|+€300k
16.364 Seats|Merkur Arena|27|€400k|€1.30m|€1.95m|€450k|+€1.50m
30.188 Seats|Red Bull Arena Salzburg|34|€1.20m|Free transfer|0|€2.85m|€-2.85m
17.500 Seats|Generali Arena|32|€300k|€4.50m|€6.40m|€1.15m|+€5.25m
28.345 Seats|Allianz-Stadion|28|€800k|€1.05m|€3.20m|€1.05m|+€2.15m
16.364 Seats|Merkur Arena|0|Free transfer|€1.00m|0|0|0
30.188 Seats|Red Bull Arena Salzburg|34|€4.00m|€1.50m|€1.70m|€15.98m|€-14.28m
17.500 Seats|Generali Arena|29|€650k|€2.50m|€2.50m|€1.15m|+€1.35m
28.345 Seats|Allianz-Stadion|35|€350k|€500k|€1.00m|€580k|+€420k
16.364 Seats|Merkur Arena|35|Free transfer|Free transfer|0|0|0
30.188 Seats|Red Bull Arena Salzburg|35|€2.00m|€300k|€550k|€4.20m|€-3.65m
17.500 Seats|Generali Arena|38|€200k|€250k|€250k|€200k|+€50k
28.345 Seats|Allianz-Stadion|28|€250k|Free transfer|0|€250k|€-250k
16.364 Seats|Merkur Arena|34|€1.00m|€10k|€10k|€1.00m|€-990k
30.188 Seats|Red Bull Arena Salzburg|34|€2.50m|€23.00m|€47.30m|€7.30m|+€40.00m
17.500 Seats|Generali Arena|36|€1.20m|€7.00m|€9.25m|€3.42m|+€5.83m
28.345 Seats|Allianz-Stadion|27|€750k|€2.00m|€4.70m|€1.65m|+€3.05m
16.364 Seats|Merkur Arena|35|€250k|€2.50m|€3.60m|€250k|+€3.35m
30.188 Seats|Red Bull Arena Salzburg|37|€2.70m|€3.00m|€8.60m|€8.64m|€-36k
28.345 Seats|Allianz-Stadion|34|€800k|€7.50m|€8.90m|€2.00m|+€6.90m
17.500 Seats|Generali Arena|31|€800k|€700k|€700k|€1.59m|€-885k
16.364 Seats|Merkur Arena|33|€450k|€300k|€300k|€450k|€-150k
30.188 Seats|Red Bull Arena Salzburg|44|€5.00m|€29.75m|€73.55m|€9.45m|+€64.10m
28.345 Seats|Allianz-Stadion|37|€2.30m|€3.50m|€5.15m|€6.20m|€-1.05m
17.500 Seats|Generali Arena|31|€500k|€1.00m|€1.00m|€950k|+€50k
16.364 Seats|Merkur Arena|32|€600k|€3.00m|€6.05m|€800k|+€5.25m
30.188 Seats|Red Bull Arena Salzburg|37|€1.00m|€8.00m|€17.00m|€2.40m|+€14.60m
17.500 Seats|Generali Arena|38|€750k|€3.80m|€5.55m|€2.05m|+€3.50m
28.345 Seats|Allianz-Stadion|35|€1.50m|€8.10m|€9.08m|€3.10m|+€5.98m
16.364 Seats|Merkur Arena|35|€250k|€800k|€1.80m|€325k|+€1.48m
30.188 Seats|Red Bull Arena Salzburg|41|€8.00m|€19.00m|€61.60m|€16.25m|+€45.35m
28.345 Seats|Allianz-Stadion|37|€1.50m|€3.50m|€9.70m|€5.25m|+€4.45m
17.500 Seats|Generali Arena|34|Free transfer|€400k|€400k|0|+€400k
16.364 Seats|Merkur Arena|32|€760k|€2.50m|€4.35m|€1.06m|+€3.29m
18.944 Seats|Generali Arena|34|€400k|Free transfer|0|€400k|€-400k
20.617 Seats|Sinobo Stadium|45|€1.20m|€2.50m|€6.00m|€2.38m|+€3.63m
18.221 Seats|AGC Aréna|30|Free transfer|Free transfer|0|0|0
5.000 Seats|Lokotrans Arena|31|€200k|€1.00m|€1.00m|€200k|+€800k
9.900 Seats|Stadion U Nisy|32|Free transfer|Free transfer|0|0|0
11.700 Seats|Doosan Aréna|26|€400k|Free transfer|0|€400k|€-400k
6.108 Seats|Střelnice|29|€800k|€1.20m|€1.20m|€1.55m|€-350k
8.000 Seats|Městský fotbalový stadion Miroslava Valenty|34|Free transfer|Free transfer|0|0|0
18.944 Seats|Generali Arena|36|€1.15m|€4.00m|€8.00m|€1.98m|+€6.02m
20.617 Seats|Sinobo Stadium|37|Free transfer|€3.80m|€5.58m|0|+€5.58m
18.221 Seats|AGC Aréna|32|€200k|Free transfer|0|€200k|€-200k
11.700 Seats|Doosan Aréna|36|€700k|€500k|€500k|€1.46m|€-960k
5.000 Seats|Lokotrans Arena|33|€100k|Free transfer|0|€100k|€-100k
9.900 Seats|Stadion U Nisy|29|€450k|€100k|€100k|€450k|€-350k
6.108 Seats|Střelnice|26|€100k|€480k|€480k|€175k|+€305k
8.000 Seats|Městský fotbalový stadion Miroslava Valenty|29|€150k|Free transfer|0|€225k|€-225k
18.944 Seats|Generali Arena|36|€600k|€2.00m|€2.48m|€920k|+€1.56m
11.700 Seats|Doosan Aréna|30|€800k|€3.50m|€3.50m|€1.40m|+€2.10m
5.000 Seats|Lokotrans Arena|33|?|€600k|€600k|0|+€600k
18.221 Seats|AGC Aréna|31|Free transfer|€30k|€30k|0|+€30k
20.617 Seats|Sinobo Stadium|37|€400k|€900k|€900k|€400k|+€500k
9.900 Seats|Stadion U Nisy|25|Free transfer|€1.00m|€1.80m|0|+€1.80m
6.108 Seats|Střelnice|28|Free transfer|€2.00m|€3.00m|0|+€3.00m
8.000 Seats|Městský fotbalový stadion Miroslava Valenty|31|?|Free transfer|0|0|0
18.944 Seats|Generali Arena|34|€800k|€450k|€450k|€1.42m|€-970k
11.700 Seats|Doosan Aréna|32|€800k|€300k|€520k|€2.64m|€-2.12m
5.000 Seats|Lokotrans Arena|37|Free transfer|Free transfer|0|0|0
9.900 Seats|Stadion U Nisy|39|Free transfer|€1.80m|€2.35m|0|+€2.35m
20.617 Seats|Sinobo Stadium|36|€500k|Free transfer|0|€500k|€-500k
18.221 Seats|AGC Aréna|33|€120k|Free transfer|0|€120k|€-120k
6.108 Seats|Střelnice|27|Free transfer|€800k|€1.44m|0|+€1.44m
8.000 Seats|Městský fotbalový stadion Miroslava Valenty|35|Free transfer|Free transfer|0|0|0
18.944 Seats|Generali Arena|0|€1.10m|€3.20m|0|0|0
11.700 Seats|Doosan Aréna|43|€750k|€4.00m|€4.15m|€1.35m|+€2.80m
20.617 Seats|Sinobo Stadium|45|€250k|€1.00m|€1.00m|€250k|+€750k
5.000 Seats|Lokotrans Arena|42|Free transfer|Free transfer|0|0|0
6.108 Seats|Střelnice|35|Free transfer|€1.15m|€1.15m|0|+€1.15m
9.900 Seats|Stadion U Nisy|39|€121k|€700k|€700k|€121k|+€579k
18.221 Seats|AGC Aréna|35|€200k|Free transfer|0|€200k|€-200k
8.000 Seats|Městský fotbalový stadion Miroslava Valenty|36|Free transfer|?|0|0|0
18.944 Seats|Generali Arena|39|€100k|€2.00m|€3.00m|€100k|+€2.90m
11.700 Seats|Doosan Aréna|33|€700k|Free transfer|0|€1.35m|€-1.35m
6.108 Seats|Střelnice|31|Free transfer|Free transfer|0|0|0
5.000 Seats|Lokotrans Arena|38|Free transfer|Free transfer|0|0|0
9.900 Seats|Stadion U Nisy|39|Free transfer|Free transfer|0|0|0
20.617 Seats|Sinobo Stadium|39|Free transfer|€550k|€550k|0|+€550k
18.221 Seats|AGC Aréna|33|Free transfer|€400k|€400k|0|+€400k
8.000 Seats|Městský fotbalový stadion Miroslava Valenty|36|Free transfer|Free transfer|0|0|0
18.944 Seats|Generali Arena|0|€500k|€3.50m|0|0|0
11.700 Seats|Doosan Aréna|34|Free transfer|Free transfer|0|0|0
20.617 Seats|Sinobo Stadium|36|€1.00m|Free transfer|0|€3.60m|€-3.60m
5.000 Seats|Lokotrans Arena|38|Free transfer|€1.70m|€2.50m|0|+€2.50m
9.900 Seats|Stadion U Nisy|42|Free transfer|€1.50m|€1.50m|0|+€1.50m
6.108 Seats|Střelnice|28|Free transfer|€140k|€140k|0|+€140k
18.221 Seats|AGC Aréna|36|€75k|Free transfer|0|€75k|€-75k
8.000 Seats|Městský fotbalový stadion Miroslava Valenty|32|Free transfer|Free transfer|0|0|0
18.944 Seats|Generali Arena|55|€2.70m|€8.50m|€20.75m|€5.95m|+€14.80m
11.700 Seats|Doosan Aréna|35|€750k|€750k|€2.10m|€1.25m|+€850k
20.617 Seats|Sinobo Stadium|36|€1.40m|€200k|€400k|€5.35m|€-4.95m
6.108 Seats|Střelnice|39|Free transfer|€1.10m|€1.65m|0|+€1.65m
9.900 Seats|Stadion U Nisy|45|€400k|€1.50m|€2.52m|€450k|+€2.07m
5.000 Seats|Lokotrans Arena|37|€200k|€400k|€400k|€200k|+€200k
18.221 Seats|AGC Aréna|36|Free transfer|€550k|€550k|0|+€550k
8.000 Seats|Městský fotbalový stadion Miroslava Valenty|36|?|Free transfer|0|0|0
18.944 Seats|Generali Arena|37|€3.75m|€3.00m|€9.50m|€16.00m|€-6.50m
20.617 Seats|Sinobo Stadium|33|€1.00m|€3.00m|€9.13m|€5.47m|+€3.66m
11.700 Seats|Doosan Aréna|31|€1.00m|€2.50m|€3.50m|€2.00m|+€1.50m
5.000 Seats|Lokotrans Arena|43|Free transfer|€240k|€240k|0|+€240k
9.900 Seats|Stadion U Nisy|37|€180k|€1.50m|€2.90m|€180k|+€2.72m
6.108 Seats|Střelnice|33|€240k|€1.50m|€2.83m|€240k|+€2.59m
18.221 Seats|AGC Aréna|36|Free transfer|Free transfer|0|0|0
8.000 Seats|Městský fotbalový stadion Miroslava Valenty|28|Free transfer|€800k|€800k|0|+€800k
18.944 Seats|Generali Arena|44|€1.65m|€10.00m|€14.16m|€3.69m|+€10.48m
20.617 Seats|Sinobo Stadium|45|€3.20m|€350k|€450k|€11.44m|€-10.99m
11.700 Seats|Doosan Aréna|39|€600k|Free transfer|0|€600k|€-600k
5.000 Seats|Lokotrans Arena|44|€400k|Free transfer|0|€400k|€-400k
6.108 Seats|Střelnice|32|€1.00m|€850k|€2.02m|€1.48m|+€540k
9.900 Seats|Stadion U Nisy|41|€155k|€1.00m|€1.70m|€155k|+€1.55m
18.221 Seats|AGC Aréna|39|Free transfer|€900k|€900k|0|+€900k
8.000 Seats|Městský fotbalový stadion Miroslava Valenty|34|Free transfer|Free transfer|0|0|0
33.130 Seats|Stadion Miejski im. Henryka Reymana|34|€450k|€200k|€250k|€550k|€-300k
30.967 Seats|Stadion Miejski im. Marszałka Józefa Piłsudskiego|0|€70k|€500k|0|0|0
42.837 Seats|Stadion Poznań|30|€430k|€3.20m|€3.50m|€1.40m|+€2.10m
15.500 Seats|Suzuki Arena|37|€50k|€60k|€60k|€163k|€-103k
42.771 Seats|Stadion Miejski|29|€200k|€75k|€75k|€200k|€-125k
22.432 Seats|Stadion Miejski|37|€200k|€60k|€70k|€475k|€-405k
43.615 Seats|Stadion Energa Gdańsk|29|€200k|€20k|€20k|€350k|€-330k
30.967 Seats|Stadion Miejski im. Marszałka Józefa Piłsudskiego|35|€800k|€250k|€620k|€2.72m|€-2.10m
33.130 Seats|Stadion Miejski im. Henryka Reymana|38|€675k|€3.80m|€8.33m|€2.21m|+€6.12m
42.837 Seats|Stadion Poznań|34|€1.00m|€4.75m|€5.33m|€2.98m|+€2.35m
15.500 Seats|Suzuki Arena|34|€150k|€250k|€425k|€285k|+€140k
42.771 Seats|Stadion Miejski|30|€275k|€75k|€75k|€380k|€-305k
22.432 Seats|Stadion Miejski|34|€350k|€900k|€1.28m|€783k|+€498k
43.615 Seats|Stadion Energa Gdańsk|28|€215k|€140k|€330k|€590k|€-260k
30.967 Seats|Stadion Miejski im. Marszałka Józefa Piłsudskiego|37|€50k|€3.20m|€6.11m|€50k|+€6.06m
42.837 Seats|Stadion Poznań|29|€350k|€200k|€370k|€350k|+€20k
33.130 Seats|Stadion Miejski im. Henryka Reymana|31|€650k|€80k|€115k|€1.10m|€-985k
42.771 Seats|Stadion Miejski|31|€300k|Free transfer|0|€800k|€-800k
22.432 Seats|Stadion Miejski|37|€280k|€1.90m|€2.19m|€650k|+€1.54m
43.615 Seats|Stadion Energa Gdańsk|34|€70k|€20k|€20k|€270k|€-250k
15.500 Seats|Suzuki Arena|36|€25k|€120k|€120k|€45k|+€75k
33.130 Seats|Stadion Miejski im. Henryka Reymana|33|€40k|€800k|€1.80m|€42k|+€1.76m
42.771 Seats|Stadion Miejski|34|Free transfer|Free transfer|0|0|0
30.967 Seats|Stadion Miejski im. Marszałka Józefa Piłsudskiego|33|€100k|€2.70m|€2.70m|€210k|+€2.49m
42.837 Seats|Stadion Poznań|33|€410k|€3.50m|€4.13m|€945k|+€3.18m
43.615 Seats|Stadion Energa Gdańsk|41|€100k|€500k|€500k|€110k|+€390k
15.500 Seats|Suzuki Arena|38|€10k|€13k|€13k|€13k|0
22.432 Seats|Stadion Miejski|36|€200k|€1.00m|€1.60m|€260k|+€1.34m
30.967 Seats|Stadion Miejski im. Marszałka Józefa Piłsudskiego|42|€500k|€2.65m|€5.33m|€1.64m|+€3.69m
42.837 Seats|Stadion Poznań|34|€100k|€3.20m|€3.43m|€100k|+€3.33m
42.771 Seats|Stadion Miejski|36|€26k|€1.00m|€1.00m|€26k|+€974k
33.130 Seats|Stadion Miejski im. Henryka Reymana|38|Free transfer|€150k|€180k|0|+€180k
22.432 Seats|Stadion Miejski|43|€50k|€500k|€580k|€50k|+€530k
15.500 Seats|Suzuki Arena|43|€100k|€50k|€55k|€115k|€-60k
43.615 Seats|Stadion Energa Gdańsk|39|€200k|€400k|€755k|€230k|+€525k
30.967 Seats|Stadion Miejski im. Marszałka Józefa Piłsudskiego|39|€800k|€2.25m|€5.18m|€1.61m|+€3.57m
42.837 Seats|Stadion Poznań|33|€600k|€4.00m|€4.00m|€1.60m|+€2.40m
43.615 Seats|Stadion Energa Gdańsk|40|€800k|€2.50m|€2.58m|€2.90m|€-320k
33.130 Seats|Stadion Miejski im. Henryka Reymana|32|€75k|€1.40m|€1.40m|€75k|+€1.33m
15.500 Seats|Suzuki Arena|35|Free transfer|€2k|€2k|0|+€2k
42.771 Seats|Stadion Miejski|31|€5k|€370k|€370k|€7k|+€364k
22.432 Seats|Stadion Miejski|43|€75k|€700k|€950k|€127k|+€823k
30.967 Seats|Stadion Miejski im. Marszałka Józefa Piłsudskiego|36|€800k|€1.50m|€2.75m|€2.93m|€-175k
42.837 Seats|Stadion Poznań|35|€500k|€200k|€210k|€1.70m|€-1.49m
43.615 Seats|Stadion Energa Gdańsk|37|€500k|€800k|€1.10m|€910k|+€190k
22.432 Seats|Stadion Miejski|41|€250k|€1.00m|€2.70m|€693k|+€2.01m
33.130 Seats|Stadion Miejski im. Henryka Reymana|36|€400k|€75k|€110k|€475k|€-365k
42.771 Seats|Stadion Miejski|31|Free transfer|€300k|€400k|0|+€400k
15.500 Seats|Suzuki Arena|43|Free transfer|€13k|€13k|0|+€13k
30.967 Seats|Stadion Miejski im. Marszałka Józefa Piłsudskiego|48|€1.00m|€4.20m|€14.80m|€4.32m|+€10.48m
43.615 Seats|Stadion Energa Gdańsk|40|€500k|€50k|€75k|€550k|€-475k
42.837 Seats|Stadion Poznań|39|€300k|€3.20m|€6.07m|€300k|+€5.77m
33.130 Seats|Stadion Miejski im. Henryka Reymana|37|Free transfer|€1.00m|€1.80m|0|+€1.80m
22.432 Seats|Stadion Miejski|37|€300k|€2.50m|€2.50m|€350k|+€2.15m
42.771 Seats|Stadion Miejski|31|Free transfer|Free transfer|0|0|0
15.500 Seats|Suzuki Arena|44|Free transfer|Free transfer|0|0|0
30.967 Seats|Stadion Miejski im. Marszałka Józefa Piłsudskiego|48|€750k|€2.50m|€4.95m|€3.10m|+€1.85m
43.615 Seats|Stadion Energa Gdańsk|40|Free transfer|€2.60m|€3.07m|0|+€3.07m
42.837 Seats|Stadion Poznań|34|€650k|€6.00m|€12.49m|€1.28m|+€11.21m
22.432 Seats|Stadion Miejski|37|€600k|€1.50m|€2.16m|€1.26m|+€900k
33.130 Seats|Stadion Miejski im. Henryka Reymana|40|Free transfer|€2.20m|€2.60m|0|+€2.60m
42.771 Seats|Stadion Miejski|35|€75k|€275k|€275k|€165k|+€110k
15.500 Seats|Suzuki Arena|37|€50k|€100k|€100k|€50k|+€50k
30.967 Seats|Stadion Miejski im. Marszałka Józefa Piłsudskiego|44|€500k|€275k|€275k|€1.93m|€-1.65m
42.837 Seats|Stadion Poznań|41|€1.00m|€800k|€1.25m|€1.43m|€-175k
22.432 Seats|Stadion Miejski|45|€550k|€2.00m|€3.86m|€1.11m|+€2.75m
33.130 Seats|Stadion Miejski im. Henryka Reymana|45|€125k|€550k|€1.11m|€178k|+€935k
43.615 Seats|Stadion Energa Gdańsk|36|Free transfer|€500k|€500k|0|+€500k
42.771 Seats|Stadion Miejski|37|€90k|€300k|€300k|€203k|+€98k
15.500 Seats|Suzuki Arena|37|€40k|€100k|€175k|€40k|+€135k
23.500 Seats|Dr. Constantin Rădulescu|34|€1.00m|€6.50m|€8.90m|€1.28m|+€7.62m
15.032 Seats|Dinamo|34|€150k|€600k|€2.20m|€150k|+€2.05m
23.500 Seats|Dr. Constantin Rădulescu|41|€900k|€6.00m|€11.70m|€3.53m|+€8.17m
15.032 Seats|Dinamo|41|€250k|€2.00m|€5.45m|€750k|+€4.70m
23.500 Seats|Dr. Constantin Rădulescu|34|€300k|€1.00m|€2.00m|€530k|+€1.47m
15.032 Seats|Dinamo|35|€700k|€5.00m|€5.74m|€2.05m|+€3.69m
23.500 Seats|Dr. Constantin Rădulescu|38|€800k|€3.50m|€9.70m|€2.00m|+€7.70m
15.032 Seats|Dinamo|36|€150k|€1.00m|€2.15m|€250k|+€1.90m
23.500 Seats|Dr. Constantin Rădulescu|43|€1.00m|€200k|€300k|€1.54m|€-1.24m
15.032 Seats|Dinamo|47|€1.10m|€1.60m|€2.10m|€1.30m|+€805k
15.032 Seats|Dinamo|47|€25k|€1.00m|€1.00m|€25k|+€975k
23.500 Seats|Dr. Constantin Rădulescu|46|€100k|€1.00m|€1.85m|€130k|+€1.72m
15.032 Seats|Dinamo|43|€180k|€200k|€450k|€215k|+€235k
23.500 Seats|Dr. Constantin Rădulescu|32|Free transfer|€500k|€1.00m|0|+€1.00m
15.032 Seats|Dinamo|39|€30k|€2.20m|€3.70m|€30k|+€3.67m
23.500 Seats|Dr. Constantin Rădulescu|37|Free transfer|€500k|€1.30m|0|+€1.30m
15.032 Seats|Dinamo|43|€50k|€700k|€2.65m|€50k|+€2.60m
23.500 Seats|Dr. Constantin Rădulescu|37|€1.00m|Free transfer|0|€2.80m|€-2.80m
23.500 Seats|Dr. Constantin Rădulescu|38|€20k|€2.50m|€2.50m|€20k|+€2.48m
15.032 Seats|Dinamo|54|€50k|€500k|€560k|€50k|+€510k
69.618 Seats|Olympiako Stadio Athinas Spyros Louis|32|€8.00m|€1.50m|€3.95m|€16.15m|€-12.20m
32.115 Seats|Stadio Georgios Karaiskakis|35|€3.00m|€5.00m|€5.00m|€7.80m|€-2.80m
28.703 Seats|Toumba Stadium|33|€1.80m|€150k|€150k|€2.80m|€-2.65m
11.700 Seats|Stadio Neas Smyrnis|39|€150k|€860k|€940k|€735k|+€205k
7.423 Seats|Gipedo Theodoros Kolokotronis|29|€500k|Free transfer|0|€950k|€-950k
9.050 Seats|Stadio Peristeriou|30|€250k|€200k|€200k|€590k|€-390k
32.115 Seats|Stadio Georgios Karaiskakis|38|€6.00m|€2.00m|€5.00m|€13.60m|€-8.60m
69.618 Seats|Olympiako Stadio Athinas Spyros Louis|36|€915k|€700k|€1.92m|€1.99m|€-75k
28.703 Seats|Toumba Stadium|39|€250k|Free transfer|0|€810k|€-810k
11.700 Seats|Stadio Neas Smyrnis|36|€120k|€1.20m|€1.59m|€120k|+€1.47m
7.423 Seats|Gipedo Theodoros Kolokotronis|38|€45k|€400k|€570k|€45k|+€525k
9.050 Seats|Stadio Peristeriou|29|Free transfer|€150k|€335k|0|+€335k
32.115 Seats|Stadio Georgios Karaiskakis|40|€3.00m|€3.00m|€3.00m|€12.16m|€-9.16m
69.618 Seats|Olympiako Stadio Athinas Spyros Louis|36|€500k|€5.80m|€7.95m|€1.08m|+€6.87m
28.703 Seats|Toumba Stadium|45|€400k|€4.00m|€4.49m|€400k|+€4.09m
11.700 Seats|Stadio Neas Smyrnis|49|Free transfer|€350k|€705k|0|+€705k
9.050 Seats|Stadio Peristeriou|28|Free transfer|€500k|€500k|0|+€500k
7.423 Seats|Gipedo Theodoros Kolokotronis|37|Free transfer|€250k|€250k|0|+€250k
32.115 Seats|Stadio Georgios Karaiskakis|33|€2.70m|€7.65m|€8.10m|€5.00m|+€3.11m
69.618 Seats|Olympiako Stadio Athinas Spyros Louis|39|€150k|Free transfer|0|€290k|€-290k
28.703 Seats|Toumba Stadium|36|€220k|€1.50m|€1.95m|€220k|+€1.73m
9.050 Seats|Stadio Peristeriou|31|Free transfer|€220k|€220k|0|+€220k
7.423 Seats|Gipedo Theodoros Kolokotronis|37|€24k|Free transfer|0|€24k|€-24k
11.700 Seats|Stadio Neas Smyrnis|37|Free transfer|€350k|€690k|0|+€690k
32.115 Seats|Stadio Georgios Karaiskakis|38|€2.50m|€15.20m|€33.62m|€9.04m|+€24.58m
28.703 Seats|Toumba Stadium|52|€1.00m|€100k|€100k|€2.80m|€-2.70m
7.423 Seats|Gipedo Theodoros Kolokotronis|44|Free transfer|€800k|€800k|0|+€800k
69.618 Seats|Olympiako Stadio Athinas Spyros Louis|33|€200k|€3.00m|€4.99m|€260k|+€4.73m
9.050 Seats|Stadio Peristeriou|31|Free transfer|€350k|€950k|0|+€950k
11.700 Seats|Stadio Neas Smyrnis|32|Free transfer|€750k|€750k|0|+€750k
32.115 Seats|Stadio Georgios Karaiskakis|41|€6.00m|€15.00m|€28.50m|€25.88m|+€2.62m
28.703 Seats|Toumba Stadium|33|€450k|€300k|€300k|€770k|€-470k
69.618 Seats|Olympiako Stadio Athinas Spyros Louis|33|€50k|€2.25m|€2.25m|€50k|+€2.20m
7.423 Seats|Gipedo Theodoros Kolokotronis|41|Free transfer|€1.20m|€1.20m|0|+€1.20m
9.050 Seats|Stadio Peristeriou|32|Free transfer|€600k|€650k|0|+€650k
11.700 Seats|Stadio Neas Smyrnis|37|Free transfer|€500k|€500k|0|+€500k
32.115 Seats|Stadio Georgios Karaiskakis|40|€5.42m|€2.50m|€4.88m|€20.52m|€-15.64m
69.618 Seats|Olympiako Stadio Athinas Spyros Louis|42|€600k|€2.50m|€2.50m|€2.85m|€-350k
28.703 Seats|Toumba Stadium|50|€1.30m|€1.50m|€3.00m|€7.19m|€-4.19m
7.423 Seats|Gipedo Theodoros Kolokotronis|37|€140k|€2.50m|€4.00m|€140k|+€3.86m
9.050 Seats|Stadio Peristeriou|31|€200k|€480k|€880k|€330k|+€550k
11.700 Seats|Stadio Neas Smyrnis|31|Free transfer|€550k|€1.40m|0|+€1.40m
32.115 Seats|Stadio Georgios Karaiskakis|54|€3.00m|€15.10m|€53.25m|€13.35m|+€39.90m
28.703 Seats|Toumba Stadium|51|€2.90m|€5.30m|€9.50m|€6.55m|+€2.95m
69.618 Seats|Olympiako Stadio Athinas Spyros Louis|44|€625k|€250k|€580k|€2.58m|€-2.00m
7.423 Seats|Gipedo Theodoros Kolokotronis|39|€180k|€500k|€500k|€330k|+€170k
9.050 Seats|Stadio Peristeriou|34|Free transfer|€600k|€600k|0|+€600k
11.700 Seats|Stadio Neas Smyrnis|37|Free transfer|€400k|€850k|0|+€850k
32.115 Seats|Stadio Georgios Karaiskakis|43|€7.10m|€17.50m|€23.05m|€21.40m|+€1.65m
28.703 Seats|Toumba Stadium|40|€1.50m|€2.50m|€2.50m|€7.30m|€-4.80m
69.618 Seats|Olympiako Stadio Athinas Spyros Louis|41|€1.30m|€3.30m|€4.65m|€1.72m|+€2.93m
7.423 Seats|Gipedo Theodoros Kolokotronis|38|Free transfer|€980k|€980k|0|+€980k
11.700 Seats|Stadio Neas Smyrnis|33|Free transfer|€600k|€800k|0|+€800k
9.050 Seats|Stadio Peristeriou|31|Free transfer|€900k|€1.70m|0|+€1.70m
32.115 Seats|Stadio Georgios Karaiskakis|57|€7.00m|€3.00m|€10.80m|€16.23m|€-5.43m
28.703 Seats|Toumba Stadium|54|€4.00m|€10.00m|€11.20m|€10.30m|+€900k
9.050 Seats|Stadio Peristeriou|36|Free transfer|€200k|€200k|0|+€200k
69.618 Seats|Olympiako Stadio Athinas Spyros Louis|42|Free transfer|€2.40m|€2.40m|0|+€2.40m
11.700 Seats|Stadio Neas Smyrnis|35|Free transfer|€400k|€400k|0|+€400k
7.423 Seats|Gipedo Theodoros Kolokotronis|41|Free transfer|€850k|€1.63m|0|+€1.63m
33.500 Seats|Teddy-Kollek-Stadion|25|Free transfer|€150k|€163k|0|+€163k
29.150 Seats|Bloomfield|25|Free transfer|€300k|€300k|0|+€300k
30.820 Seats|Sammy Ofer Stadium|27|€500k|€40k|€74k|€2.02m|€-1.95m
8.500 Seats|Doha Stadium|36|€120k|€500k|€500k|€175k|+€325k
16.126 Seats|Toto Jacob Turner Stadium|30|€250k|Free transfer|0|€250k|€-250k
30.820 Seats|Sammy Ofer Stadium|28|€14k|Free transfer|0|€14k|€-14k
29.150 Seats|Bloomfield|34|€2.00m|€1.00m|€1.00m|€5.06m|€-4.06m
30.820 Seats|Sammy Ofer Stadium|27|€1.00m|€1.80m|€4.15m|€2.23m|+€1.93m
33.500 Seats|Teddy-Kollek-Stadion|31|Free transfer|€1.45m|€2.90m|0|+€2.90m
8.500 Seats|Doha Stadium|30|Free transfer|Free transfer|0|0|0
16.126 Seats|Toto Jacob Turner Stadium|35|€115k|€675k|€675k|€115k|+€560k
30.820 Seats|Sammy Ofer Stadium|23|Free transfer|Free transfer|0|0|0
30.820 Seats|Sammy Ofer Stadium|35|€1.00m|€2.50m|€3.05m|€4.65m|€-1.60m
29.150 Seats|Bloomfield|33|€250k|€500k|€600k|€810k|€-210k
30.820 Seats|Sammy Ofer Stadium|32|€37k|€35k|€35k|€37k|€-2k
33.500 Seats|Teddy-Kollek-Stadion|31|Free transfer|€800k|€1.00m|0|+€1.00m
16.126 Seats|Toto Jacob Turner Stadium|34|Free transfer|Free transfer|0|0|0
8.500 Seats|Doha Stadium|28|Free transfer|Free transfer|0|0|0
29.150 Seats|Bloomfield|31|€450k|€2.00m|€2.40m|€1.40m|+€1.01m
30.820 Seats|Sammy Ofer Stadium|32|€800k|Free transfer|0|€2.18m|€-2.18m
33.500 Seats|Teddy-Kollek-Stadion|30|Free transfer|€250k|€250k|0|+€250k
30.820 Seats|Sammy Ofer Stadium|33|Free transfer|€67k|€67k|0|+€67k
16.126 Seats|Toto Jacob Turner Stadium|33|€205k|Free transfer|0|€205k|€-205k
8.500 Seats|Doha Stadium|33|Free transfer|€300k|€320k|0|+€320k
29.150 Seats|Bloomfield|26|€1.13m|€1.50m|€2.32m|€1.63m|+€690k
30.820 Seats|Sammy Ofer Stadium|38|€800k|Free transfer|0|€2.00m|€-2.00m
33.500 Seats|Teddy-Kollek-Stadion|38|€175k|€500k|€500k|€290k|+€210k
16.126 Seats|Toto Jacob Turner Stadium|30|€165k|Free transfer|0|€235k|€-235k
8.500 Seats|Doha Stadium|37|Free transfer|Free transfer|0|0|0
30.820 Seats|Sammy Ofer Stadium|32|Free transfer|€200k|€465k|0|+€465k
30.820 Seats|Sammy Ofer Stadium|33|€155k|€450k|€700k|€155k|+€545k
29.150 Seats|Bloomfield|29|€700k|Free transfer|0|€2.00m|€-2.00m
33.500 Seats|Teddy-Kollek-Stadion|34|€300k|Free transfer|0|€610k|€-610k
16.126 Seats|Toto Jacob Turner Stadium|30|€200k|€250k|€250k|€530k|€-280k
30.820 Seats|Sammy Ofer Stadium|36|Free transfer|€165k|€320k|0|+€320k
8.500 Seats|Doha Stadium|39|€100k|Free transfer|0|€100k|€-100k
29.150 Seats|Bloomfield|31|€3.00m|€1.00m|€1.40m|€4.50m|€-3.10m
30.820 Seats|Sammy Ofer Stadium|35|€300k|€500k|€500k|€720k|€-220k
33.500 Seats|Teddy-Kollek-Stadion|32|€100k|€600k|€1.37m|€140k|+€1.23m
16.126 Seats|Toto Jacob Turner Stadium|28|€450k|Free transfer|0|€1.12m|€-1.12m
30.820 Seats|Sammy Ofer Stadium|31|€175k|Free transfer|0|€175k|€-175k
8.500 Seats|Doha Stadium|29|Free transfer|Free transfer|0|0|0
29.150 Seats|Bloomfield|33|€3.50m|€7.23m|€7.83m|€6.92m|+€908k
30.820 Seats|Sammy Ofer Stadium|40|€1.10m|€1.20m|€1.45m|€4.30m|€-2.85m
33.500 Seats|Teddy-Kollek-Stadion|34|€500k|€750k|€1.45m|€590k|+€860k
16.126 Seats|Toto Jacob Turner Stadium|34|€1.00m|€1.00m|€1.00m|€2.48m|€-1.48m
30.820 Seats|Sammy Ofer Stadium|30|Free transfer|€88k|€123k|0|+€123k
8.500 Seats|Doha Stadium|29|€250k|Free transfer|0|€250k|€-250k
29.150 Seats|Bloomfield|36|€1.00m|€2.90m|€2.90m|€1.82m|+€1.08m
30.820 Seats|Sammy Ofer Stadium|28|€500k|€650k|€850k|€1.20m|€-350k
16.126 Seats|Toto Jacob Turner Stadium|34|€1.20m|€250k|€275k|€3.87m|€-3.60m
33.500 Seats|Teddy-Kollek-Stadion|34|€500k|Free transfer|0|€500k|€-500k
30.820 Seats|Sammy Ofer Stadium|26|Free transfer|€80k|€90k|0|+€90k
8.500 Seats|Doha Stadium|32|Free transfer|Free transfer|0|0|0
16.126 Seats|Toto Jacob Turner Stadium|42|€2.00m|€4.37m|€5.47m|€4.56m|+€910k
29.150 Seats|Bloomfield|31|€200k|€2.50m|€2.71m|€200k|+€2.51m
30.820 Seats|Sammy Ofer Stadium|29|€1.40m|€500k|€700k|€1.82m|€-1.12m
33.500 Seats|Teddy-Kollek-Stadion|41|€1.00m|€300k|€580k|€1.95m|€-1.37m
8.500 Seats|Doha Stadium|31|Free transfer|€35k|€35k|0|+€35k
30.820 Seats|Sammy Ofer Stadium|29|€120k|€420k|€520k|€200k|+€320k
29.200 Seats|Georgi Asparuhov Stadium|40|€150k|€400k|€1.30m|€225k|+€1.08m
25.556 Seats|Slavia Stadium|35|€50k|€150k|€180k|€50k|+€130k
13.000 Seats|Lokomotiv|38|€50k|€40k|€40k|€51k|€-11k
12.500 Seats|Stadion Ticha|35|€50k|€20k|€20k|€80k|€-60k
12.128 Seats|Stadion Beroe|39|Free transfer|€30k|€30k|0|+€30k
29.200 Seats|Georgi Asparuhov Stadium|39|€240k|€1.00m|€2.10m|€785k|+€1.32m
25.556 Seats|Slavia Stadium|43|€50k|€600k|€1.36m|€50k|+€1.31m
13.000 Seats|Lokomotiv|35|€50k|€200k|€350k|€50k|+€300k
12.500 Seats|Stadion Ticha|32|Free transfer|€240k|€240k|0|+€240k
12.128 Seats|Stadion Beroe|40|€10k|€100k|€100k|€10k|+€90k
29.200 Seats|Georgi Asparuhov Stadium|35|€375k|€2.20m|€2.59m|€885k|+€1.71m
25.556 Seats|Slavia Stadium|39|€70k|€80k|€80k|€180k|€-100k
12.128 Seats|Stadion Beroe|47|€35k|€90k|€170k|€51k|+€119k
13.000 Seats|Lokomotiv|35|Free transfer|€200k|€200k|0|+€200k
12.500 Seats|Stadion Ticha|40|Free transfer|€50k|€50k|0|+€50k
25.556 Seats|Slavia Stadium|39|Free transfer|€50k|€50k|0|+€50k
29.200 Seats|Georgi Asparuhov Stadium|37|€400k|€150k|€195k|€1.25m|€-1.06m
13.000 Seats|Lokomotiv|51|€50k|€350k|€350k|€50k|+€300k
12.128 Seats|Stadion Beroe|36|Free transfer|€35k|€60k|0|+€60k
12.500 Seats|Stadion Ticha|30|€120k|€25k|€25k|€120k|€-95k
29.200 Seats|Georgi Asparuhov Stadium|48|€250k|€600k|€1.45m|€585k|+€865k
12.128 Seats|Stadion Beroe|36|Free transfer|€70k|€105k|0|+€105k
13.000 Seats|Lokomotiv|50|Free transfer|€200k|€300k|0|+€300k
25.556 Seats|Slavia Stadium|42|Free transfer|€1.00m|€1.40m|0|+€1.40m
12.500 Seats|Stadion Ticha|31|Free transfer|€100k|€100k|0|+€100k
29.200 Seats|Georgi Asparuhov Stadium|38|€50k|Free transfer|0|€50k|€-50k
12.128 Seats|Stadion Beroe|30|Free transfer|€80k|€80k|0|+€80k
25.556 Seats|Slavia Stadium|39|Free transfer|Free transfer|0|0|0
12.500 Seats|Stadion Ticha|43|Free transfer|Free transfer|0|0|0
13.000 Seats|Lokomotiv|39|Free transfer|Free transfer|0|0|0
29.200 Seats|Georgi Asparuhov Stadium|36|€200k|Free transfer|0|€420k|€-420k
12.128 Seats|Stadion Beroe|38|Free transfer|€5k|€5k|0|+€5k
12.500 Seats|Stadion Ticha|34|Free transfer|€100k|€100k|0|+€100k
13.000 Seats|Lokomotiv|41|Free transfer|Free transfer|0|0|0
25.556 Seats|Slavia Stadium|38|Free transfer|€150k|€150k|0|+€150k
29.200 Seats|Georgi Asparuhov Stadium|54|€170k|Free transfer|0|€245k|€-245k
12.128 Seats|Stadion Beroe|52|Free transfer|Free transfer|0|0|0
12.500 Seats|Stadion Ticha|49|Free transfer|€200k|€200k|0|+€200k
13.000 Seats|Lokomotiv|45|Free transfer|€100k|€100k|0|+€100k
25.556 Seats|Slavia Stadium|39|Free transfer|Free transfer|0|0|0
29.200 Seats|Georgi Asparuhov Stadium|40|€200k|€550k|€1.59m|€300k|+€1.29m
12.500 Seats|Stadion Ticha|39|Free transfer|Free transfer|0|0|0
12.128 Seats|Stadion Beroe|37|Free transfer|Free transfer|0|0|0
13.000 Seats|Lokomotiv|42|Free transfer|€300k|€300k|0|+€300k
25.556 Seats|Slavia Stadium|45|€50k|€1.70m|€3.20m|€50k|+€3.15m
29.200 Seats|Georgi Asparuhov Stadium|43|€500k|Free transfer|0|€1.05m|€-1.05m
12.128 Seats|Stadion Beroe|38|Free transfer|€300k|€910k|0|+€910k
25.556 Seats|Slavia Stadium|49|Free transfer|Free transfer|0|0|0
12.500 Seats|Stadion Ticha|41|Free transfer|Free transfer|0|0|0
13.000 Seats|Lokomotiv|45|Free transfer|Free transfer|0|0|0
38.065 Seats|Telia Parken|29|€400k|€540k|€540k|€400k|+€140k
28.000 Seats|Brøndby Stadion|31|€300k|€1.30m|€1.65m|€300k|+€1.35m
11.535 Seats|MCH Arena|35|€540k|€540k|€1.41m|€540k|+€870k
15.790 Seats|Nature Energy Park|29|€800k|€400k|€400k|€1.34m|€-940k
13.800 Seats|Aalborg Portland Park|30|€540k|€1.25m|€2.79m|€1.75m|+€1.04m
10.300 Seats|Right to Dream Park|34|€400k|€400k|€825k|€950k|€-125k
10.000 Seats|Sydbank Park|31|Free transfer|€540k|€540k|0|+€540k
38.065 Seats|Telia Parken|32|€1.35m|€700k|€1.37m|€4.02m|€-2.65m
15.790 Seats|Nature Energy Park|35|€200k|Free transfer|0|€200k|€-200k
28.000 Seats|Brøndby Stadion|31|Free transfer|€1.00m|€1.95m|0|+€1.95m
11.535 Seats|MCH Arena|33|€1.00m|€4.20m|€5.60m|€1.50m|+€4.10m
13.800 Seats|Aalborg Portland Park|34|Free transfer|€1.00m|€1.20m|0|+€1.20m
10.300 Seats|Right to Dream Park|37|Free transfer|€1.75m|€1.75m|0|+€1.75m
10.000 Seats|Sydbank Park|28|Free transfer|€1.35m|€1.76m|0|+€1.76m
38.065 Seats|Telia Parken|30|€2.40m|€3.50m|€4.30m|€5.20m|€-900k
28.000 Seats|Brøndby Stadion|36|€470k|€350k|€350k|€470k|€-120k
15.790 Seats|Nature Energy Park|29|€560k|€540k|€540k|€960k|€-420k
11.535 Seats|MCH Arena|35|Free transfer|€300k|€300k|0|+€300k
10.300 Seats|Right to Dream Park|34|€135k|Free transfer|0|€135k|€-135k
13.800 Seats|Aalborg Portland Park|29|Free transfer|€63k|€63k|0|+€63k
10.000 Seats|Sydbank Park|25|Free transfer|€200k|€200k|0|+€200k
38.065 Seats|Telia Parken|32|€1.00m|€5.00m|€9.90m|€2.80m|+€7.10m
28.000 Seats|Brøndby Stadion|32|€670k|€1.00m|€1.10m|€670k|+€430k
15.790 Seats|Nature Energy Park|30|€540k|€1.75m|€3.65m|€540k|+€3.11m
10.300 Seats|Right to Dream Park|46|€270k|€2.80m|€5.54m|€675k|+€4.86m
11.535 Seats|MCH Arena|36|€320k|€1.20m|€1.20m|€320k|+€880k
10.000 Seats|Sydbank Park|34|Free transfer|€670k|€945k|0|+€945k
13.800 Seats|Aalborg Portland Park|28|Free transfer|€1.40m|€1.40m|0|+€1.40m
38.065 Seats|Telia Parken|31|€3.50m|€8.70m|€13.48m|€5.55m|+€7.93m
28.000 Seats|Brøndby Stadion|33|€1.00m|€100k|€100k|€3.08m|€-2.98m
10.300 Seats|Right to Dream Park|38|€550k|€4.70m|€4.80m|€550k|+€4.25m
11.535 Seats|MCH Arena|38|€800k|€600k|€600k|€800k|€-200k
15.790 Seats|Nature Energy Park|33|Free transfer|Free transfer|0|0|0
13.800 Seats|Aalborg Portland Park|29|€100k|€1.50m|€1.80m|€170k|+€1.63m
10.000 Seats|Sydbank Park|34|Free transfer|€650k|€650k|0|+€650k
28.000 Seats|Brøndby Stadion|33|€4.00m|€2.30m|€2.30m|€7.62m|€-5.32m
38.065 Seats|Telia Parken|36|€2.00m|€3.00m|€4.35m|€7.70m|€-3.35m
11.535 Seats|MCH Arena|32|€1.00m|€500k|€500k|€2.90m|€-2.40m
15.790 Seats|Nature Energy Park|33|€100k|Free transfer|0|€100k|€-100k
10.300 Seats|Right to Dream Park|31|€500k|€750k|€1.42m|€500k|+€920k
13.800 Seats|Aalborg Portland Park|31|€150k|€600k|€600k|€150k|+€450k
10.000 Seats|Sydbank Park|32|Free transfer|Free transfer|0|0|0
38.065 Seats|Telia Parken|33|€3.10m|€6.60m|€7.12m|€6.80m|+€318k
28.000 Seats|Brøndby Stadion|37|€850k|€2.50m|€4.10m|€2.15m|+€1.95m
11.535 Seats|MCH Arena|44|€2.10m|€2.50m|€3.70m|€4.61m|€-910k
15.790 Seats|Nature Energy Park|34|€700k|€1.50m|€2.35m|€700k|+€1.65m
13.800 Seats|Aalborg Portland Park|30|Free transfer|€300k|€300k|0|+€300k
10.300 Seats|Right to Dream Park|35|€500k|€3.75m|€6.10m|€700k|+€5.40m
10.000 Seats|Sydbank Park|31|Free transfer|€550k|€550k|0|+€550k
38.065 Seats|Telia Parken|33|€3.00m|€3.50m|€6.00m|€8.80m|€-2.80m
11.535 Seats|MCH Arena|40|Free transfer|€6.00m|€10.30m|0|+€10.30m
28.000 Seats|Brøndby Stadion|39|€300k|€2.00m|€3.90m|€1.30m|+€2.61m
10.300 Seats|Right to Dream Park|38|€600k|€9.75m|€10.53m|€600k|+€9.93m
13.800 Seats|Aalborg Portland Park|30|€1.25m|€6.00m|€8.21m|€1.25m|+€6.96m
15.790 Seats|Nature Energy Park|27|€200k|€150k|€150k|€200k|€-50k
10.000 Seats|Sydbank Park|36|€80k|€350k|€350k|€80k|+€270k
38.065 Seats|Telia Parken|32|€2.70m|€4.95m|€17.34m|€10.10m|+€7.24m
28.000 Seats|Brøndby Stadion|29|€1.50m|€600k|€925k|€4.14m|€-3.21m
11.535 Seats|MCH Arena|36|€650k|€9.00m|€16.95m|€2.30m|+€14.65m
13.800 Seats|Aalborg Portland Park|34|€625k|€1.30m|€1.30m|€1.49m|€-190k
15.790 Seats|Nature Energy Park|31|Free transfer|€300k|€300k|0|+€300k
10.300 Seats|Right to Dream Park|36|€350k|€5.00m|€9.95m|€350k|+€9.60m
10.000 Seats|Sydbank Park|32|Free transfer|€200k|€200k|0|+€200k
38.065 Seats|Telia Parken|33|€2.70m|€9.00m|€19.85m|€6.93m|+€12.93m
28.000 Seats|Brøndby Stadion|0|€1.47m|€3.50m|0|0|0
11.535 Seats|MCH Arena|48|€2.50m|€8.00m|€21.35m|€9.59m|+€11.76m
13.800 Seats|Aalborg Portland Park|34|Free transfer|€1.15m|€1.15m|0|+€1.15m
15.790 Seats|Nature Energy Park|32|€350k|€2.00m|€2.00m|€600k|+€1.40m
10.300 Seats|Right to Dream Park|35|?|€5.00m|€7.60m|0|+€7.60m
10.000 Seats|Sydbank Park|35|Free transfer|€500k|€500k|0|+€500k
54.329 Seats|Friends Arena|33|€300k|€2.20m|€2.20m|€550k|+€1.65m
18.800 Seats|Gamla Ullevi|35|€700k|€2.50m|€2.95m|€1.40m|+€1.55m
16.894 Seats|Borås Arena|36|€1.00m|€370k|€370k|€1.00m|€-630k
12.182 Seats|Guldfågeln Arena|36|€105k|€3.00m|€3.60m|€105k|+€3.50m
24.000 Seats|Stadion|28|Free transfer|€750k|€750k|0|+€750k
32.000 Seats|Tele2 Arena|29|€300k|Free transfer|0|€500k|€-500k
8.000 Seats|Bravida Arena|28|Free transfer|Free transfer|0|0|0
18.800 Seats|Gamla Ullevi|34|Free transfer|€400k|€400k|0|+€400k
16.894 Seats|Borås Arena|33|€670k|€3.50m|€5.70m|€1.53m|+€4.17m
24.000 Seats|Stadion|30|Free transfer|Free transfer|0|0|0
54.329 Seats|Friends Arena|33|€100k|€400k|€700k|€245k|+€455k
12.182 Seats|Guldfågeln Arena|35|€20k|Free transfer|0|€20k|€-20k
32.000 Seats|Tele2 Arena|35|Free transfer|Free transfer|0|0|0
8.000 Seats|Bravida Arena|27|€500k|Free transfer|0|€500k|€-500k
24.000 Seats|Stadion|48|€1.50m|€500k|€500k|€1.50m|€-1.00m
18.800 Seats|Gamla Ullevi|33|€850k|€800k|€1.35m|€1.31m|+€37k
16.894 Seats|Borås Arena|41|Free transfer|€560k|€560k|0|+€560k
54.329 Seats|Friends Arena|32|Free transfer|€3.30m|€5.50m|0|+€5.50m
8.000 Seats|Bravida Arena|38|Free transfer|€1.50m|€2.50m|0|+€2.50m
32.000 Seats|Tele2 Arena|42|Free transfer|Free transfer|0|0|0
12.182 Seats|Guldfågeln Arena|33|Free transfer|€1.50m|€1.50m|0|+€1.50m
24.000 Seats|Stadion|36|€300k|€2.00m|€2.58m|€300k|+€2.28m
16.894 Seats|Borås Arena|40|€200k|€2.20m|€2.20m|€200k|+€2.00m
18.800 Seats|Gamla Ullevi|34|Free transfer|€1.50m|€1.82m|0|+€1.82m
54.329 Seats|Friends Arena|40|Free transfer|Free transfer|0|0|0
8.000 Seats|Bravida Arena|34|Free transfer|€2.90m|€2.90m|0|+€2.90m
12.182 Seats|Guldfågeln Arena|38|Free transfer|Free transfer|0|0|0
32.000 Seats|Tele2 Arena|34|€350k|€500k|€1.12m|€350k|+€770k
18.800 Seats|Gamla Ullevi|45|€650k|€1.75m|€2.75m|€1.25m|+€1.50m
24.000 Seats|Stadion|46|€150k|€4.00m|€4.19m|€150k|+€4.04m
16.894 Seats|Borås Arena|38|Free transfer|Free transfer|0|0|0
8.000 Seats|Bravida Arena|42|Free transfer|Free transfer|0|0|0
54.329 Seats|Friends Arena|36|Free transfer|Free transfer|0|0|0
32.000 Seats|Tele2 Arena|39|€200k|Free transfer|0|€200k|€-200k
12.182 Seats|Guldfågeln Arena|32|Free transfer|€400k|€415k|0|+€415k
24.000 Seats|Stadion|42|€350k|€3.70m|€10.78m|€570k|+€10.21m
12.182 Seats|Guldfågeln Arena|32|Free transfer|€1.50m|€1.50m|0|+€1.50m
18.800 Seats|Gamla Ullevi|38|€700k|€1.50m|€2.80m|€1.15m|+€1.66m
54.329 Seats|Friends Arena|40|Free transfer|€2.30m|€5.85m|0|+€5.85m
16.894 Seats|Borås Arena|31|Free transfer|€800k|€1.30m|0|+€1.30m
8.000 Seats|Bravida Arena|33|€100k|€450k|€450k|€100k|+€350k
32.000 Seats|Tele2 Arena|25|€175k|€1.80m|€4.25m|€175k|+€4.08m
24.000 Seats|Stadion|37|€732k|€1.70m|€3.35m|€1.16m|+€2.19m
18.800 Seats|Gamla Ullevi|37|Free transfer|€1.30m|€1.85m|0|+€1.85m
12.182 Seats|Guldfågeln Arena|34|Free transfer|Free transfer|0|0|0
16.894 Seats|Borås Arena|36|€400k|€1.95m|€2.45m|€400k|+€2.05m
54.329 Seats|Friends Arena|39|Free transfer|€910k|€2.26m|0|+€2.26m
32.000 Seats|Tele2 Arena|38|Free transfer|€1.10m|€1.10m|0|+€1.10m
8.000 Seats|Bravida Arena|34|Free transfer|€1.50m|€1.87m|0|+€1.87m
24.000 Seats|Stadion|37|€650k|€3.50m|€4.10m|€650k|+€3.45m
18.800 Seats|Gamla Ullevi|42|Free transfer|€1.60m|€3.23m|0|+€3.23m
54.329 Seats|Friends Arena|43|€1.00m|€8.60m|€10.10m|€1.15m|+€8.95m
12.182 Seats|Guldfågeln Arena|40|?|€2.40m|€2.40m|0|+€2.40m
8.000 Seats|Bravida Arena|42|€200k|€680k|€1.95m|€200k|+€1.75m
32.000 Seats|Tele2 Arena|34|€400k|€4.20m|€9.30m|€565k|+€8.74m
16.894 Seats|Borås Arena|30|Free transfer|€2.00m|€3.35m|0|+€3.35m
24.000 Seats|Stadion|45|€1.45m|€1.60m|€1.89m|€5.30m|€-3.42m
54.329 Seats|Friends Arena|45|€100k|€225k|€225k|€100k|+€125k
32.000 Seats|Tele2 Arena|38|Free transfer|€1.20m|€1.80m|0|+€1.80m
16.894 Seats|Borås Arena|32|Free transfer|Free transfer|0|0|0
8.000 Seats|Bravida Arena|39|Free transfer|€900k|€900k|0|+€900k
18.800 Seats|Gamla Ullevi|39|€171k|€3.90m|€4.00m|€171k|+€3.83m
12.182 Seats|Guldfågeln Arena|38|Free transfer|€1.00m|€1.75m|0|+€1.75m
24.000 Seats|Stadion|37|€500k|€4.50m|€5.50m|€1.00m|+€4.50m
54.329 Seats|Friends Arena|39|€300k|€4.50m|€5.10m|€300k|+€4.80m
32.000 Seats|Tele2 Arena|37|€400k|€3.00m|€6.52m|€850k|+€5.67m
8.000 Seats|Bravida Arena|36|Free transfer|€1.30m|€1.30m|0|+€1.30m
16.894 Seats|Borås Arena|35|€100k|€1.10m|€1.10m|€100k|+€1.00m
12.182 Seats|Guldfågeln Arena|39|Free transfer|Free transfer|0|0|0
18.800 Seats|Gamla Ullevi|34|€300k|€250k|€250k|€300k|€-50k
60.832 Seats|Celtic Park|46|€4.40m|€4.30m|€10.47m|€14.25m|€-3.79m
22.199 Seats|Pittodrie Stadium|40|Free transfer|€685k|€685k|0|+€685k
10.696 Seats|McDiarmid Park|36|€60k|Free transfer|0|€174k|€-174k
18.128 Seats|Rugby Park|30|Free transfer|Free transfer|0|0|0
13.750 Seats|Fir Park|37|Free transfer|€950k|€1.30m|0|+€1.30m
60.832 Seats|Celtic Park|42|€2.90m|€12.00m|€20.59m|€12.18m|+€8.41m
22.199 Seats|Pittodrie Stadium|39|Free transfer|Free transfer|0|0|0
10.696 Seats|McDiarmid Park|37|Free transfer|€12k|€12k|0|+€12k
13.750 Seats|Fir Park|33|Free transfer|€1.35m|€1.50m|0|+€1.50m
18.128 Seats|Rugby Park|37|€50k|€700k|€700k|€100k|+€600k
60.832 Seats|Celtic Park|47|€2.20m|€1.13m|€1.75m|€3.97m|€-2.22m
22.199 Seats|Pittodrie Stadium|37|€55k|€447k|€747k|€55k|+€692k
10.696 Seats|McDiarmid Park|43|Free transfer|Free transfer|0|0|0
18.128 Seats|Rugby Park|38|Free transfer|€510k|€510k|0|+€510k
13.750 Seats|Fir Park|28|Free transfer|Free transfer|0|0|0
60.832 Seats|Celtic Park|45|€2.50m|€7.00m|€7.32m|€2.98m|+€4.34m
10.696 Seats|McDiarmid Park|39|Free transfer|Free transfer|0|0|0
18.128 Seats|Rugby Park|41|Free transfer|€250k|€560k|0|+€560k
22.199 Seats|Pittodrie Stadium|34|Free transfer|€635k|€1.12m|0|+€1.12m
13.750 Seats|Fir Park|29|Free transfer|Free transfer|0|0|0
60.832 Seats|Celtic Park|42|€2.75m|€14.50m|€27.20m|€14.16m|+€13.04m
22.199 Seats|Pittodrie Stadium|31|Free transfer|Free transfer|0|0|0
10.696 Seats|McDiarmid Park|34|Free transfer|Free transfer|0|0|0
18.128 Seats|Rugby Park|38|Free transfer|Free transfer|0|0|0
13.750 Seats|Fir Park|30|Free transfer|€360k|€360k|0|+€360k
60.832 Seats|Celtic Park|43|€2.53m|€12.50m|€14.00m|€2.67m|+€11.33m
22.199 Seats|Pittodrie Stadium|36|€400k|Free transfer|0|€400k|€-400k
10.696 Seats|McDiarmid Park|33|Free transfer|€1.00m|€1.00m|0|+€1.00m
13.750 Seats|Fir Park|39|Free transfer|€350k|€350k|0|+€350k
18.128 Seats|Rugby Park|30|Free transfer|€200k|€200k|0|+€200k
60.832 Seats|Celtic Park|42|€7.50m|€15.70m|€19.18m|€15.10m|+€4.07m
22.199 Seats|Pittodrie Stadium|34|Free transfer|Free transfer|0|0|0
10.696 Seats|McDiarmid Park|34|Free transfer|Free transfer|0|0|0
18.128 Seats|Rugby Park|42|Free transfer|Free transfer|0|0|0
13.750 Seats|Fir Park|33|Free transfer|Free transfer|0|0|0
60.832 Seats|Celtic Park|47|€4.10m|€2.30m|€3.50m|€9.40m|€-5.90m
22.199 Seats|Pittodrie Stadium|34|Free transfer|Free transfer|0|0|0
10.696 Seats|McDiarmid Park|33|Free transfer|Free transfer|0|0|0
18.128 Seats|Rugby Park|45|Free transfer|€930k|€1.23m|0|+€1.23m
13.750 Seats|Fir Park|39|Free transfer|€760k|€880k|0|+€880k
60.832 Seats|Celtic Park|46|€5.00m|€1.40m|€1.52m|€12.05m|€-10.53m
22.199 Seats|Pittodrie Stadium|31|€450k|€1.47m|€1.80m|€672k|+€1.13m
18.128 Seats|Rugby Park|34|Free transfer|Free transfer|0|0|0
10.696 Seats|McDiarmid Park|36|Free transfer|Free transfer|0|0|0
13.750 Seats|Fir Park|39|€12k|€511k|€941k|€12k|+€930k
60.832 Seats|Celtic Park|46|€10.30m|€22.00m|€31.09m|€14.53m|+€16.56m
13.750 Seats|Fir Park|49|Free transfer|€1.10m|€1.10m|0|+€1.10m
22.199 Seats|Pittodrie Stadium|34|€265k|Free transfer|0|€265k|€-265k
18.128 Seats|Rugby Park|34|Free transfer|Free transfer|0|0|0
10.696 Seats|McDiarmid Park|42|Free transfer|Free transfer|0|0|0
10.770 Seats|Telia 5G Areena|35|Free transfer|€150k|€150k|0|+€150k
9.000 Seats|Veritas Stadion|37|Free transfer|Free transfer|0|0|0
4.000 Seats|Wiklöf Holding Arena|27|Free transfer|Free transfer|0|0|0
6.005 Seats|Elisa Stadion|25|Free transfer|Free transfer|0|0|0
4.700 Seats|Savon Sanomat Areena|29|Free transfer|Free transfer|0|0|0
10.770 Seats|Telia 5G Areena|42|Free transfer|€250k|€250k|0|+€250k
9.000 Seats|Veritas Stadion|34|Free transfer|Free transfer|0|0|0
4.700 Seats|Savon Sanomat Areena|30|Free transfer|Free transfer|0|0|0
6.005 Seats|Elisa Stadion|26|Free transfer|Free transfer|0|0|0
4.000 Seats|Wiklöf Holding Arena|32|Free transfer|Free transfer|0|0|0
10.770 Seats|Telia 5G Areena|43|€200k|€1.50m|€2.75m|€420k|+€2.33m
4.700 Seats|Savon Sanomat Areena|43|Free transfer|Free transfer|0|0|0
6.005 Seats|Elisa Stadion|31|Free transfer|€30k|€30k|0|+€30k
9.000 Seats|Veritas Stadion|27|Free transfer|Free transfer|0|0|0
4.000 Seats|Wiklöf Holding Arena|34|Free transfer|Free transfer|0|0|0
10.770 Seats|Telia 5G Areena|37|Free transfer|Free transfer|0|0|0
4.700 Seats|Savon Sanomat Areena|46|Free transfer|Free transfer|0|0|0
9.000 Seats|Veritas Stadion|40|Free transfer|Free transfer|0|0|0
4.000 Seats|Wiklöf Holding Arena|50|Free transfer|€500k|€500k|0|+€500k
6.005 Seats|Elisa Stadion|33|Free transfer|Free transfer|0|0|0
10.770 Seats|Telia 5G Areena|56|€250k|€500k|€950k|€250k|+€700k
9.000 Seats|Veritas Stadion|42|Free transfer|Free transfer|0|0|0
4.000 Seats|Wiklöf Holding Arena|41|Free transfer|Free transfer|0|0|0
6.005 Seats|Elisa Stadion|32|Free transfer|Free transfer|0|0|0
4.700 Seats|Savon Sanomat Areena|39|Free transfer|Free transfer|0|0|0
10.770 Seats|Telia 5G Areena|67|Free transfer|Free transfer|0|0|0
9.000 Seats|Veritas Stadion|38|Free transfer|Free transfer|0|0|0
6.005 Seats|Elisa Stadion|49|Free transfer|Free transfer|0|0|0
4.000 Seats|Wiklöf Holding Arena|35|Free transfer|Free transfer|0|0|0
4.700 Seats|Savon Sanomat Areena|41|Free transfer|Free transfer|0|0|0
10.770 Seats|Telia 5G Areena|51|Free transfer|€350k|€350k|0|+€350k
9.000 Seats|Veritas Stadion|40|Free transfer|Free transfer|0|0|0
6.005 Seats|Elisa Stadion|43|Free transfer|Free transfer|0|0|0
4.000 Seats|Wiklöf Holding Arena|22|Free transfer|Free transfer|0|0|0
4.700 Seats|Savon Sanomat Areena|34|Free transfer|Free transfer|0|0|0
10.770 Seats|Telia 5G Areena|47|€500k|Free transfer|0|€500k|€-500k
9.000 Seats|Veritas Stadion|35|Free transfer|Free transfer|0|0|0
4.000 Seats|Wiklöf Holding Arena|34|Free transfer|Free transfer|0|0|0
4.700 Seats|Savon Sanomat Areena|29|Free transfer|Free transfer|0|0|0
6.005 Seats|Elisa Stadion|23|Free transfer|Free transfer|0|0|0
10.770 Seats|Telia 5G Areena|44|€100k|€1.20m|€1.76m|€130k|+€1.63m
4.700 Seats|Savon Sanomat Areena|33|Free transfer|Free transfer|0|0|0
4.000 Seats|Wiklöf Holding Arena|39|Free transfer|Free transfer|0|0|0
6.005 Seats|Elisa Stadion|35|Free transfer|Free transfer|0|0|0
9.000 Seats|Veritas Stadion|32|Free transfer|Free transfer|0|0|0
10.770 Seats|Telia 5G Areena|47|Free transfer|Free transfer|0|0|0
4.700 Seats|Savon Sanomat Areena|35|Free transfer|€275k|€275k|0|+€275k
9.000 Seats|Veritas Stadion|29|Free transfer|Free transfer|0|0|0
6.005 Seats|Elisa Stadion|31|Free transfer|Free transfer|0|0|0
4.000 Seats|Wiklöf Holding Arena|25|Free transfer|Free transfer|0|0|0
21.510 Seats|Lerkendal Stadion|37|€450k|€3.50m|€6.65m|€635k|+€6.02m
1.400 Seats|Molde Idrettspark|31|€500k|€4.50m|€4.50m|€800k|+€3.70m
17.333 Seats|Intility Arena|34|Free transfer|€340k|€340k|0|+€340k
11.637 Seats|Åråsen stadion|30|€30k|€2.00m|€2.00m|€30k|+€1.97m
8.935 Seats|Marienlyst Stadion|29|Free transfer|Free transfer|0|0|0
8.983 Seats|Haugesund Stadion|23|Free transfer|Free transfer|0|0|0
21.510 Seats|Lerkendal Stadion|41|€1.07m|€2.00m|€4.05m|€1.47m|+€2.58m
1.400 Seats|Molde Idrettspark|40|€600k|Free transfer|0|€1.00m|€-1.00m
17.333 Seats|Intility Arena|28|Free transfer|€1.00m|€1.00m|0|+€1.00m
11.637 Seats|Åråsen stadion|30|Free transfer|Free transfer|0|0|0
8.935 Seats|Marienlyst Stadion|31|Free transfer|€1.50m|€1.50m|0|+€1.50m
8.983 Seats|Haugesund Stadion|29|Free transfer|Free transfer|0|0|0
21.510 Seats|Lerkendal Stadion|41|€1.00m|€2.60m|€3.10m|€3.17m|€-70k
11.637 Seats|Åråsen stadion|34|€200k|€2.30m|€3.15m|€200k|+€2.95m
17.333 Seats|Intility Arena|44|€200k|€1.20m|€1.20m|€330k|+€870k
1.400 Seats|Molde Idrettspark|32|€1.00m|€2.40m|€2.90m|€1.00m|+€1.90m
8.983 Seats|Haugesund Stadion|33|€100k|Free transfer|0|€100k|€-100k
8.935 Seats|Marienlyst Stadion|37|Free transfer|Free transfer|0|0|0
21.510 Seats|Lerkendal Stadion|39|€1.10m|€2.50m|€4.65m|€3.78m|+€875k
1.400 Seats|Molde Idrettspark|47|€500k|€3.50m|€5.20m|€975k|+€4.23m
17.333 Seats|Intility Arena|39|€500k|€2.80m|€3.40m|€1.15m|+€2.25m
8.935 Seats|Marienlyst Stadion|37|€275k|€2.20m|€2.20m|€275k|+€1.93m
11.637 Seats|Åråsen stadion|31|€300k|€3.00m|€3.50m|€300k|+€3.20m
8.983 Seats|Haugesund Stadion|31|Free transfer|€1.00m|€1.00m|0|+€1.00m
1.400 Seats|Molde Idrettspark|43|€2.00m|€3.00m|€4.20m|€2.63m|+€1.58m
21.510 Seats|Lerkendal Stadion|34|€800k|€3.00m|€3.00m|€1.30m|+€1.70m
8.935 Seats|Marienlyst Stadion|45|Free transfer|€2.41m|€2.76m|0|+€2.76m
8.983 Seats|Haugesund Stadion|28|Free transfer|€800k|€800k|0|+€800k
17.333 Seats|Intility Arena|32|€400k|€550k|€650k|€520k|+€130k
11.637 Seats|Åråsen stadion|29|€85k|€400k|€400k|€145k|+€255k
21.510 Seats|Lerkendal Stadion|41|Free transfer|€2.40m|€4.88m|0|+€4.88m
1.400 Seats|Molde Idrettspark|35|Free transfer|€1.20m|€1.45m|0|+€1.45m
8.935 Seats|Marienlyst Stadion|36|Free transfer|€2.80m|€3.40m|0|+€3.40m
8.983 Seats|Haugesund Stadion|37|Free transfer|Free transfer|0|0|0
17.333 Seats|Intility Arena|33|€450k|€2.25m|€2.25m|€450k|+€1.80m
11.637 Seats|Åråsen stadion|32|€150k|Free transfer|0|€150k|€-150k
21.510 Seats|Lerkendal Stadion|37|€400k|€3.20m|€5.75m|€750k|+€5.00m
1.400 Seats|Molde Idrettspark|43|Free transfer|€2.00m|€3.00m|0|+€3.00m
8.935 Seats|Marienlyst Stadion|41|€95k|€2.00m|€4.00m|€95k|+€3.91m
17.333 Seats|Intility Arena|33|Free transfer|€175k|€175k|0|+€175k
8.983 Seats|Haugesund Stadion|30|Free transfer|€750k|€750k|0|+€750k
11.637 Seats|Åråsen stadion|32|Free transfer|€400k|€400k|0|+€400k
21.510 Seats|Lerkendal Stadion|39|€800k|€2.25m|€3.48m|€800k|+€2.68m
8.935 Seats|Marienlyst Stadion|42|€350k|€750k|€1.35m|€350k|+€1.00m
1.400 Seats|Molde Idrettspark|36|€500k|€3.20m|€5.00m|€600k|+€4.40m
17.333 Seats|Intility Arena|35|€55k|€2.00m|€3.00m|€55k|+€2.95m
8.983 Seats|Haugesund Stadion|30|Free transfer|Free transfer|0|0|0
11.637 Seats|Åråsen stadion|30|Free transfer|€1.50m|€1.50m|0|+€1.50m
21.510 Seats|Lerkendal Stadion|40|€1.60m|€2.20m|€2.20m|€4.62m|€-2.42m
1.400 Seats|Molde Idrettspark|33|€260k|€2.00m|€2.75m|€260k|+€2.49m
8.935 Seats|Marienlyst Stadion|31|Free transfer|Free transfer|0|0|0
8.983 Seats|Haugesund Stadion|37|€250k|€700k|€700k|€350k|+€350k
17.333 Seats|Intility Arena|36|€100k|Free transfer|0|€100k|€-100k
11.637 Seats|Åråsen stadion|28|€200k|€900k|€900k|€200k|+€700k
21.510 Seats|Lerkendal Stadion|38|€1.10m|€1.40m|€2.44m|€2.00m|+€440k
1.400 Seats|Molde Idrettspark|44|€1.10m|€8.00m|€8.00m|€2.60m|+€5.40m
8.935 Seats|Marienlyst Stadion|43|Free transfer|€500k|€900k|0|+€900k
17.333 Seats|Intility Arena|35|Free transfer|€755k|€755k|0|+€755k
11.637 Seats|Åråsen stadion|33|Free transfer|Free transfer|0|0|0
8.983 Seats|Haugesund Stadion|32|Free transfer|€500k|€900k|0|+€900k
10.230 Seats|Antonis Papadopoulos|35|€250k|€250k|€300k|€525k|€-225k
22.859 Seats|GSP Stadium|31|€300k|Free transfer|0|€850k|€-850k
22.859 Seats|GSP Stadium|32|€200k|Free transfer|0|€500k|€-500k
13.331 Seats|Tsirion Stadion|35|€25k|€50k|€50k|€25k|+€25k
13.331 Seats|Tsirion Stadion|27|Free transfer|Free transfer|0|0|0
10.230 Seats|Antonis Papadopoulos|44|€180k|€50k|€50k|€480k|€-430k
22.859 Seats|GSP Stadium|29|Free transfer|Free transfer|0|0|0
13.331 Seats|Tsirion Stadion|42|Free transfer|€50k|€50k|0|+€50k
22.859 Seats|GSP Stadium|28|€700k|Free transfer|0|€873k|€-873k
13.331 Seats|Tsirion Stadion|31|€250k|€800k|€870k|€250k|+€620k
22.859 Seats|GSP Stadium|31|€250k|€300k|€300k|€340k|€-40k
10.230 Seats|Antonis Papadopoulos|37|€300k|Free transfer|0|€450k|€-450k
22.859 Seats|GSP Stadium|30|€230k|Free transfer|0|€380k|€-380k
13.331 Seats|Tsirion Stadion|30|€100k|Free transfer|0|€170k|€-170k
13.331 Seats|Tsirion Stadion|36|Free transfer|Free transfer|0|0|0
22.859 Seats|GSP Stadium|30|€235k|€2.20m|€3.20m|€235k|+€2.97m
10.230 Seats|Antonis Papadopoulos|32|€275k|€300k|€300k|€625k|€-325k
22.859 Seats|GSP Stadium|31|Free transfer|€275k|€275k|0|+€275k
13.331 Seats|Tsirion Stadion|30|Free transfer|Free transfer|0|0|0
13.331 Seats|Tsirion Stadion|38|Free transfer|€50k|€50k|0|+€50k
22.859 Seats|GSP Stadium|36|€225k|Free transfer|0|€415k|€-415k
13.331 Seats|Tsirion Stadion|32|Free transfer|€500k|€1.20m|0|+€1.20m
10.230 Seats|Antonis Papadopoulos|36|€20k|€1.70m|€1.70m|€20k|+€1.68m
13.331 Seats|Tsirion Stadion|31|€500k|Free transfer|0|€500k|€-500k
22.859 Seats|GSP Stadium|41|Free transfer|€200k|€200k|0|+€200k
22.859 Seats|GSP Stadium|36|€500k|Free transfer|0|€575k|€-575k
13.331 Seats|Tsirion Stadion|35|€400k|€1.90m|€1.90m|€400k|+€1.50m
22.859 Seats|GSP Stadium|39|Free transfer|Free transfer|0|0|0
10.230 Seats|Antonis Papadopoulos|30|Free transfer|Free transfer|0|0|0
13.331 Seats|Tsirion Stadion|39|Free transfer|Free transfer|0|0|0
22.859 Seats|GSP Stadium|39|€120k|Free transfer|0|€120k|€-120k
22.859 Seats|GSP Stadium|38|€200k|Free transfer|0|€200k|€-200k
13.331 Seats|Tsirion Stadion|36|€2.50m|€6.60m|€6.60m|€4.50m|+€2.10m
10.230 Seats|Antonis Papadopoulos|30|€200k|€350k|€500k|€400k|+€100k
13.331 Seats|Tsirion Stadion|35|€45k|€75k|€75k|€45k|+€30k
22.859 Seats|GSP Stadium|37|€250k|€3.00m|€3.60m|€370k|+€3.23m
13.331 Seats|Tsirion Stadion|46|Free transfer|Free transfer|0|0|0
22.859 Seats|GSP Stadium|40|Free transfer|€300k|€375k|0|+€375k
10.230 Seats|Antonis Papadopoulos|33|€100k|€600k|€1.15m|€125k|+€1.03m
13.331 Seats|Tsirion Stadion|36|Free transfer|€100k|€100k|0|+€100k
22.859 Seats|GSP Stadium|37|€2.00m|€2.50m|€2.50m|€2.20m|+€300k
13.331 Seats|Tsirion Stadion|39|€25k|€250k|€290k|€25k|+€265k
22.859 Seats|GSP Stadium|39|Free transfer|€100k|€100k|0|+€100k
10.230 Seats|Antonis Papadopoulos|29|Free transfer|€300k|€300k|0|+€300k
13.331 Seats|Tsirion Stadion|34|€40k|Free transfer|0|€40k|€-40k
22.859 Seats|GSP Stadium|43|€300k|€4.50m|€5.18m|€375k|+€4.81m
13.331 Seats|Tsirion Stadion|42|€600k|€450k|€450k|€600k|€-150k
22.859 Seats|GSP Stadium|41|€200k|Free transfer|0|€200k|€-200k
10.230 Seats|Antonis Papadopoulos|41|€600k|Free transfer|0|€725k|€-725k
13.331 Seats|Tsirion Stadion|40|€80k|Free transfer|0|€155k|€-155k
13.126 Seats|Borisov-Arena|34|€180k|€430k|€430k|€180k|+€250k
22.246 Seats|Dinamo|43|Free transfer|Free transfer|0|0|0
4.200 Seats|Stroitel|30|€21k|Free transfer|0|€21k|€-21k
3.000 Seats|Stadion FK Minsk|30|Free transfer|€750|€750|0|+€750
6.524 Seats|Torpedo|47|Free transfer|€60k|€60k|0|+€60k
8.479 Seats|"Tsentralny Sportivny Komplex ""Neman"""|40|Free transfer|€21k|€21k|0|+€21k
13.126 Seats|Borisov-Arena|41|€150k|€300k|€590k|€585k|+€5k
22.246 Seats|Dinamo|49|€95k|€390k|€1.12m|€215k|+€900k
3.000 Seats|Stadion FK Minsk|35|Free transfer|Free transfer|0|0|0
8.479 Seats|"Tsentralny Sportivny Komplex ""Neman"""|35|€50k|Free transfer|0|€50k|€-50k
4.200 Seats|Stroitel|29|€100k|€50k|€50k|€100k|€-50k
6.524 Seats|Torpedo|37|Free transfer|Free transfer|0|0|0
13.126 Seats|Borisov-Arena|44|€500k|€2.80m|€4.30m|€1.07m|+€3.24m
3.000 Seats|Stadion FK Minsk|51|Free transfer|Free transfer|0|0|0
22.246 Seats|Dinamo|45|€380k|€300k|€300k|€715k|€-415k
4.200 Seats|Stroitel|32|€40k|€450k|€450k|€80k|+€370k
8.479 Seats|"Tsentralny Sportivny Komplex ""Neman"""|35|Free transfer|Free transfer|0|0|0
6.524 Seats|Torpedo|40|€10k|Free transfer|0|€10k|€-10k
13.126 Seats|Borisov-Arena|41|€300k|€3.50m|€4.67m|€375k|+€4.30m
22.246 Seats|Dinamo|49|€190k|€1.20m|€1.20m|€435k|+€765k
6.524 Seats|Torpedo|48|Free transfer|€65k|€65k|0|+€65k
4.200 Seats|Stroitel|33|Free transfer|Free transfer|0|0|0
3.000 Seats|Stadion FK Minsk|41|Free transfer|Free transfer|0|0|0
8.479 Seats|"Tsentralny Sportivny Komplex ""Neman"""|36|Free transfer|Free transfer|0|0|0
13.126 Seats|Borisov-Arena|38|€80k|€435k|€1.02m|€191k|+€829k
22.246 Seats|Dinamo|38|€350k|€7k|€7k|€350k|€-343k
4.200 Seats|Stroitel|37|Free transfer|Free transfer|0|0|0
8.479 Seats|"Tsentralny Sportivny Komplex ""Neman"""|37|Free transfer|Free transfer|0|0|0
3.000 Seats|Stadion FK Minsk|43|Free transfer|Free transfer|0|0|0
6.524 Seats|Torpedo|34|Free transfer|Free transfer|0|0|0
13.126 Seats|Borisov-Arena|39|€35k|€1.00m|€1.00m|€35k|+€965k
22.246 Seats|Dinamo|41|€200k|Free transfer|0|€200k|€-200k
4.200 Seats|Stroitel|36|Free transfer|€250k|€250k|0|+€250k
8.479 Seats|"Tsentralny Sportivny Komplex ""Neman"""|41|Free transfer|€60k|€66k|0|+€66k
6.524 Seats|Torpedo|30|Free transfer|Free transfer|0|0|0
3.000 Seats|Stadion FK Minsk|35|Free transfer|Free transfer|0|0|0
13.126 Seats|Borisov-Arena|50|€1.00m|€1.50m|€1.95m|€1.25m|+€700k
22.246 Seats|Dinamo|49|€59k|€700k|€1.25m|€109k|+€1.14m
4.200 Seats|Stroitel|37|€19k|Free transfer|0|€19k|€-19k
6.524 Seats|Torpedo|48|Free transfer|Free transfer|0|0|0
3.000 Seats|Stadion FK Minsk|40|Free transfer|€50k|€50k|0|+€50k
8.479 Seats|"Tsentralny Sportivny Komplex ""Neman"""|39|Free transfer|Free transfer|0|0|0
13.126 Seats|Borisov-Arena|39|€370k|€500k|€528k|€436k|+€93k
22.246 Seats|Dinamo|43|Free transfer|Free transfer|0|0|0
4.200 Seats|Stroitel|40|€28k|€2k|€2k|€47k|€-45k
6.524 Seats|Torpedo|41|Free transfer|Free transfer|0|0|0
8.479 Seats|"Tsentralny Sportivny Komplex ""Neman"""|39|Free transfer|Free transfer|0|0|0
3.000 Seats|Stadion FK Minsk|35|Free transfer|Free transfer|0|0|0
13.126 Seats|Borisov-Arena|40|Free transfer|€100k|€100k|0|+€100k
22.246 Seats|Dinamo|50|Free transfer|Free transfer|0|0|0
4.200 Seats|Stroitel|40|€40k|Free transfer|0|€40k|€-40k
6.524 Seats|Torpedo|45|Free transfer|Free transfer|0|0|0
8.479 Seats|"Tsentralny Sportivny Komplex ""Neman"""|36|Free transfer|€232k|€232k|0|+€232k
3.000 Seats|Stadion FK Minsk|45|Free transfer|€40k|€40k|0|+€40k
13.126 Seats|Borisov-Arena|49|€250k|€1.30m|€1.30m|€626k|+€675k
22.246 Seats|Dinamo|54|Free transfer|Free transfer|0|0|0
4.200 Seats|Stroitel|48|€100k|Free transfer|0|€100k|€-100k
6.524 Seats|Torpedo|44|Free transfer|Free transfer|0|0|0
3.000 Seats|Stadion FK Minsk|45|Free transfer|€88k|€88k|0|+€88k
8.479 Seats|"Tsentralny Sportivny Komplex ""Neman"""|42|Free transfer|€88k|€88k|0|+€88k
22.500 Seats|Tehelné pole|33|€350k|€150k|€150k|€625k|€-475k
11.800 Seats|Pod Dubnom|35|€40k|€900k|€1.05m|€40k|+€1.01m
4.165 Seats|OMS Arena|40|Free transfer|Free transfer|0|0|0
19.200 Seats|City Aréna - Štadión Antona Malatinského|39|Free transfer|€100k|€100k|0|+€100k
5.000 Seats|Štadión pod Čebraťom|37|Free transfer|€100k|€170k|0|+€170k
22.500 Seats|Tehelné pole|34|Free transfer|€1.50m|€1.75m|0|+€1.75m
11.800 Seats|Pod Dubnom|36|€900k|€600k|€1.33m|€1.10m|+€225k
4.165 Seats|OMS Arena|31|Free transfer|Free transfer|0|0|0
19.200 Seats|City Aréna - Štadión Antona Malatinského|34|Free transfer|Free transfer|0|0|0
5.000 Seats|Štadión pod Čebraťom|30|Free transfer|€200k|€200k|0|+€200k
22.500 Seats|Tehelné pole|43|€400k|€630k|€930k|€400k|+€530k
19.200 Seats|City Aréna - Štadión Antona Malatinského|40|Free transfer|€250k|€250k|0|+€250k
11.800 Seats|Pod Dubnom|35|€60k|€150k|€220k|€120k|+€100k
4.165 Seats|OMS Arena|34|Free transfer|Free transfer|0|0|0
5.000 Seats|Štadión pod Čebraťom|40|Free transfer|€500k|€500k|0|+€500k
22.500 Seats|Tehelné pole|32|€150k|€630k|€630k|€150k|+€480k
4.165 Seats|OMS Arena|36|Free transfer|Free transfer|0|0|0
19.200 Seats|City Aréna - Štadión Antona Malatinského|37|€60k|€120k|€120k|€60k|+€60k
11.800 Seats|Pod Dubnom|32|Free transfer|€300k|€300k|0|+€300k
5.000 Seats|Štadión pod Čebraťom|27|?|Free transfer|0|0|0
22.500 Seats|Tehelné pole|37|Free transfer|€480k|€480k|0|+€480k
4.165 Seats|OMS Arena|44|Free transfer|Free transfer|0|0|0
11.800 Seats|Pod Dubnom|37|Free transfer|€26k|€26k|0|+€26k
19.200 Seats|City Aréna - Štadión Antona Malatinského|37|Free transfer|Free transfer|0|0|0
5.000 Seats|Štadión pod Čebraťom|36|Free transfer|Free transfer|0|0|0
22.500 Seats|Tehelné pole|39|€550k|Free transfer|0|€550k|€-550k
19.200 Seats|City Aréna - Štadión Antona Malatinského|41|€5k|€150k|€150k|€5k|+€145k
5.000 Seats|Štadión pod Čebraťom|41|Free transfer|€160k|€160k|0|+€160k
4.165 Seats|OMS Arena|32|Free transfer|€210k|€360k|0|+€360k
11.800 Seats|Pod Dubnom|30|Free transfer|Free transfer|0|0|0
22.500 Seats|Tehelné pole|45|€100k|Free transfer|0|€100k|€-100k
19.200 Seats|City Aréna - Štadión Antona Malatinského|41|Free transfer|€700k|€850k|0|+€850k
11.800 Seats|Pod Dubnom|36|€350k|€5.20m|€7.00m|€350k|+€6.65m
5.000 Seats|Štadión pod Čebraťom|30|Free transfer|Free transfer|0|0|0
4.165 Seats|OMS Arena|38|Free transfer|Free transfer|0|0|0
22.500 Seats|Tehelné pole|39|Free transfer|€200k|€220k|0|+€220k
11.800 Seats|Pod Dubnom|36|€160k|€2.00m|€2.00m|€310k|+€1.69m
5.000 Seats|Štadión pod Čebraťom|32|Free transfer|Free transfer|0|0|0
19.200 Seats|City Aréna - Štadión Antona Malatinského|35|Free transfer|€50k|€50k|0|+€50k
4.165 Seats|OMS Arena|46|Free transfer|Free transfer|0|0|0
22.500 Seats|Tehelné pole|45|€1.00m|€1.65m|€1.71m|€3.05m|€-1.34m
11.800 Seats|Pod Dubnom|42|Free transfer|€1.50m|€3.50m|0|+€3.50m
19.200 Seats|City Aréna - Štadión Antona Malatinského|32|Free transfer|€1.00m|€1.50m|0|+€1.50m
5.000 Seats|Štadión pod Čebraťom|35|€120k|Free transfer|0|€120k|€-120k
4.165 Seats|OMS Arena|44|€150k|€30k|€30k|€150k|€-120k
22.500 Seats|Tehelné pole|36|Free transfer|€50k|€50k|0|+€50k
19.200 Seats|City Aréna - Štadión Antona Malatinského|53|€13k|€750k|€880k|€13k|+€868k
11.800 Seats|Pod Dubnom|38|€250k|€3.80m|€5.30m|€250k|+€5.05m
5.000 Seats|Štadión pod Čebraťom|33|Free transfer|Free transfer|0|0|0
4.165 Seats|OMS Arena|41|Free transfer|Free transfer|0|0|0
6.250 Seats|Hikvision arena|38|Free transfer|€30k|€30k|0|+€30k
5.067 Seats|LFF stadionas|27|€30k|Free transfer|0|€30k|€-30k
6.250 Seats|Hikvision arena|35|€15k|Free transfer|0|€15k|€-15k
5.067 Seats|LFF stadionas|29|Free transfer|€90k|€170k|0|+€170k
5.067 Seats|LFF stadionas|24|€12k|€30k|€30k|€12k|+€18k
6.250 Seats|Hikvision arena|36|Free transfer|€12k|€12k|0|+€12k
5.067 Seats|LFF stadionas|33|Free transfer|€120k|€130k|0|+€130k
6.250 Seats|Hikvision arena|38|Free transfer|€250k|€250k|0|+€250k
5.067 Seats|LFF stadionas|38|€4k|€40k|€40k|0|+€40k
6.250 Seats|Hikvision arena|34|Free transfer|Free transfer|0|0|0
5.067 Seats|LFF stadionas|38|Free transfer|€175k|€330k|€4k|+€326k
6.250 Seats|Hikvision arena|29|Free transfer|Free transfer|0|0|0
5.067 Seats|LFF stadionas|40|Free transfer|€150k|€165k|0|+€165k
6.250 Seats|Hikvision arena|24|Free transfer|Free transfer|0|0|0
5.067 Seats|LFF stadionas|35|€12k|Free transfer|0|€12k|€-12k
6.250 Seats|Hikvision arena|41|Free transfer|€160k|€160k|0|+€160k
6.250 Seats|Hikvision arena|42|Free transfer|Free transfer|0|0|0
5.067 Seats|LFF stadionas|38|Free transfer|€52k|€52k|0|+€52k
6.250 Seats|Hikvision arena|40|Free transfer|Free transfer|0|0|0
5.067 Seats|LFF stadionas|43|€5k|€150k|€200k|€5k|+€195k
11.000 Seats|Bakcell Arena|24|Free transfer|Free transfer|0|0|0
31.200 Seats|Tofiq Bahramov Stadion|23|Free transfer|€250k|€250k|0|+€250k
4.500 Seats|Qabala City Stadium|12|Free transfer|Free transfer|0|0|0
11.000 Seats|Bakcell Arena|33|€75k|Free transfer|0|€75k|€-75k
31.200 Seats|Tofiq Bahramov Stadion|31|Free transfer|?|0|0|0
4.500 Seats|Qabala City Stadium|38|Free transfer|Free transfer|0|0|0
4.500 Seats|Qabala City Stadium|35|€300k|€200k|€200k|€300k|€-100k
11.000 Seats|Bakcell Arena|34|€158k|Free transfer|0|€158k|€-158k
31.200 Seats|Tofiq Bahramov Stadion|27|Free transfer|Free transfer|0|0|0
4.500 Seats|Qabala City Stadium|40|€500k|Free transfer|0|€500k|€-500k
31.200 Seats|Tofiq Bahramov Stadion|31|€1.28m|Free transfer|0|€1.28m|€-1.28m
11.000 Seats|Bakcell Arena|30|Free transfer|Free transfer|0|0|0
4.500 Seats|Qabala City Stadium|34|€450k|Free transfer|0|€1.33m|€-1.33m
11.000 Seats|Bakcell Arena|32|€200k|Free transfer|0|€200k|€-200k
31.200 Seats|Tofiq Bahramov Stadion|31|€680k|Free transfer|0|€680k|€-680k
4.500 Seats|Qabala City Stadium|38|€383k|Free transfer|0|€683k|€-683k
31.200 Seats|Tofiq Bahramov Stadion|31|€800k|Free transfer|0|€800k|€-800k
11.000 Seats|Bakcell Arena|34|?|Free transfer|0|0|0
4.500 Seats|Qabala City Stadium|35|Free transfer|Free transfer|0|0|0
31.200 Seats|Tofiq Bahramov Stadion|36|Free transfer|Free transfer|0|0|0
11.000 Seats|Bakcell Arena|33|Free transfer|Free transfer|0|0|0
31.200 Seats|Tofiq Bahramov Stadion|33|Free transfer|€500k|€500k|0|+€500k
4.500 Seats|Qabala City Stadium|37|€383k|Free transfer|0|€437k|€-437k
11.000 Seats|Bakcell Arena|45|€15k|€54k|€54k|€15k|+€39k
31.200 Seats|Tofiq Bahramov Stadion|41|€800k|€650k|€650k|€800k|€-150k
4.500 Seats|Qabala City Stadium|42|Free transfer|Free transfer|0|0|0
11.000 Seats|Bakcell Arena|38|Free transfer|Free transfer|0|0|0
31.200 Seats|Tofiq Bahramov Stadion|31|€1.00m|Free transfer|0|€1.17m|€-1.17m
11.000 Seats|Bakcell Arena|42|€50k|€130k|€130k|€50k|+€80k
4.500 Seats|Qabala City Stadium|34|€350k|Free transfer|0|€350k|€-350k
30.000 Seats|Astana Arena|24|€2.00m|€90k|€90k|€2.25m|€-2.16m
23.804 Seats|Zentralstadion Almaty|26|€1.00m|Free transfer|0|€1.73m|€-1.73m
8.050 Seats|Zentralstadion  Kostanay|23|€20k|Free transfer|0|€20k|€-20k
20.000 Seats|Kazhimukan Munaytpasov Stadion|26|€50k|Free transfer|0|€50k|€-50k
19.500 Seats|Zentralstadion Shakhter|23|Free transfer|Free transfer|0|0|0
11.828 Seats|Zentralstadion Pavlodar|23|€71k|Free transfer|0|€71k|€-71k
30.000 Seats|Astana Arena|24|€2.00m|€90k|€90k|€2.25m|€-2.16m
23.804 Seats|Zentralstadion Almaty|26|€1.00m|Free transfer|0|€1.73m|€-1.73m
8.050 Seats|Zentralstadion  Kostanay|23|€20k|Free transfer|0|€20k|€-20k
20.000 Seats|Kazhimukan Munaytpasov Stadion|26|€50k|Free transfer|0|€50k|€-50k
19.500 Seats|Zentralstadion Shakhter|23|Free transfer|Free transfer|0|0|0
11.828 Seats|Zentralstadion Pavlodar|23|€71k|Free transfer|0|€71k|€-71k
8.050 Seats|Zentralstadion  Kostanay|46|Free transfer|Free transfer|0|0|0
30.000 Seats|Astana Arena|28|€70k|€50k|€50k|€70k|€-20k
11.828 Seats|Zentralstadion Pavlodar|42|Free transfer|Free transfer|0|0|0
19.500 Seats|Zentralstadion Shakhter|36|Free transfer|Free transfer|0|0|0
23.804 Seats|Zentralstadion Almaty|36|Free transfer|Free transfer|0|0|0
20.000 Seats|Kazhimukan Munaytpasov Stadion|26|Free transfer|Free transfer|0|0|0
30.000 Seats|Astana Arena|28|€120k|Free transfer|0|€120k|€-120k
23.804 Seats|Zentralstadion Almaty|38|Free transfer|Free transfer|0|0|0
19.500 Seats|Zentralstadion Shakhter|54|Free transfer|Free transfer|0|0|0
8.050 Seats|Zentralstadion  Kostanay|30|Free transfer|Free transfer|0|0|0
20.000 Seats|Kazhimukan Munaytpasov Stadion|46|Free transfer|Free transfer|0|0|0
11.828 Seats|Zentralstadion Pavlodar|29|Free transfer|Free transfer|0|0|0
30.000 Seats|Astana Arena|43|€1.00m|Free transfer|0|€1.30m|€-1.30m
23.804 Seats|Zentralstadion Almaty|37|€200k|Free transfer|0|€300k|€-300k
19.500 Seats|Zentralstadion Shakhter|39|€400k|Free transfer|0|€400k|€-400k
11.828 Seats|Zentralstadion Pavlodar|42|Free transfer|Free transfer|0|0|0
8.050 Seats|Zentralstadion  Kostanay|29|€20k|Free transfer|0|€20k|€-20k
20.000 Seats|Kazhimukan Munaytpasov Stadion|29|Free transfer|Free transfer|0|0|0
30.000 Seats|Astana Arena|40|€2.00m|Free transfer|0|€2.40m|€-2.40m
23.804 Seats|Zentralstadion Almaty|38|€550k|Free transfer|0|€550k|€-550k
8.050 Seats|Zentralstadion  Kostanay|34|€60k|Free transfer|0|€60k|€-60k
19.500 Seats|Zentralstadion Shakhter|46|Free transfer|Free transfer|0|0|0
11.828 Seats|Zentralstadion Pavlodar|38|Free transfer|Free transfer|0|0|0
20.000 Seats|Kazhimukan Munaytpasov Stadion|26|Free transfer|Free transfer|0|0|0
30.000 Seats|Astana Arena|49|€180k|Free transfer|0|€180k|€-180k
23.804 Seats|Zentralstadion Almaty|40|Free transfer|€380k|€380k|0|+€380k
20.000 Seats|Kazhimukan Munaytpasov Stadion|39|Free transfer|Free transfer|0|0|0
8.050 Seats|Zentralstadion  Kostanay|33|Free transfer|Free transfer|0|0|0
11.828 Seats|Zentralstadion Pavlodar|34|Free transfer|Free transfer|0|0|0
19.500 Seats|Zentralstadion Shakhter|33|Free transfer|Free transfer|0|0|0
23.804 Seats|Zentralstadion Almaty|42|€1.00m|Free transfer|0|€1.96m|€-1.96m
30.000 Seats|Astana Arena|41|Free transfer|Free transfer|0|0|0
20.000 Seats|Kazhimukan Munaytpasov Stadion|43|€47k|€450k|€450k|€47k|+€403k
8.050 Seats|Zentralstadion  Kostanay|35|Free transfer|Free transfer|0|0|0
11.828 Seats|Zentralstadion Pavlodar|33|Free transfer|Free transfer|0|0|0
19.500 Seats|Zentralstadion Shakhter|37|Free transfer|Free transfer|0|0|0
30.000 Seats|Astana Arena|46|€700k|€2.00m|€2.00m|€846k|+€1.15m
23.804 Seats|Zentralstadion Almaty|44|Free transfer|Free transfer|0|0|0
20.000 Seats|Kazhimukan Munaytpasov Stadion|41|Free transfer|Free transfer|0|0|0
11.828 Seats|Zentralstadion Pavlodar|46|Free transfer|Free transfer|0|0|0
8.050 Seats|Zentralstadion  Kostanay|29|Free transfer|Free transfer|0|0|0
19.500 Seats|Zentralstadion Shakhter|33|Free transfer|Free transfer|0|0|0
30.000 Seats|Astana Arena|40|€1.50m|€3.00m|€3.12m|€2.75m|+€365k
23.804 Seats|Zentralstadion Almaty|42|€870k|Free transfer|0|€1.82m|€-1.82m
8.050 Seats|Zentralstadion  Kostanay|40|€100k|Free transfer|0|€100k|€-100k
11.828 Seats|Zentralstadion Pavlodar|50|Free transfer|Free transfer|0|0|0
20.000 Seats|Kazhimukan Munaytpasov Stadion|28|€400k|€870k|€1.12m|€400k|+€720k
19.500 Seats|Zentralstadion Shakhter|32|Free transfer|Free transfer|0|0|0
