,teams,links,age,a_players,value,difference,year
0,Dinamo Zagreb,/gnk-dinamo-zagreb/startseite/verein/419/saison_id/2010,"23,9",13,€48.95m,€1.32m,2010
1,Hajduk Split,/hnk-hajduk-split/startseite/verein/447/saison_id/2010,"21,8",3,€25.20m,€741k,2010
2,Slaven Belupo,/slaven-belupo-koprivnica/startseite/verein/2362/saison_id/2010,"22,8",2,€12.55m,€380k,2010
3,NK Osijek,/nk-osijek/startseite/verein/327/saison_id/2010,"22,5",3,€10.95m,€332k,2010
4,HNK Rijeka,/hnk-rijeka/startseite/verein/144/saison_id/2010,"23,0",6,€10.30m,€322k,2010
5,NK Istra,/nk-istra-1961/startseite/verein/999/saison_id/2010,"23,8",13,€9.35m,€253k,2010
6,NK Lokomotiva,/nk-lokomotiva-zagreb/startseite/verein/11194/saison_id/2010,"22,0",9,€8.90m,€247k,2010
7,RNK Split,/rnk-split/startseite/verein/420/saison_id/2010,"25,7",5,€6.75m,€225k,2010
8,Dinamo Zagreb,/gnk-dinamo-zagreb/startseite/verein/419/saison_id/2011,"23,9",13,€50.80m,€1.45m,2011
9,Hajduk Split,/hnk-hajduk-split/startseite/verein/447/saison_id/2011,"21,4",8,€29.48m,€602k,2011
10,Slaven Belupo,/slaven-belupo-koprivnica/startseite/verein/2362/saison_id/2011,"23,7",1,€11.83m,€394k,2011
11,RNK Split,/rnk-split/startseite/verein/420/saison_id/2011,"24,7",5,€11.53m,€296k,2011
12,NK Lokomotiva,/nk-lokomotiva-zagreb/startseite/verein/11194/saison_id/2011,"21,2",6,€11.15m,€310k,2011
13,NK Istra,/nk-istra-1961/startseite/verein/999/saison_id/2011,"23,0",6,€10.88m,€311k,2011
14,NK Osijek,/nk-osijek/startseite/verein/327/saison_id/2011,"23,0",2,€10.00m,€303k,2011
15,HNK Rijeka,/hnk-rijeka/startseite/verein/144/saison_id/2011,"22,5",8,€9.68m,€269k,2011
16,Dinamo Zagreb,/gnk-dinamo-zagreb/startseite/verein/419/saison_id/2012,"22,5",11,€48.70m,€1.32m,2012
17,Hajduk Split,/hnk-hajduk-split/startseite/verein/447/saison_id/2012,"20,5",6,€19.55m,€489k,2012
18,HNK Rijeka,/hnk-rijeka/startseite/verein/144/saison_id/2012,"25,3",6,€14.60m,€562k,2012
19,RNK Split,/rnk-split/startseite/verein/420/saison_id/2012,"25,9",7,€13.70m,€457k,2012
20,Slaven Belupo,/slaven-belupo-koprivnica/startseite/verein/2362/saison_id/2012,"23,2",1,€10.85m,€350k,2012
21,NK Istra,/nk-istra-1961/startseite/verein/999/saison_id/2012,"23,9",2,€9.20m,€329k,2012
22,NK Lokomotiva,/nk-lokomotiva-zagreb/startseite/verein/11194/saison_id/2012,"21,1",3,€7.70m,€257k,2012
23,NK Osijek,/nk-osijek/startseite/verein/327/saison_id/2012,"21,6",2,€6.91m,€187k,2012
24,Dinamo Zagreb,/gnk-dinamo-zagreb/startseite/verein/419/saison_id/2013,"21,6",17,€43.90m,€770k,2013
25,HNK Rijeka,/hnk-rijeka/startseite/verein/144/saison_id/2013,"23,3",8,€22.13m,€452k,2013
26,Hajduk Split,/hnk-hajduk-split/startseite/verein/447/saison_id/2013,"20,1",12,€16.25m,€319k,2013
27,RNK Split,/rnk-split/startseite/verein/420/saison_id/2013,"24,6",6,€15.30m,€437k,2013
28,Slaven Belupo,/slaven-belupo-koprivnica/startseite/verein/2362/saison_id/2013,"23,5",2,€11.50m,€371k,2013
29,NK Lokomotiva,/nk-lokomotiva-zagreb/startseite/verein/11194/saison_id/2013,"21,4",4,€10.05m,€251k,2013
30,NK Istra,/nk-istra-1961/startseite/verein/999/saison_id/2013,"22,5",11,€8.60m,€191k,2013
31,NK Osijek,/nk-osijek/startseite/verein/327/saison_id/2013,"22,2",2,€7.65m,€213k,2013
32,Dinamo Zagreb,/gnk-dinamo-zagreb/startseite/verein/419/saison_id/2014,"23,2",19,€59.18m,€1.44m,2014
33,HNK Rijeka,/hnk-rijeka/startseite/verein/144/saison_id/2014,"23,8",17,€33.23m,€738k,2014
34,Hajduk Split,/hnk-hajduk-split/startseite/verein/447/saison_id/2014,"21,2",13,€19.80m,€460k,2014
35,RNK Split,/rnk-split/startseite/verein/420/saison_id/2014,"23,2",8,€13.93m,€348k,2014
36,NK Lokomotiva,/nk-lokomotiva-zagreb/startseite/verein/11194/saison_id/2014,"21,1",4,€12.58m,€314k,2014
37,NK Istra,/nk-istra-1961/startseite/verein/999/saison_id/2014,"22,5",16,€11.23m,€229k,2014
38,Slaven Belupo,/slaven-belupo-koprivnica/startseite/verein/2362/saison_id/2014,"23,3",3,€9.83m,€273k,2014
39,NK Osijek,/nk-osijek/startseite/verein/327/saison_id/2014,"22,9",9,€9.65m,€224k,2014
40,Dinamo Zagreb,/gnk-dinamo-zagreb/startseite/verein/419/saison_id/2015,"21,8",19,€54.70m,€1.12m,2015
41,HNK Rijeka,/hnk-rijeka/startseite/verein/144/saison_id/2015,"23,7",19,€35.95m,€856k,2015
42,Hajduk Split,/hnk-hajduk-split/startseite/verein/447/saison_id/2015,"21,0",12,€21.70m,€556k,2015
43,RNK Split,/rnk-split/startseite/verein/420/saison_id/2015,"22,1",13,€14.00m,€292k,2015
44,NK Lokomotiva,/nk-lokomotiva-zagreb/startseite/verein/11194/saison_id/2015,"21,0",7,€11.03m,€251k,2015
45,NK Istra,/nk-istra-1961/startseite/verein/999/saison_id/2015,"23,7",18,€10.35m,€252k,2015
46,Slaven Belupo,/slaven-belupo-koprivnica/startseite/verein/2362/saison_id/2015,"23,7",6,€9.40m,€285k,2015
47,NK Osijek,/nk-osijek/startseite/verein/327/saison_id/2015,"22,7",4,€6.78m,€178k,2015
48,Partizan,/fk-partizan-belgrad/startseite/verein/669/saison_id/2010,"23,5",9,€32.28m,€872k,2010
49,Red Star,/roter-stern-belgrad/startseite/verein/159/saison_id/2010,"22,9",9,€25.35m,€768k,2010
50,Vojvodina,/fk-vojvodina-novi-sad/startseite/verein/448/saison_id/2010,"21,2",12,€19.00m,€543k,2010
51,OFK Beograd,/ofk-belgrad/startseite/verein/53/saison_id/2010,"21,9",6,€11.60m,€322k,2010
52,Jagodina,/fk-jagodina/startseite/verein/12132/saison_id/2010,"24,2",6,€11.28m,€282k,2010
53,Rad,/fk-rad-belgrad/startseite/verein/902/saison_id/2010,"20,9",4,€9.70m,€285k,2010
54,Spartak,/fk-spartak-subotica/startseite/verein/15276/saison_id/2010,"22,6",6,€8.25m,€258k,2010
55,Red Star,/roter-stern-belgrad/startseite/verein/159/saison_id/2011,"22,1",12,€28.88m,€722k,2011
56,Vojvodina,/fk-vojvodina-novi-sad/startseite/verein/448/saison_id/2011,"22,2",15,€22.75m,€615k,2011
57,Partizan,/fk-partizan-belgrad/startseite/verein/669/saison_id/2011,"23,8",8,€22.68m,€756k,2011
58,Rad,/fk-rad-belgrad/startseite/verein/902/saison_id/2011,"21,2",4,€11.43m,€309k,2011
59,OFK Beograd,/ofk-belgrad/startseite/verein/53/saison_id/2011,"21,4",11,€11.20m,€260k,2011
60,Spartak,/fk-spartak-subotica/startseite/verein/15276/saison_id/2011,"22,1",2,€8.70m,€281k,2011
61,Jagodina,/fk-jagodina/startseite/verein/12132/saison_id/2011,"22,7",7,€7.38m,€194k,2011
62,Partizan,/fk-partizan-belgrad/startseite/verein/669/saison_id/2012,"22,7",8,€33.60m,€862k,2012
63,Red Star,/roter-stern-belgrad/startseite/verein/159/saison_id/2012,"21,1",11,€26.50m,€679k,2012
64,Vojvodina,/fk-vojvodina-novi-sad/startseite/verein/448/saison_id/2012,"22,7",15,€19.30m,€522k,2012
65,OFK Beograd,/ofk-belgrad/startseite/verein/53/saison_id/2012,"21,0",13,€11.10m,€258k,2012
66,Rad,/fk-rad-belgrad/startseite/verein/902/saison_id/2012,"20,1",3,€10.40m,€248k,2012
67,Jagodina,/fk-jagodina/startseite/verein/12132/saison_id/2012,"24,4",9,€9.15m,€247k,2012
68,Spartak,/fk-spartak-subotica/startseite/verein/15276/saison_id/2012,"23,0",3,€8.45m,€313k,2012
69,Partizan,/fk-partizan-belgrad/startseite/verein/669/saison_id/2013,"23,0",8,€34.85m,€792k,2013
70,Red Star,/roter-stern-belgrad/startseite/verein/159/saison_id/2013,"23,3",10,€28.45m,€749k,2013
71,Vojvodina,/fk-vojvodina-novi-sad/startseite/verein/448/saison_id/2013,"21,9",16,€17.68m,€347k,2013
72,Rad,/fk-rad-belgrad/startseite/verein/902/saison_id/2013,"21,4",9,€12.90m,€258k,2013
73,OFK Beograd,/ofk-belgrad/startseite/verein/53/saison_id/2013,"21,8",8,€10.28m,€214k,2013
74,Jagodina,/fk-jagodina/startseite/verein/12132/saison_id/2013,"23,7",10,€10.05m,€258k,2013
75,Spartak,/fk-spartak-subotica/startseite/verein/15276/saison_id/2013,"22,3",6,€7.65m,€207k,2013
76,Partizan,/fk-partizan-belgrad/startseite/verein/669/saison_id/2014,"23,3",8,€24.70m,€633k,2014
77,Red Star,/roter-stern-belgrad/startseite/verein/159/saison_id/2014,"23,3",7,€19.95m,€525k,2014
78,Jagodina,/fk-jagodina/startseite/verein/12132/saison_id/2014,"22,9",9,€9.10m,€228k,2014
79,OFK Beograd,/ofk-belgrad/startseite/verein/53/saison_id/2014,"20,3",7,€8.60m,€195k,2014
80,Vojvodina,/fk-vojvodina-novi-sad/startseite/verein/448/saison_id/2014,"21,9",8,€8.15m,€220k,2014
81,Rad,/fk-rad-belgrad/startseite/verein/902/saison_id/2014,"22,4",7,€7.35m,€216k,2014
82,Spartak,/fk-spartak-subotica/startseite/verein/15276/saison_id/2014,"21,7",3,€5.35m,€162k,2014
83,Partizan,/fk-partizan-belgrad/startseite/verein/669/saison_id/2015,"23,0",12,€26.50m,€589k,2015
84,Red Star,/roter-stern-belgrad/startseite/verein/159/saison_id/2015,"24,2",15,€25.43m,€687k,2015
85,Vojvodina,/fk-vojvodina-novi-sad/startseite/verein/448/saison_id/2015,"23,6",7,€12.85m,€313k,2015
86,OFK Beograd,/ofk-belgrad/startseite/verein/53/saison_id/2015,"22,2",11,€10.60m,€204k,2015
87,Spartak,/fk-spartak-subotica/startseite/verein/15276/saison_id/2015,"23,0",5,€8.35m,€220k,2015
88,Rad,/fk-rad-belgrad/startseite/verein/902/saison_id/2015,"24,4",2,€7.93m,€203k,2015
89,Jagodina,/fk-jagodina/startseite/verein/12132/saison_id/2015,"22,4",6,€6.95m,€154k,2015
90,RB Salzburg,/red-bull-salzburg/startseite/verein/409/saison_id/2010,"24,3",23,€47.83m,€1.37m,2010
91,Rapid Vienna,/sk-rapid-wien/startseite/verein/170/saison_id/2010,"24,2",8,€26.23m,€846k,2010
92,Austria Vienna,/fk-austria-wien/startseite/verein/14/saison_id/2010,"24,1",9,€23.58m,€813k,2010
93,Sturm Graz,/sk-sturm-graz/startseite/verein/122/saison_id/2010,"25,6",7,€12.88m,€477k,2010
94,SV Ried,/sv-ried/startseite/verein/266/saison_id/2010,"23,4",6,€7.63m,€272k,2010
95,RB Salzburg,/red-bull-salzburg/startseite/verein/409/saison_id/2011,"24,7",22,€36.28m,€1.10m,2011
96,Austria Vienna,/fk-austria-wien/startseite/verein/14/saison_id/2011,"23,6",7,€22.00m,€710k,2011
97,Rapid Vienna,/sk-rapid-wien/startseite/verein/170/saison_id/2011,"25,0",6,€16.53m,€636k,2011
98,Sturm Graz,/sk-sturm-graz/startseite/verein/122/saison_id/2011,"25,4",8,€15.45m,€483k,2011
99,SV Ried,/sv-ried/startseite/verein/266/saison_id/2011,"22,7",6,€9.30m,€321k,2011
100,RB Salzburg,/red-bull-salzburg/startseite/verein/409/saison_id/2012,"24,0",21,€38.40m,€1.16m,2012
101,Austria Vienna,/fk-austria-wien/startseite/verein/14/saison_id/2012,"23,6",8,€19.23m,€663k,2012
102,Rapid Vienna,/sk-rapid-wien/startseite/verein/170/saison_id/2012,"22,4",7,€16.00m,€471k,2012
103,Sturm Graz,/sk-sturm-graz/startseite/verein/122/saison_id/2012,"23,9",6,€13.75m,€430k,2012
104,SV Ried,/sv-ried/startseite/verein/266/saison_id/2012,"22,4",4,€9.90m,€354k,2012
105,RB Salzburg,/red-bull-salzburg/startseite/verein/409/saison_id/2013,"22,8",22,€41.55m,€1.19m,2013
106,Austria Vienna,/fk-austria-wien/startseite/verein/14/saison_id/2013,"23,5",8,€22.95m,€656k,2013
107,Rapid Vienna,/sk-rapid-wien/startseite/verein/170/saison_id/2013,"22,6",8,€15.60m,€557k,2013
108,Sturm Graz,/sk-sturm-graz/startseite/verein/122/saison_id/2013,"24,2",8,€13.38m,€446k,2013
109,SV Ried,/sv-ried/startseite/verein/266/saison_id/2013,"22,3",4,€10.55m,€330k,2013
110,RB Salzburg,/red-bull-salzburg/startseite/verein/409/saison_id/2014,"22,1",24,€67.55m,€1.99m,2014
111,Austria Vienna,/fk-austria-wien/startseite/verein/14/saison_id/2014,"23,2",9,€25.10m,€697k,2014
112,Rapid Vienna,/sk-rapid-wien/startseite/verein/170/saison_id/2014,"22,3",7,€16.00m,€593k,2014
113,Sturm Graz,/sk-sturm-graz/startseite/verein/122/saison_id/2014,"23,1",12,€14.25m,€407k,2014
114,SV Ried,/sv-ried/startseite/verein/266/saison_id/2014,"22,4",5,€9.50m,€328k,2014
115,RB Salzburg,/red-bull-salzburg/startseite/verein/409/saison_id/2015,"21,6",27,€50.15m,€1.36m,2015
116,Rapid Vienna,/sk-rapid-wien/startseite/verein/170/saison_id/2015,"22,8",10,€21.50m,€632k,2015
117,Austria Vienna,/fk-austria-wien/startseite/verein/14/saison_id/2015,"23,4",11,€16.85m,€544k,2015
118,Sturm Graz,/sk-sturm-graz/startseite/verein/122/saison_id/2015,"23,1",11,€16.75m,€508k,2015
119,SV Ried,/sv-ried/startseite/verein/266/saison_id/2015,"22,8",6,€9.63m,€301k,2015
120,Sparta Praha,/ac-sparta-prag/startseite/verein/197/saison_id/2010,"24,6",10,€27.73m,€770k,2010
121,Slavia Prague,/sk-slavia-prag/startseite/verein/62/saison_id/2010,"24,1",9,€15.60m,€422k,2010
122,FK Teplice,/fk-teplice/startseite/verein/814/saison_id/2010,"24,0",5,€13.10m,€437k,2010
123,Viktoria Plzen,/fc-viktoria-pilsen/startseite/verein/941/saison_id/2010,"24,7",5,€12.85m,€378k,2010
124,Mladá Boleslav,/fk-mlada-boleslav/startseite/verein/5546/saison_id/2010,"23,9",10,€12.03m,€364k,2010
125,Slovan Liberec,/fc-slovan-liberec/startseite/verein/697/saison_id/2010,"24,7",7,€11.15m,€384k,2010
126,Banik Ostrava,/fc-banik-ostrava/startseite/verein/377/saison_id/2010,"23,4",7,€10.90m,€341k,2010
127,FK Jablonec,/fk-jablonec/startseite/verein/1322/saison_id/2010,"24,8",3,€10.63m,€409k,2010
128,Slovácko,/1-fc-slovacko/startseite/verein/5544/saison_id/2010,"23,5",5,€5.33m,€184k,2010
129,1.FK Pribram,/1-fk-pribram/startseite/verein/2598/saison_id/2010,"22,3",5,€4.88m,€157k,2010
130,Sparta Praha,/ac-sparta-prag/startseite/verein/197/saison_id/2011,"25,1",6,€25.58m,€710k,2011
131,Viktoria Plzen,/fc-viktoria-pilsen/startseite/verein/941/saison_id/2011,"26,0",5,€16.45m,€548k,2011
132,Banik Ostrava,/fc-banik-ostrava/startseite/verein/377/saison_id/2011,"23,6",9,€12.50m,€329k,2011
133,Mladá Boleslav,/fk-mlada-boleslav/startseite/verein/5546/saison_id/2011,"25,0",4,€12.15m,€392k,2011
134,FK Teplice,/fk-teplice/startseite/verein/814/saison_id/2011,"23,8",7,€11.15m,€372k,2011
135,Slavia Prague,/sk-slavia-prag/startseite/verein/62/saison_id/2011,"22,9",7,€9.90m,€275k,2011
136,Slovan Liberec,/fc-slovan-liberec/startseite/verein/697/saison_id/2011,"25,0",6,€9.28m,€371k,2011
137,FK Jablonec,/fk-jablonec/startseite/verein/1322/saison_id/2011,"23,7",3,€8.98m,€345k,2011
138,1.FK Pribram,/1-fk-pribram/startseite/verein/2598/saison_id/2011,"21,7",7,€5.05m,€163k,2011
139,Slovácko,/1-fc-slovacko/startseite/verein/5544/saison_id/2011,"24,0",4,€4.63m,€149k,2011
140,Sparta Praha,/ac-sparta-prag/startseite/verein/197/saison_id/2012,"23,8",7,€26.28m,€796k,2012
141,Viktoria Plzen,/fc-viktoria-pilsen/startseite/verein/941/saison_id/2012,"24,9",6,€18.31m,€610k,2012
142,Banik Ostrava,/fc-banik-ostrava/startseite/verein/377/saison_id/2012,"24,3",8,€15.80m,€451k,2012
143,Mladá Boleslav,/fk-mlada-boleslav/startseite/verein/5546/saison_id/2012,"25,6",7,€14.70m,€408k,2012
144,Slovan Liberec,/fc-slovan-liberec/startseite/verein/697/saison_id/2012,"24,5",13,€12.68m,€352k,2012
145,Slavia Prague,/sk-slavia-prag/startseite/verein/62/saison_id/2012,"24,9",9,€11.28m,€364k,2012
146,FK Teplice,/fk-teplice/startseite/verein/814/saison_id/2012,"24,8",8,€11.23m,€387k,2012
147,FK Jablonec,/fk-jablonec/startseite/verein/1322/saison_id/2012,"24,7",3,€10.70m,€412k,2012
148,1.FK Pribram,/1-fk-pribram/startseite/verein/2598/saison_id/2012,"24,1",6,€8.35m,€253k,2012
149,Slovácko,/1-fc-slovacko/startseite/verein/5544/saison_id/2012,"24,0",5,€6.78m,€205k,2012
150,Sparta Praha,/ac-sparta-prag/startseite/verein/197/saison_id/2013,"23,8",6,€33.65m,€841k,2013
151,Viktoria Plzen,/fc-viktoria-pilsen/startseite/verein/941/saison_id/2013,"25,4",7,€28.93m,€723k,2013
152,Slavia Prague,/sk-slavia-prag/startseite/verein/62/saison_id/2013,"24,6",13,€15.60m,€371k,2013
153,Mladá Boleslav,/fk-mlada-boleslav/startseite/verein/5546/saison_id/2013,"25,4",3,€13.08m,€319k,2013
154,FK Jablonec,/fk-jablonec/startseite/verein/1322/saison_id/2013,"24,4",3,€11.65m,€333k,2013
155,Slovan Liberec,/fc-slovan-liberec/startseite/verein/697/saison_id/2013,"23,1",15,€11.30m,€290k,2013
156,FK Teplice,/fk-teplice/startseite/verein/814/saison_id/2013,"24,4",11,€10.43m,€298k,2013
157,1.FK Pribram,/1-fk-pribram/startseite/verein/2598/saison_id/2013,"24,7",7,€8.33m,€245k,2013
158,Slovácko,/1-fc-slovacko/startseite/verein/5544/saison_id/2013,"24,6",4,€7.45m,€219k,2013
159,Banik Ostrava,/fc-banik-ostrava/startseite/verein/377/saison_id/2013,"22,8",9,€7.13m,€162k,2013
160,Sparta Praha,/ac-sparta-prag/startseite/verein/197/saison_id/2014,"25,3",8,€34.10m,€1.03m,2014
161,Viktoria Plzen,/fc-viktoria-pilsen/startseite/verein/941/saison_id/2014,"27,0",6,€25.78m,€955k,2014
162,FK Jablonec,/fk-jablonec/startseite/verein/1322/saison_id/2014,"24,7",6,€13.13m,€423k,2014
163,Mladá Boleslav,/fk-mlada-boleslav/startseite/verein/5546/saison_id/2014,"24,2",13,€12.28m,€323k,2014
164,Slovan Liberec,/fc-slovan-liberec/startseite/verein/697/saison_id/2014,"23,8",18,€12.20m,€330k,2014
165,Slavia Prague,/sk-slavia-prag/startseite/verein/62/saison_id/2014,"23,8",11,€11.05m,€345k,2014
166,FK Teplice,/fk-teplice/startseite/verein/814/saison_id/2014,"24,4",9,€9.73m,€304k,2014
167,1.FK Pribram,/1-fk-pribram/startseite/verein/2598/saison_id/2014,"25,5",7,€8.55m,€204k,2014
168,Banik Ostrava,/fc-banik-ostrava/startseite/verein/377/saison_id/2014,"22,6",10,€7.33m,€209k,2014
169,Slovácko,/1-fc-slovacko/startseite/verein/5544/saison_id/2014,"23,3",6,€5.70m,€158k,2014
170,Sparta Praha,/ac-sparta-prag/startseite/verein/197/saison_id/2015,"25,4",7,€32.73m,€935k,2015
171,Viktoria Plzen,/fc-viktoria-pilsen/startseite/verein/941/saison_id/2015,"26,8",5,€24.75m,€798k,2015
172,Slavia Prague,/sk-slavia-prag/startseite/verein/62/saison_id/2015,"23,8",6,€13.80m,€383k,2015
173,Mladá Boleslav,/fk-mlada-boleslav/startseite/verein/5546/saison_id/2015,"24,5",7,€13.60m,€358k,2015
174,Slovan Liberec,/fc-slovan-liberec/startseite/verein/697/saison_id/2015,"23,2",13,€12.85m,€338k,2015
175,FK Jablonec,/fk-jablonec/startseite/verein/1322/saison_id/2015,"24,3",6,€12.70m,€454k,2015
176,FK Teplice,/fk-teplice/startseite/verein/814/saison_id/2015,"24,9",13,€9.38m,€260k,2015
177,1.FK Pribram,/1-fk-pribram/startseite/verein/2598/saison_id/2015,"23,2",4,€7.20m,€189k,2015
178,Banik Ostrava,/fc-banik-ostrava/startseite/verein/377/saison_id/2015,"21,6",11,€6.70m,€152k,2015
179,Slovácko,/1-fc-slovacko/startseite/verein/5544/saison_id/2015,"23,7",7,€5.40m,€169k,2015
180,Legia Warszawa,/legia-warschau/startseite/verein/255/saison_id/2010,"23,7",15,€30.13m,€861k,2010
181,Wisla Kraków,/wisla-krakau/startseite/verein/422/saison_id/2010,"25,1",18,€30.00m,€789k,2010
182,Lech Poznan,/lech-pozna%C5%84/startseite/verein/238/saison_id/2010,"24,4",11,€26.53m,€780k,2010
183,Korona Kielce,/korona-kielce/startseite/verein/6110/saison_id/2010,"25,5",8,€14.53m,€427k,2010
184,Slask Wroclaw,/slask-wroclaw/startseite/verein/759/saison_id/2010,"25,6",6,€12.58m,€419k,2010
185,Ruch Chorzow,/ruch-chorzow/startseite/verein/318/saison_id/2010,"26,3",5,€11.65m,€364k,2010
186,Jagiellonia,/jagiellonia-bialystok/startseite/verein/2300/saison_id/2010,"23,3",13,€9.28m,€273k,2010
187,Lechia Gdansk,/lechia-gdansk/startseite/verein/4000/saison_id/2010,"24,4",10,€8.75m,€313k,2010
188,Górnik Zabrze,/gornik-zabrze/startseite/verein/428/saison_id/2010,"24,1",4,€7.05m,€227k,2010
189,Legia Warszawa,/legia-warschau/startseite/verein/255/saison_id/2011,"24,2",15,€31.45m,€850k,2011
190,Lech Poznan,/lech-pozna%C5%84/startseite/verein/238/saison_id/2011,"24,0",11,€26.03m,€929k,2011
191,Wisla Kraków,/wisla-krakau/startseite/verein/422/saison_id/2011,"25,2",16,€22.35m,€798k,2011
192,Slask Wroclaw,/slask-wroclaw/startseite/verein/759/saison_id/2011,"25,7",8,€14.13m,€456k,2011
193,Jagiellonia,/jagiellonia-bialystok/startseite/verein/2300/saison_id/2011,"23,6",14,€12.93m,€359k,2011
194,Lechia Gdansk,/lechia-gdansk/startseite/verein/4000/saison_id/2011,"24,0",12,€11.20m,€329k,2011
195,Korona Kielce,/korona-kielce/startseite/verein/6110/saison_id/2011,"24,3",6,€10.40m,€297k,2011
196,Ruch Chorzow,/ruch-chorzow/startseite/verein/318/saison_id/2011,"26,0",6,€9.05m,€312k,2011
197,Górnik Zabrze,/gornik-zabrze/startseite/verein/428/saison_id/2011,"24,8",7,€9.00m,€257k,2011
198,Wisla Kraków,/wisla-krakau/startseite/verein/422/saison_id/2012,"25,0",13,€20.23m,€632k,2012
199,Slask Wroclaw,/slask-wroclaw/startseite/verein/759/saison_id/2012,"24,6",9,€20.20m,€594k,2012
200,Legia Warszawa,/legia-warschau/startseite/verein/255/saison_id/2012,"24,2",7,€19.30m,€772k,2012
201,Lech Poznan,/lech-pozna%C5%84/startseite/verein/238/saison_id/2012,"24,2",10,€15.63m,€504k,2012
202,Górnik Zabrze,/gornik-zabrze/startseite/verein/428/saison_id/2012,"25,3",3,€11.68m,€377k,2012
203,Ruch Chorzow,/ruch-chorzow/startseite/verein/318/saison_id/2012,"25,2",6,€10.68m,€334k,2012
204,Lechia Gdansk,/lechia-gdansk/startseite/verein/4000/saison_id/2012,"22,7",9,€9.53m,€238k,2012
205,Korona Kielce,/korona-kielce/startseite/verein/6110/saison_id/2012,"24,4",8,€9.43m,€248k,2012
206,Jagiellonia,/jagiellonia-bialystok/startseite/verein/2300/saison_id/2012,"22,6",8,€9.30m,€266k,2012
207,Legia Warszawa,/legia-warschau/startseite/verein/255/saison_id/2013,"23,4",13,€24.05m,€587k,2013
208,Lech Poznan,/lech-pozna%C5%84/startseite/verein/238/saison_id/2013,"23,7",11,€17.05m,€501k,2013
209,Slask Wroclaw,/slask-wroclaw/startseite/verein/759/saison_id/2013,"24,7",14,€15.03m,€417k,2013
210,Górnik Zabrze,/gornik-zabrze/startseite/verein/428/saison_id/2013,"24,7",8,€13.30m,€302k,2013
211,Wisla Kraków,/wisla-krakau/startseite/verein/422/saison_id/2013,"22,5",10,€11.83m,€311k,2013
212,Jagiellonia,/jagiellonia-bialystok/startseite/verein/2300/saison_id/2013,"21,9",11,€10.78m,€251k,2013
213,Korona Kielce,/korona-kielce/startseite/verein/6110/saison_id/2013,"23,9",10,€10.45m,€249k,2013
214,Lechia Gdansk,/lechia-gdansk/startseite/verein/4000/saison_id/2013,"22,8",7,€9.88m,€253k,2013
215,Ruch Chorzow,/ruch-chorzow/startseite/verein/318/saison_id/2013,"23,4",2,€7.23m,€190k,2013
216,Legia Warszawa,/legia-warschau/startseite/verein/255/saison_id/2014,"24,1",11,€23.55m,€604k,2014
217,Lech Poznan,/lech-pozna%C5%84/startseite/verein/238/saison_id/2014,"23,3",15,€17.20m,€521k,2014
218,Lechia Gdansk,/lechia-gdansk/startseite/verein/4000/saison_id/2014,"22,7",15,€17.20m,€430k,2014
219,Wisla Kraków,/wisla-krakau/startseite/verein/422/saison_id/2014,"23,5",9,€11.40m,€356k,2014
220,Korona Kielce,/korona-kielce/startseite/verein/6110/saison_id/2014,"24,7",14,€11.30m,€323k,2014
221,Slask Wroclaw,/slask-wroclaw/startseite/verein/759/saison_id/2014,"24,8",11,€11.23m,€362k,2014
222,Górnik Zabrze,/gornik-zabrze/startseite/verein/428/saison_id/2014,"25,0",7,€9.48m,€263k,2014
223,Jagiellonia,/jagiellonia-bialystok/startseite/verein/2300/saison_id/2014,"21,4",7,€8.55m,€199k,2014
224,Ruch Chorzow,/ruch-chorzow/startseite/verein/318/saison_id/2014,"24,9",5,€8.35m,€246k,2014
225,Legia Warszawa,/legia-warschau/startseite/verein/255/saison_id/2015,"25,4",11,€32.45m,€901k,2015
226,Lech Poznan,/lech-pozna%C5%84/startseite/verein/238/saison_id/2015,"24,2",14,€23.90m,€683k,2015
227,Lechia Gdansk,/lechia-gdansk/startseite/verein/4000/saison_id/2015,"24,0",14,€18.08m,€489k,2015
228,Jagiellonia,/jagiellonia-bialystok/startseite/verein/2300/saison_id/2015,"22,2",8,€13.40m,€327k,2015
229,Wisla Kraków,/wisla-krakau/startseite/verein/422/saison_id/2015,"24,1",9,€12.08m,€335k,2015
230,Slask Wroclaw,/slask-wroclaw/startseite/verein/759/saison_id/2015,"24,7",11,€11.18m,€360k,2015
231,Górnik Zabrze,/gornik-zabrze/startseite/verein/428/saison_id/2015,"25,8",10,€7.70m,€188k,2015
232,Korona Kielce,/korona-kielce/startseite/verein/6110/saison_id/2015,"23,5",11,€6.40m,€149k,2015
233,Ruch Chorzow,/ruch-chorzow/startseite/verein/318/saison_id/2015,"24,5",3,€5.05m,€163k,2015
234,CFR Cluj,/cfr-cluj/startseite/verein/7769/saison_id/2010,"25,5",25,€42.00m,€1.02m,2010
235,Steaua Bukarest,/steaua-bukarest/startseite/verein/301/saison_id/2010,"26,1",11,€40.48m,€1.12m,2010
236,Dinamo Bukarest,/dinamo-bukarest/startseite/verein/312/saison_id/2010,"24,9",10,€32.68m,€797k,2010
237,Pandurii T.-Jiu,/pandurii-targu-jiu/startseite/verein/8715/saison_id/2010,"24,0",8,€12.95m,€324k,2010
238,Steaua Bukarest,/steaua-bukarest/startseite/verein/301/saison_id/2011,"24,1",8,€35.73m,€1.02m,2011
239,CFR Cluj,/cfr-cluj/startseite/verein/7769/saison_id/2011,"26,8",23,€34.15m,€1.03m,2011
240,Dinamo Bukarest,/dinamo-bukarest/startseite/verein/312/saison_id/2011,"24,9",6,€25.03m,€736k,2011
241,Pandurii T.-Jiu,/pandurii-targu-jiu/startseite/verein/8715/saison_id/2011,"23,0",6,€9.05m,€266k,2011
242,CFR Cluj,/cfr-cluj/startseite/verein/7769/saison_id/2012,"26,6",26,€36.45m,€959k,2012
243,Steaua Bukarest,/steaua-bukarest/startseite/verein/301/saison_id/2012,"23,8",7,€35.70m,€1.05m,2012
244,Dinamo Bukarest,/dinamo-bukarest/startseite/verein/312/saison_id/2012,"23,9",6,€23.48m,€652k,2012
245,Pandurii T.-Jiu,/pandurii-targu-jiu/startseite/verein/8715/saison_id/2012,"23,5",8,€14.18m,€443k,2012
246,Steaua Bukarest,/steaua-bukarest/startseite/verein/301/saison_id/2013,"23,6",8,€53.40m,€1.21m,2013
247,CFR Cluj,/cfr-cluj/startseite/verein/7769/saison_id/2013,"25,1",24,€32.35m,€789k,2013
248,Dinamo Bukarest,/dinamo-bukarest/startseite/verein/312/saison_id/2013,"22,4",13,€24.88m,€529k,2013
249,Pandurii T.-Jiu,/pandurii-targu-jiu/startseite/verein/8715/saison_id/2013,"23,8",19,€23.15m,€526k,2013
250,Steaua Bukarest,/steaua-bukarest/startseite/verein/301/saison_id/2014,"23,9",5,€46.30m,€1.25m,2014
251,Dinamo Bukarest,/dinamo-bukarest/startseite/verein/312/saison_id/2014,"23,0",13,€25.95m,€552k,2014
252,Pandurii T.-Jiu,/pandurii-targu-jiu/startseite/verein/8715/saison_id/2014,"24,6",15,€22.35m,€604k,2014
253,CFR Cluj,/cfr-cluj/startseite/verein/7769/saison_id/2014,"23,2",23,€18.05m,€392k,2014
254,Steaua Bukarest,/steaua-bukarest/startseite/verein/301/saison_id/2015,"24,1",13,€39.73m,€1.02m,2015
255,Dinamo Bukarest,/dinamo-bukarest/startseite/verein/312/saison_id/2015,"23,0",16,€21.53m,€501k,2015
256,Pandurii T.-Jiu,/pandurii-targu-jiu/startseite/verein/8715/saison_id/2015,"25,3",11,€20.10m,€543k,2015
257,CFR Cluj,/cfr-cluj/startseite/verein/7769/saison_id/2015,"25,0",17,€13.98m,€437k,2015
258,M. Tel Aviv,/maccabi-tel-aviv/startseite/verein/119/saison_id/2010,"24,5",6,€15.95m,€515k,2010
259,Hapoel Tel Aviv,/hapoel-tel-aviv/startseite/verein/1017/saison_id/2010,"24,7",5,€15.78m,€544k,2010
260,Maccabi Haifa,/maccabi-haifa/startseite/verein/1064/saison_id/2010,"23,6",9,€15.48m,€595k,2010
261,B. Jerusalem,/beitar-jerusalem/startseite/verein/3793/saison_id/2010,"24,2",6,€11.15m,€360k,2010
262,Bnei Sakhnin,/hapoel-bnei-sachnin/startseite/verein/4769/saison_id/2010,"25,5",8,€5.83m,€216k,2010
263,H. Beer Sheva,/hapoel-beer-sheva/startseite/verein/2976/saison_id/2010,"23,9",7,€4.53m,€137k,2010
264,Hapoel Haifa,/hapoel-haifa/startseite/verein/810/saison_id/2010,"24,3",3,€3.38m,€147k,2010
265,Hapoel Acre,/hapoel-akko/startseite/verein/6025/saison_id/2010,"24,0",5,€3.38m,€116k,2010
266,Kiryat Shmona,/hapoel-ironi-kiryat-shmona/startseite/verein/6028/saison_id/2010,"23,9",4,€1.20m,€46k,2010
267,Maccabi Haifa,/maccabi-haifa/startseite/verein/1064/saison_id/2011,"22,8",10,€17.60m,€503k,2011
268,Hapoel Tel Aviv,/hapoel-tel-aviv/startseite/verein/1017/saison_id/2011,"25,2",6,€14.80m,€529k,2011
269,M. Tel Aviv,/maccabi-tel-aviv/startseite/verein/119/saison_id/2011,"22,8",6,€11.50m,€348k,2011
270,Hapoel Haifa,/hapoel-haifa/startseite/verein/810/saison_id/2011,"24,3",6,€7.45m,€233k,2011
271,B. Jerusalem,/beitar-jerusalem/startseite/verein/3793/saison_id/2011,"22,6",5,€7.05m,€227k,2011
272,H. Beer Sheva,/hapoel-beer-sheva/startseite/verein/2976/saison_id/2011,"23,6",9,€6.18m,€193k,2011
273,Hapoel Acre,/hapoel-akko/startseite/verein/6025/saison_id/2011,"24,2",7,€5.30m,€166k,2011
274,Kiryat Shmona,/hapoel-ironi-kiryat-shmona/startseite/verein/6028/saison_id/2011,"23,7",4,€3.63m,€129k,2011
275,Bnei Sakhnin,/hapoel-bnei-sachnin/startseite/verein/4769/saison_id/2011,"24,1",4,€3.25m,€125k,2011
276,Hapoel Tel Aviv,/hapoel-tel-aviv/startseite/verein/1017/saison_id/2012,"24,6",10,€19.68m,€532k,2012
277,M. Tel Aviv,/maccabi-tel-aviv/startseite/verein/119/saison_id/2012,"24,8",6,€16.43m,€657k,2012
278,Maccabi Haifa,/maccabi-haifa/startseite/verein/1064/saison_id/2012,"23,5",7,€12.83m,€428k,2012
279,Kiryat Shmona,/hapoel-ironi-kiryat-shmona/startseite/verein/6028/saison_id/2012,"24,3",7,€7.85m,€238k,2012
280,B. Jerusalem,/beitar-jerusalem/startseite/verein/3793/saison_id/2012,"22,8",5,€6.55m,€218k,2012
281,Hapoel Haifa,/hapoel-haifa/startseite/verein/810/saison_id/2012,"24,7",7,€6.48m,€209k,2012
282,H. Beer Sheva,/hapoel-beer-sheva/startseite/verein/2976/saison_id/2012,"23,6",7,€5.85m,€189k,2012
283,Bnei Sakhnin,/hapoel-bnei-sachnin/startseite/verein/4769/saison_id/2012,"23,9",8,€5.78m,€186k,2012
284,Hapoel Acre,/hapoel-akko/startseite/verein/6025/saison_id/2012,"25,9",7,€5.63m,€181k,2012
285,M. Tel Aviv,/maccabi-tel-aviv/startseite/verein/119/saison_id/2013,"25,5",6,€14.55m,€560k,2013
286,Maccabi Haifa,/maccabi-haifa/startseite/verein/1064/saison_id/2013,"23,5",7,€13.48m,€408k,2013
287,B. Jerusalem,/beitar-jerusalem/startseite/verein/3793/saison_id/2013,"23,7",9,€11.60m,€305k,2013
288,Hapoel Tel Aviv,/hapoel-tel-aviv/startseite/verein/1017/saison_id/2013,"24,7",7,€11.25m,€363k,2013
289,H. Beer Sheva,/hapoel-beer-sheva/startseite/verein/2976/saison_id/2013,"24,9",7,€9.65m,€371k,2013
290,Bnei Sakhnin,/hapoel-bnei-sachnin/startseite/verein/4769/saison_id/2013,"24,9",8,€8.95m,€249k,2013
291,Kiryat Shmona,/hapoel-ironi-kiryat-shmona/startseite/verein/6028/saison_id/2013,"24,6",5,€7.68m,€265k,2013
292,Hapoel Acre,/hapoel-akko/startseite/verein/6025/saison_id/2013,"25,8",9,€7.33m,€193k,2013
293,Hapoel Haifa,/hapoel-haifa/startseite/verein/810/saison_id/2013,"25,9",7,€5.90m,€184k,2013
294,Maccabi Haifa,/maccabi-haifa/startseite/verein/1064/saison_id/2014,"27,2",9,€21.45m,€650k,2014
295,M. Tel Aviv,/maccabi-tel-aviv/startseite/verein/119/saison_id/2014,"25,8",6,€17.50m,€625k,2014
296,Hapoel Tel Aviv,/hapoel-tel-aviv/startseite/verein/1017/saison_id/2014,"23,8",9,€11.83m,€282k,2014
297,B. Jerusalem,/beitar-jerusalem/startseite/verein/3793/saison_id/2014,"25,2",7,€10.43m,€298k,2014
298,H. Beer Sheva,/hapoel-beer-sheva/startseite/verein/2976/saison_id/2014,"25,2",6,€10.10m,€348k,2014
299,Hapoel Haifa,/hapoel-haifa/startseite/verein/810/saison_id/2014,"24,9",8,€6.10m,€169k,2014
300,Hapoel Acre,/hapoel-akko/startseite/verein/6025/saison_id/2014,"25,5",9,€6.05m,€155k,2014
301,Bnei Sakhnin,/hapoel-bnei-sachnin/startseite/verein/4769/saison_id/2014,"24,0",7,€5.25m,€135k,2014
302,Kiryat Shmona,/hapoel-ironi-kiryat-shmona/startseite/verein/6028/saison_id/2014,"23,8",5,€5.18m,€162k,2014
303,M. Tel Aviv,/maccabi-tel-aviv/startseite/verein/119/saison_id/2015,"26,7",8,€26.45m,€912k,2015
304,Maccabi Haifa,/maccabi-haifa/startseite/verein/1064/saison_id/2015,"25,4",6,€20.70m,€609k,2015
305,Hapoel Tel Aviv,/hapoel-tel-aviv/startseite/verein/1017/saison_id/2015,"23,8",8,€14.18m,€405k,2015
306,B. Jerusalem,/beitar-jerusalem/startseite/verein/3793/saison_id/2015,"24,8",6,€12.28m,€396k,2015
307,H. Beer Sheva,/hapoel-beer-sheva/startseite/verein/2976/saison_id/2015,"26,8",4,€11.33m,€453k,2015
308,Hapoel Haifa,/hapoel-haifa/startseite/verein/810/saison_id/2015,"25,2",7,€6.85m,€221k,2015
309,Bnei Sakhnin,/hapoel-bnei-sachnin/startseite/verein/4769/saison_id/2015,"25,0",7,€4.53m,€156k,2015
310,Kiryat Shmona,/hapoel-ironi-kiryat-shmona/startseite/verein/6028/saison_id/2015,"23,7",8,€4.50m,€150k,2015
311,Hapoel Acre,/hapoel-akko/startseite/verein/6025/saison_id/2015,"22,6",7,€3.33m,€107k,2015
312,Levski Sofia,/levski-sofia/startseite/verein/156/saison_id/2010,"23,3",11,€14.13m,€362k,2010
313,Litex Lovetch,/fc-litex-lovetch/startseite/verein/271/saison_id/2010,"24,1",13,€12.70m,€410k,2010
314,Slavia Sofia,/slavia-sofia/startseite/verein/675/saison_id/2010,"23,4",10,€8.58m,€204k,2010
315,Lok. Plovdiv,/lokomotive-plovdiv/startseite/verein/2259/saison_id/2010,"25,2",16,€6.55m,€187k,2010
316,Cherno More,/cherno-more-varna/startseite/verein/967/saison_id/2010,"24,5",6,€5.23m,€163k,2010
317,PFC Beroe Stara Zagora,/pfc-beroe-stara-zagora/startseite/verein/6764/saison_id/2010,"24,9",2,€2.75m,€71k,2010
318,Levski Sofia,/levski-sofia/startseite/verein/156/saison_id/2011,"23,3",11,€16.00m,€457k,2011
319,Litex Lovetch,/fc-litex-lovetch/startseite/verein/271/saison_id/2011,"23,4",13,€11.20m,€311k,2011
320,Slavia Sofia,/slavia-sofia/startseite/verein/675/saison_id/2011,"24,1",6,€9.13m,€240k,2011
321,PFC Beroe Stara Zagora,/pfc-beroe-stara-zagora/startseite/verein/6764/saison_id/2011,"26,4",7,€7.80m,€170k,2011
322,Lok. Plovdiv,/lokomotive-plovdiv/startseite/verein/2259/saison_id/2011,"25,4",12,€7.40m,€218k,2011
323,Cherno More,/cherno-more-varna/startseite/verein/967/saison_id/2011,"24,5",6,€4.33m,€111k,2011
324,Slavia Sofia,/slavia-sofia/startseite/verein/675/saison_id/2012,"26,2",8,€14.10m,€362k,2012
325,Levski Sofia,/levski-sofia/startseite/verein/156/saison_id/2012,"23,2",11,€13.40m,€372k,2012
326,Lok. Plovdiv,/lokomotive-plovdiv/startseite/verein/2259/saison_id/2012,"26,0",10,€12.60m,€257k,2012
327,PFC Beroe Stara Zagora,/pfc-beroe-stara-zagora/startseite/verein/6764/saison_id/2012,"24,9",13,€9.65m,€276k,2012
328,Litex Lovetch,/fc-litex-lovetch/startseite/verein/271/saison_id/2012,"21,7",6,€9.58m,€319k,2012
329,Cherno More,/cherno-more-varna/startseite/verein/967/saison_id/2012,"24,3",6,€7.33m,€244k,2012
330,Levski Sofia,/levski-sofia/startseite/verein/156/saison_id/2013,"23,5",16,€27.80m,€579k,2013
331,Litex Lovetch,/fc-litex-lovetch/startseite/verein/271/saison_id/2013,"23,1",7,€14.98m,€440k,2013
332,PFC Beroe Stara Zagora,/pfc-beroe-stara-zagora/startseite/verein/6764/saison_id/2013,"24,7",11,€12.15m,€347k,2013
333,Lok. Plovdiv,/lokomotive-plovdiv/startseite/verein/2259/saison_id/2013,"25,2",10,€11.20m,€249k,2013
334,Slavia Sofia,/slavia-sofia/startseite/verein/675/saison_id/2013,"24,3",8,€10.18m,€254k,2013
335,Cherno More,/cherno-more-varna/startseite/verein/967/saison_id/2013,"23,6",3,€7.95m,€284k,2013
336,Levski Sofia,/levski-sofia/startseite/verein/156/saison_id/2014,"23,9",11,€16.70m,€439k,2014
337,Litex Lovetch,/fc-litex-lovetch/startseite/verein/271/saison_id/2014,"22,3",11,€16.13m,€424k,2014
338,PFC Beroe Stara Zagora,/pfc-beroe-stara-zagora/startseite/verein/6764/saison_id/2014,"25,3",11,€10.75m,€358k,2014
339,Slavia Sofia,/slavia-sofia/startseite/verein/675/saison_id/2014,"23,7",9,€9.80m,€251k,2014
340,Cherno More,/cherno-more-varna/startseite/verein/967/saison_id/2014,"23,9",10,€9.63m,€235k,2014
341,Lok. Plovdiv,/lokomotive-plovdiv/startseite/verein/2259/saison_id/2014,"24,7",6,€7.23m,€185k,2014
342,Litex Lovetch,/fc-litex-lovetch/startseite/verein/271/saison_id/2015,"22,2",10,€13.50m,€397k,2015
343,Levski Sofia,/levski-sofia/startseite/verein/156/saison_id/2015,"23,3",14,€12.88m,€358k,2015
344,PFC Beroe Stara Zagora,/pfc-beroe-stara-zagora/startseite/verein/6764/saison_id/2015,"24,9",8,€12.18m,€320k,2015
345,Cherno More,/cherno-more-varna/startseite/verein/967/saison_id/2015,"25,6",12,€9.95m,€293k,2015
346,Lok. Plovdiv,/lokomotive-plovdiv/startseite/verein/2259/saison_id/2015,"25,4",10,€9.78m,€238k,2015
347,Slavia Sofia,/slavia-sofia/startseite/verein/675/saison_id/2015,"22,7",9,€6.93m,€182k,2015
348,FC Copenhagen,/fc-kopenhagen/startseite/verein/190/saison_id/2010,"24,9",14,€43.10m,€1.49m,2010
349,Odense BK,/odense-boldklub/startseite/verein/173/saison_id/2010,"25,2",13,€31.10m,€889k,2010
350,Bröndby IF,/brondby-if/startseite/verein/206/saison_id/2010,"24,2",11,€29.50m,€952k,2010
351,FC Midtjylland,/fc-midtjylland/startseite/verein/865/saison_id/2010,"22,2",9,€22.60m,€685k,2010
352,Aalborg BK,/aalborg-bk/startseite/verein/1053/saison_id/2010,"23,2",10,€16.65m,€490k,2010
353,Nordsjaelland,/fc-nordsjaelland/startseite/verein/2778/saison_id/2010,"21,8",9,€14.53m,€393k,2010
354,SönderjyskE,/sonderjyske/startseite/verein/5817/saison_id/2010,"24,1",10,€11.00m,€407k,2010
355,FC Copenhagen,/fc-kopenhagen/startseite/verein/190/saison_id/2011,"24,8",14,€42.08m,€1.45m,2011
356,Bröndby IF,/brondby-if/startseite/verein/206/saison_id/2011,"23,0",10,€29.10m,€808k,2011
357,Odense BK,/odense-boldklub/startseite/verein/173/saison_id/2011,"24,9",11,€23.23m,€829k,2011
358,FC Midtjylland,/fc-midtjylland/startseite/verein/865/saison_id/2011,"22,4",11,€19.13m,€580k,2011
359,Nordsjaelland,/fc-nordsjaelland/startseite/verein/2778/saison_id/2011,"22,1",7,€13.80m,€406k,2011
360,Aalborg BK,/aalborg-bk/startseite/verein/1053/saison_id/2011,"23,8",6,€10.45m,€387k,2011
361,SönderjyskE,/sonderjyske/startseite/verein/5817/saison_id/2011,"24,8",7,€8.65m,€376k,2011
362,FC Copenhagen,/fc-kopenhagen/startseite/verein/190/saison_id/2012,"24,5",13,€34.30m,€1.14m,2012
363,Bröndby IF,/brondby-if/startseite/verein/206/saison_id/2012,"22,7",8,€21.45m,€715k,2012
364,Odense BK,/odense-boldklub/startseite/verein/173/saison_id/2012,"24,8",12,€18.95m,€677k,2012
365,Nordsjaelland,/fc-nordsjaelland/startseite/verein/2778/saison_id/2012,"22,4",14,€16.93m,€394k,2012
366,FC Midtjylland,/fc-midtjylland/startseite/verein/865/saison_id/2012,"22,4",13,€15.20m,€461k,2012
367,SönderjyskE,/sonderjyske/startseite/verein/5817/saison_id/2012,"25,4",11,€13.65m,€414k,2012
368,Aalborg BK,/aalborg-bk/startseite/verein/1053/saison_id/2012,"22,5",3,€9.60m,€356k,2012
369,FC Copenhagen,/fc-kopenhagen/startseite/verein/190/saison_id/2013,"24,7",14,€30.70m,€1.10m,2013
370,Bröndby IF,/brondby-if/startseite/verein/206/saison_id/2013,"22,6",13,€18.30m,€555k,2013
371,Nordsjaelland,/fc-nordsjaelland/startseite/verein/2778/saison_id/2013,"22,7",9,€16.25m,€428k,2013
372,FC Midtjylland,/fc-midtjylland/startseite/verein/865/saison_id/2013,"23,1",14,€14.15m,€372k,2013
373,Odense BK,/odense-boldklub/startseite/verein/173/saison_id/2013,"23,4",12,€13.48m,€421k,2013
374,Aalborg BK,/aalborg-bk/startseite/verein/1053/saison_id/2013,"22,9",4,€10.13m,€349k,2013
375,SönderjyskE,/sonderjyske/startseite/verein/5817/saison_id/2013,"24,0",9,€8.55m,€251k,2013
376,Bröndby IF,/brondby-if/startseite/verein/206/saison_id/2014,"22,7",14,€38.00m,€1.19m,2014
377,FC Copenhagen,/fc-kopenhagen/startseite/verein/190/saison_id/2014,"24,3",18,€35.55m,€988k,2014
378,FC Midtjylland,/fc-midtjylland/startseite/verein/865/saison_id/2014,"24,2",14,€16.25m,€508k,2014
379,Odense BK,/odense-boldklub/startseite/verein/173/saison_id/2014,"23,9",9,€15.00m,€455k,2014
380,Nordsjaelland,/fc-nordsjaelland/startseite/verein/2778/saison_id/2014,"22,8",10,€12.75m,€411k,2014
381,Aalborg BK,/aalborg-bk/startseite/verein/1053/saison_id/2014,"22,8",5,€11.03m,€356k,2014
382,SönderjyskE,/sonderjyske/startseite/verein/5817/saison_id/2014,"24,9",10,€8.33m,€260k,2014
383,FC Copenhagen,/fc-kopenhagen/startseite/verein/190/saison_id/2015,"23,7",14,€27.65m,€838k,2015
384,Bröndby IF,/brondby-if/startseite/verein/206/saison_id/2015,"23,6",12,€26.08m,€705k,2015
385,FC Midtjylland,/fc-midtjylland/startseite/verein/865/saison_id/2015,"23,6",23,€25.70m,€584k,2015
386,Odense BK,/odense-boldklub/startseite/verein/173/saison_id/2015,"23,7",12,€17.25m,€507k,2015
387,Aalborg BK,/aalborg-bk/startseite/verein/1053/saison_id/2015,"23,2",7,€11.30m,€377k,2015
388,Nordsjaelland,/fc-nordsjaelland/startseite/verein/2778/saison_id/2015,"21,0",15,€9.05m,€259k,2015
389,SönderjyskE,/sonderjyske/startseite/verein/5817/saison_id/2015,"24,4",9,€8.13m,€262k,2015
390,IFK Göteborg,/ifk-goteborg/startseite/verein/801/saison_id/2010,"22,4",6,€25.02m,€736k,2010
391,Elfsborg,/if-elfsborg-boras/startseite/verein/1101/saison_id/2010,"26,3",4,€20.18m,€611k,2010
392,Malmö FF,/malmo-ff/startseite/verein/496/saison_id/2010,"22,1",13,€17.00m,€567k,2010
393,AIK,/aik-stockholm/startseite/verein/272/saison_id/2010,"23,2",15,€13.83m,€419k,2010
394,Kalmar FF,/kalmar-ff/startseite/verein/3654/saison_id/2010,"24,0",13,€13.00m,€371k,2010
395,Helsingborg,/helsingborgs-if/startseite/verein/699/saison_id/2010,"23,5",10,€12.38m,€375k,2010
396,Djurgarden,/djurgardens-if/startseite/verein/1044/saison_id/2010,"21,9",18,€12.10m,€346k,2010
397,Häcken,/bk-hacken/startseite/verein/1109/saison_id/2010,"24,4",9,€8.38m,€310k,2010
398,Gefle,/gefle-if/startseite/verein/4414/saison_id/2010,"24,1",7,€8.30m,€277k,2010
399,Norrköping,/ifk-norrkoping/startseite/verein/2844/saison_id/2010,"23,0",14,€5.43m,€170k,2010
400,Malmö FF,/malmo-ff/startseite/verein/496/saison_id/2011,"22,0",15,€24.33m,€579k,2011
401,Helsingborg,/helsingborgs-if/startseite/verein/699/saison_id/2011,"23,7",14,€21.18m,€557k,2011
402,IFK Göteborg,/ifk-goteborg/startseite/verein/801/saison_id/2011,"23,6",5,€21.00m,€778k,2011
403,Elfsborg,/if-elfsborg-boras/startseite/verein/1101/saison_id/2011,"25,5",7,€19.70m,€547k,2011
404,AIK,/aik-stockholm/startseite/verein/272/saison_id/2011,"23,1",12,€15.53m,€518k,2011
405,Häcken,/bk-hacken/startseite/verein/1109/saison_id/2011,"25,2",13,€14.60m,€417k,2011
406,Djurgarden,/djurgardens-if/startseite/verein/1044/saison_id/2011,"23,1",16,€14.18m,€417k,2011
407,Kalmar FF,/kalmar-ff/startseite/verein/3654/saison_id/2011,"22,8",11,€9.10m,€364k,2011
408,Norrköping,/ifk-norrkoping/startseite/verein/2844/saison_id/2011,"23,5",14,€6.48m,€249k,2011
409,Gefle,/gefle-if/startseite/verein/4414/saison_id/2011,"23,2",3,€4.88m,€188k,2011
410,Malmö FF,/malmo-ff/startseite/verein/496/saison_id/2012,"21,2",9,€19.55m,€575k,2012
411,Elfsborg,/if-elfsborg-boras/startseite/verein/1101/saison_id/2012,"24,4",10,€18.98m,€499k,2012
412,Helsingborg,/helsingborgs-if/startseite/verein/699/saison_id/2012,"24,1",15,€18.43m,€472k,2012
413,IFK Göteborg,/ifk-goteborg/startseite/verein/801/saison_id/2012,"23,9",7,€18.20m,€628k,2012
414,AIK,/aik-stockholm/startseite/verein/272/saison_id/2012,"23,5",15,€15.88m,€418k,2012
415,Häcken,/bk-hacken/startseite/verein/1109/saison_id/2012,"23,9",13,€12.93m,€417k,2012
416,Kalmar FF,/kalmar-ff/startseite/verein/3654/saison_id/2012,"23,3",15,€11.08m,€346k,2012
417,Norrköping,/ifk-norrkoping/startseite/verein/2844/saison_id/2012,"23,5",14,€8.18m,€273k,2012
418,Djurgarden,/djurgardens-if/startseite/verein/1044/saison_id/2012,"23,2",13,€7.83m,€252k,2012
419,Gefle,/gefle-if/startseite/verein/4414/saison_id/2012,"23,8",5,€5.65m,€209k,2012
420,IFK Göteborg,/ifk-goteborg/startseite/verein/801/saison_id/2013,"25,2",8,€18.70m,€748k,2013
421,Malmö FF,/malmo-ff/startseite/verein/496/saison_id/2013,"22,6",6,€16.83m,€601k,2013
422,Elfsborg,/if-elfsborg-boras/startseite/verein/1101/saison_id/2013,"25,6",8,€15.43m,€498k,2013
423,Häcken,/bk-hacken/startseite/verein/1109/saison_id/2013,"25,5",9,€13.25m,€530k,2013
424,AIK,/aik-stockholm/startseite/verein/272/saison_id/2013,"23,8",8,€7.82m,€411k,2013
425,Djurgarden,/djurgardens-if/startseite/verein/1044/saison_id/2013,"24,0",8,€7.30m,€304k,2013
426,Helsingborg,/helsingborgs-if/startseite/verein/699/saison_id/2013,"22,9",7,€6.95m,€331k,2013
427,Gefle,/gefle-if/startseite/verein/4414/saison_id/2013,"24,8",7,€6.40m,€221k,2013
428,Kalmar FF,/kalmar-ff/startseite/verein/3654/saison_id/2013,"23,6",7,€6.08m,€338k,2013
429,Norrköping,/ifk-norrkoping/startseite/verein/2844/saison_id/2013,"23,8",10,€5.95m,€238k,2013
430,Malmö FF,/malmo-ff/startseite/verein/496/saison_id/2014,"22,4",10,€21.03m,€584k,2014
431,Kalmar FF,/kalmar-ff/startseite/verein/3654/saison_id/2014,"24,0",6,€20.88m,€803k,2014
432,IFK Göteborg,/ifk-goteborg/startseite/verein/801/saison_id/2014,"25,1",13,€20.25m,€614k,2014
433,AIK,/aik-stockholm/startseite/verein/272/saison_id/2014,"24,5",18,€13.50m,€409k,2014
434,Helsingborg,/helsingborgs-if/startseite/verein/699/saison_id/2014,"23,1",8,€10.48m,€388k,2014
435,Elfsborg,/if-elfsborg-boras/startseite/verein/1101/saison_id/2014,"24,6",6,€9.70m,€334k,2014
436,Häcken,/bk-hacken/startseite/verein/1109/saison_id/2014,"24,4",10,€8.98m,€309k,2014
437,Norrköping,/ifk-norrkoping/startseite/verein/2844/saison_id/2014,"25,0",5,€7.60m,€292k,2014
438,Djurgarden,/djurgardens-if/startseite/verein/1044/saison_id/2014,"24,0",7,€6.65m,€302k,2014
439,Gefle,/gefle-if/startseite/verein/4414/saison_id/2014,"23,2",5,€3.70m,€142k,2014
440,Malmö FF,/malmo-ff/startseite/verein/496/saison_id/2015,"23,5",13,€23.08m,€744k,2015
441,IFK Göteborg,/ifk-goteborg/startseite/verein/801/saison_id/2015,"24,8",12,€18.97m,€632k,2015
442,Kalmar FF,/kalmar-ff/startseite/verein/3654/saison_id/2015,"23,3",6,€14.45m,€482k,2015
443,Helsingborg,/helsingborgs-if/startseite/verein/699/saison_id/2015,"25,3",10,€13.45m,€396k,2015
444,Elfsborg,/if-elfsborg-boras/startseite/verein/1101/saison_id/2015,"24,7",9,€13.13m,€410k,2015
445,AIK,/aik-stockholm/startseite/verein/272/saison_id/2015,"23,9",15,€12.80m,€356k,2015
446,Djurgarden,/djurgardens-if/startseite/verein/1044/saison_id/2015,"23,5",12,€10.93m,€364k,2015
447,Norrköping,/ifk-norrkoping/startseite/verein/2844/saison_id/2015,"22,9",8,€10.18m,€328k,2015
448,Häcken,/bk-hacken/startseite/verein/1109/saison_id/2015,"24,3",14,€9.38m,€302k,2015
449,Gefle,/gefle-if/startseite/verein/4414/saison_id/2015,"23,7",9,€5.98m,€187k,2015
450,Celtic,/celtic-glasgow/startseite/verein/371/saison_id/2010,"23,5",31,€65.45m,€1.56m,2010
451,Aberdeen FC,/aberdeen-fc/startseite/verein/370/saison_id/2010,"22,1",16,€18.70m,€479k,2010
452,Dundee United,/dundee-united-fc/startseite/verein/1519/saison_id/2010,"23,3",13,€15.08m,€503k,2010
453,St. Johnstone,/st-johnstone-fc/startseite/verein/2578/saison_id/2010,"24,2",14,€11.48m,€319k,2010
454,Motherwell FC,/motherwell-fc/startseite/verein/987/saison_id/2010,"22,4",15,€9.68m,€293k,2010
455,Kilmarnock FC,/kilmarnock-fc/startseite/verein/2553/saison_id/2010,"22,7",24,€9.08m,€245k,2010
456,Inverness Cal.,/inverness-caledonian-thistle-fc/startseite/verein/2451/saison_id/2010,"24,2",12,€7.23m,€258k,2010
457,Celtic,/celtic-glasgow/startseite/verein/371/saison_id/2011,"22,9",32,€61.85m,€1.34m,2011
458,Aberdeen FC,/aberdeen-fc/startseite/verein/370/saison_id/2011,"23,6",14,€15.98m,€456k,2011
459,St. Johnstone,/st-johnstone-fc/startseite/verein/2578/saison_id/2011,"25,3",11,€15.03m,€455k,2011
460,Dundee United,/dundee-united-fc/startseite/verein/1519/saison_id/2011,"23,2",12,€14.95m,€482k,2011
461,Kilmarnock FC,/kilmarnock-fc/startseite/verein/2553/saison_id/2011,"23,6",25,€10.03m,€278k,2011
462,Motherwell FC,/motherwell-fc/startseite/verein/987/saison_id/2011,"23,0",14,€8.90m,€330k,2011
463,Inverness Cal.,/inverness-caledonian-thistle-fc/startseite/verein/2451/saison_id/2011,"22,5",20,€6.78m,€194k,2011
464,Celtic,/celtic-glasgow/startseite/verein/371/saison_id/2012,"22,2",29,€58.78m,€1.37m,2012
465,St. Johnstone,/st-johnstone-fc/startseite/verein/2578/saison_id/2012,"25,0",10,€10.93m,€364k,2012
466,Kilmarnock FC,/kilmarnock-fc/startseite/verein/2553/saison_id/2012,"22,8",22,€10.68m,€267k,2012
467,Aberdeen FC,/aberdeen-fc/startseite/verein/370/saison_id/2012,"23,5",11,€9.85m,€308k,2012
468,Motherwell FC,/motherwell-fc/startseite/verein/987/saison_id/2012,"23,6",14,€8.95m,€358k,2012
469,Dundee United,/dundee-united-fc/startseite/verein/1519/saison_id/2012,"23,4",12,€7.68m,€265k,2012
470,Inverness Cal.,/inverness-caledonian-thistle-fc/startseite/verein/2451/saison_id/2012,"22,4",18,€4.38m,€156k,2012
471,Celtic,/celtic-glasgow/startseite/verein/371/saison_id/2013,"22,5",27,€65.88m,€1.61m,2013
472,Aberdeen FC,/aberdeen-fc/startseite/verein/370/saison_id/2013,"24,3",13,€10.53m,€351k,2013
473,St. Johnstone,/st-johnstone-fc/startseite/verein/2578/saison_id/2013,"25,9",12,€10.20m,€309k,2013
474,Kilmarnock FC,/kilmarnock-fc/startseite/verein/2553/saison_id/2013,"24,1",20,€9.03m,€244k,2013
475,Dundee United,/dundee-united-fc/startseite/verein/1519/saison_id/2013,"21,8",12,€8.48m,€242k,2013
476,Motherwell FC,/motherwell-fc/startseite/verein/987/saison_id/2013,"23,3",9,€8.20m,€293k,2013
477,Inverness Cal.,/inverness-caledonian-thistle-fc/startseite/verein/2451/saison_id/2013,"22,3",21,€4.80m,€166k,2013
478,Celtic,/celtic-glasgow/startseite/verein/371/saison_id/2014,"22,9",25,€65.58m,€1.53m,2014
479,Aberdeen FC,/aberdeen-fc/startseite/verein/370/saison_id/2014,"22,7",12,€11.08m,€308k,2014
480,St. Johnstone,/st-johnstone-fc/startseite/verein/2578/saison_id/2014,"25,2",6,€9.40m,€285k,2014
481,Dundee United,/dundee-united-fc/startseite/verein/1519/saison_id/2014,"22,4",16,€8.78m,€225k,2014
482,Motherwell FC,/motherwell-fc/startseite/verein/987/saison_id/2014,"22,9",17,€8.65m,€222k,2014
483,Inverness Cal.,/inverness-caledonian-thistle-fc/startseite/verein/2451/saison_id/2014,"23,6",19,€6.20m,€221k,2014
484,Kilmarnock FC,/kilmarnock-fc/startseite/verein/2553/saison_id/2014,"22,0",11,€5.75m,€192k,2014
485,Celtic,/celtic-glasgow/startseite/verein/371/saison_id/2015,"23,0",24,€55.90m,€1.33m,2015
486,Dundee United,/dundee-united-fc/startseite/verein/1519/saison_id/2015,"22,8",23,€12.60m,€286k,2015
487,Aberdeen FC,/aberdeen-fc/startseite/verein/370/saison_id/2015,"23,8",15,€10.73m,€315k,2015
488,St. Johnstone,/st-johnstone-fc/startseite/verein/2578/saison_id/2015,"25,3",9,€9.73m,€286k,2015
489,Kilmarnock FC,/kilmarnock-fc/startseite/verein/2553/saison_id/2015,"22,4",13,€7.73m,€184k,2015
490,Motherwell FC,/motherwell-fc/startseite/verein/987/saison_id/2015,"23,7",15,€6.93m,€210k,2015
491,Inverness Cal.,/inverness-caledonian-thistle-fc/startseite/verein/2451/saison_id/2015,"24,4",24,€5.43m,€170k,2015
492,HJK Helsinki,/hjk-helsinki/startseite/verein/1008/saison_id/2010,"23,5",9,€12.85m,€313k,2010
493,FC Inter,/fc-inter-turku/startseite/verein/8042/saison_id/2010,"22,6",13,€6.98m,€205k,2010
494,KuPS,/kuopion-palloseura/startseite/verein/6251/saison_id/2010,"23,2",7,€5.95m,€198k,2010
495,VPS,/vaasan-palloseura/startseite/verein/1102/saison_id/2010,"23,9",7,€4.90m,€196k,2010
496,IFK Mariehamn,/ifk-mariehamn/startseite/verein/6017/saison_id/2010,"23,0",11,€4.85m,€173k,2010
497,HJK Helsinki,/hjk-helsinki/startseite/verein/1008/saison_id/2011,"24,0",6,€13.53m,€330k,2011
498,KuPS,/kuopion-palloseura/startseite/verein/6251/saison_id/2011,"24,0",19,€8.68m,€202k,2011
499,VPS,/vaasan-palloseura/startseite/verein/1102/saison_id/2011,"23,9",8,€4.20m,€135k,2011
500,FC Inter,/fc-inter-turku/startseite/verein/8042/saison_id/2011,"22,1",8,€4.15m,€160k,2011
501,IFK Mariehamn,/ifk-mariehamn/startseite/verein/6017/saison_id/2011,"23,1",15,€4.08m,€120k,2011
502,HJK Helsinki,/hjk-helsinki/startseite/verein/1008/saison_id/2012,"25,1",3,€12.78m,€376k,2012
503,KuPS,/kuopion-palloseura/startseite/verein/6251/saison_id/2012,"23,6",13,€8.05m,€183k,2012
504,FC Inter,/fc-inter-turku/startseite/verein/8042/saison_id/2012,"22,3",12,€6.95m,€178k,2012
505,IFK Mariehamn,/ifk-mariehamn/startseite/verein/6017/saison_id/2012,"22,8",25,€4.18m,€87k,2012
506,VPS,/vaasan-palloseura/startseite/verein/1102/saison_id/2012,"23,5",11,€3.95m,€127k,2012
507,HJK Helsinki,/hjk-helsinki/startseite/verein/1008/saison_id/2013,"22,7",5,€8.90m,€207k,2013
508,FC Inter,/fc-inter-turku/startseite/verein/8042/saison_id/2013,"23,9",7,€5.88m,€245k,2013
509,IFK Mariehamn,/ifk-mariehamn/startseite/verein/6017/saison_id/2013,"24,6",14,€4.43m,€148k,2013
510,VPS,/vaasan-palloseura/startseite/verein/1102/saison_id/2013,"24,8",7,€2.80m,€117k,2013
511,KuPS,/kuopion-palloseura/startseite/verein/6251/saison_id/2013,"21,5",8,€2.40m,€83k,2013
512,HJK Helsinki,/hjk-helsinki/startseite/verein/1008/saison_id/2014,"22,7",15,€15.35m,€252k,2014
513,FC Inter,/fc-inter-turku/startseite/verein/8042/saison_id/2014,"23,3",13,€5.90m,€184k,2014
514,VPS,/vaasan-palloseura/startseite/verein/1102/saison_id/2014,"23,1",11,€4.70m,€115k,2014
515,IFK Mariehamn,/ifk-mariehamn/startseite/verein/6017/saison_id/2014,"22,5",12,€4.10m,€117k,2014
516,KuPS,/kuopion-palloseura/startseite/verein/6251/saison_id/2014,"22,0",12,€3.90m,€115k,2014
517,HJK Helsinki,/hjk-helsinki/startseite/verein/1008/saison_id/2015,"22,9",17,€15.20m,€323k,2015
518,FC Inter,/fc-inter-turku/startseite/verein/8042/saison_id/2015,"22,7",10,€4.85m,€147k,2015
519,VPS,/vaasan-palloseura/startseite/verein/1102/saison_id/2015,"23,8",12,€4.45m,€111k,2015
520,IFK Mariehamn,/ifk-mariehamn/startseite/verein/6017/saison_id/2015,"26,1",10,€3.00m,€143k,2015
521,KuPS,/kuopion-palloseura/startseite/verein/6251/saison_id/2015,"22,3",11,€2.28m,€69k,2015
522,Rosenborg BK,/rosenborg-trondheim/startseite/verein/195/saison_id/2010,"23,3",15,€34.95m,€852k,2010
523,Molde FK,/molde-fk/startseite/verein/687/saison_id/2010,"23,1",15,€22.75m,€569k,2010
524,Vålerenga,/valerenga-oslo/startseite/verein/76/saison_id/2010,"23,5",11,€14.65m,€523k,2010
525,Aalesund,/aalesunds-fk/startseite/verein/5619/saison_id/2010,"23,6",12,€13.08m,€396k,2010
526,Viking FK,/viking-stavanger/startseite/verein/239/saison_id/2010,"22,6",6,€12.38m,€442k,2010
527,Lillestrøm SK,/lillestrom-sk/startseite/verein/353/saison_id/2010,"22,3",13,€9.88m,€329k,2010
528,Strømsgodset,/stromsgodset-if/startseite/verein/2817/saison_id/2010,"21,4",5,€8.18m,€264k,2010
529,Haugesund,/fk-haugesund/startseite/verein/2761/saison_id/2010,"23,6",10,€5.35m,€184k,2010
530,Rosenborg BK,/rosenborg-trondheim/startseite/verein/195/saison_id/2011,"22,7",12,€24.18m,€780k,2011
531,Lillestrøm SK,/lillestrom-sk/startseite/verein/353/saison_id/2011,"24,4",12,€15.28m,€493k,2011
532,Vålerenga,/valerenga-oslo/startseite/verein/76/saison_id/2011,"22,5",13,€14.88m,€438k,2011
533,Molde FK,/molde-fk/startseite/verein/687/saison_id/2011,"22,7",9,€12.73m,€489k,2011
534,Viking FK,/viking-stavanger/startseite/verein/239/saison_id/2011,"22,5",9,€11.70m,€433k,2011
535,Aalesund,/aalesunds-fk/startseite/verein/5619/saison_id/2011,"22,8",10,€8.70m,€300k,2011
536,Haugesund,/fk-haugesund/startseite/verein/2761/saison_id/2011,"22,7",9,€8.13m,€290k,2011
537,Strømsgodset,/stromsgodset-if/startseite/verein/2817/saison_id/2011,"21,7",7,€7.00m,€226k,2011
538,Rosenborg BK,/rosenborg-trondheim/startseite/verein/195/saison_id/2012,"23,4",14,€26.38m,€754k,2012
539,Molde FK,/molde-fk/startseite/verein/687/saison_id/2012,"21,8",15,€23.80m,€553k,2012
540,Vålerenga,/valerenga-oslo/startseite/verein/76/saison_id/2012,"22,3",12,€19.35m,€509k,2012
541,Strømsgodset,/stromsgodset-if/startseite/verein/2817/saison_id/2012,"21,8",6,€12.83m,€377k,2012
542,Aalesund,/aalesunds-fk/startseite/verein/5619/saison_id/2012,"22,9",12,€12.13m,€328k,2012
543,Lillestrøm SK,/lillestrom-sk/startseite/verein/353/saison_id/2012,"24,0",8,€11.53m,€397k,2012
544,Viking FK,/viking-stavanger/startseite/verein/239/saison_id/2012,"23,5",13,€11.50m,€371k,2012
545,Haugesund,/fk-haugesund/startseite/verein/2761/saison_id/2012,"23,4",11,€11.25m,€375k,2012
546,Molde FK,/molde-fk/startseite/verein/687/saison_id/2013,"22,5",11,€25.55m,€691k,2013
547,Rosenborg BK,/rosenborg-trondheim/startseite/verein/195/saison_id/2013,"23,6",11,€23.15m,€798k,2013
548,Strømsgodset,/stromsgodset-if/startseite/verein/2817/saison_id/2013,"22,8",9,€14.50m,€403k,2013
549,Haugesund,/fk-haugesund/startseite/verein/2761/saison_id/2013,"24,1",9,€9.60m,€417k,2013
550,Aalesund,/aalesunds-fk/startseite/verein/5619/saison_id/2013,"22,8",8,€9.00m,€360k,2013
551,Vålerenga,/valerenga-oslo/startseite/verein/76/saison_id/2013,"23,0",8,€8.93m,€308k,2013
552,Viking FK,/viking-stavanger/startseite/verein/239/saison_id/2013,"22,4",7,€8.65m,€360k,2013
553,Lillestrøm SK,/lillestrom-sk/startseite/verein/353/saison_id/2013,"24,4",5,€7.08m,€337k,2013
554,Rosenborg BK,/rosenborg-trondheim/startseite/verein/195/saison_id/2014,"23,0",13,€20.93m,€654k,2014
555,Molde FK,/molde-fk/startseite/verein/687/saison_id/2014,"23,5",8,€20.70m,€690k,2014
556,Strømsgodset,/stromsgodset-if/startseite/verein/2817/saison_id/2014,"23,3",9,€16.60m,€503k,2014
557,Haugesund,/fk-haugesund/startseite/verein/2761/saison_id/2014,"23,5",14,€13.55m,€399k,2014
558,Aalesund,/aalesunds-fk/startseite/verein/5619/saison_id/2014,"22,2",9,€9.63m,€385k,2014
559,Viking FK,/viking-stavanger/startseite/verein/239/saison_id/2014,"23,7",11,€8.75m,€398k,2014
560,Vålerenga,/valerenga-oslo/startseite/verein/76/saison_id/2014,"23,8",5,€7.05m,€271k,2014
561,Lillestrøm SK,/lillestrom-sk/startseite/verein/353/saison_id/2014,"22,0",9,€4.03m,€155k,2014
562,Rosenborg BK,/rosenborg-trondheim/startseite/verein/195/saison_id/2015,"23,7",14,€22.85m,€672k,2015
563,Molde FK,/molde-fk/startseite/verein/687/saison_id/2015,"23,1",13,€18.80m,€508k,2015
564,Strømsgodset,/stromsgodset-if/startseite/verein/2817/saison_id/2015,"23,8",9,€16.55m,€460k,2015
565,Vålerenga,/valerenga-oslo/startseite/verein/76/saison_id/2015,"23,5",8,€8.73m,€336k,2015
566,Aalesund,/aalesunds-fk/startseite/verein/5619/saison_id/2015,"23,3",8,€6.73m,€306k,2015
567,Haugesund,/fk-haugesund/startseite/verein/2761/saison_id/2015,"21,7",9,€6.58m,€244k,2015
568,Viking FK,/viking-stavanger/startseite/verein/239/saison_id/2015,"22,1",10,€5.25m,€239k,2015
569,Lillestrøm SK,/lillestrom-sk/startseite/verein/353/saison_id/2015,"22,0",9,€4.58m,€191k,2015
570,Anorthosis,/anorthosis-famagusta/startseite/verein/3899/saison_id/2010,"25,8",27,€19.45m,€442k,2010
571,Omonia Nikosia,/omonia-nikosia/startseite/verein/829/saison_id/2010,"26,2",16,€18.50m,€638k,2010
572,AEL Limassol,/ael-limassol/startseite/verein/786/saison_id/2010,"25,7",24,€15.08m,€377k,2010
573,APOEL Nicosia,/apoel-nikosia/startseite/verein/2784/saison_id/2010,"27,6",15,€14.28m,€510k,2010
574,AEK Larnaca,/aek-larnaka/startseite/verein/2156/saison_id/2010,"27,2",19,€13.18m,€454k,2010
575,Apol. Limassol,/apollon-limassol/startseite/verein/429/saison_id/2010,"25,5",18,€9.43m,€314k,2010
576,Ethnikos,/ethnikos-achnas/startseite/verein/4590/saison_id/2010,"27,3",21,€6.15m,€192k,2010
577,APOEL Nicosia,/apoel-nikosia/startseite/verein/2784/saison_id/2011,"29,0",18,€18.95m,€677k,2011
578,Anorthosis,/anorthosis-famagusta/startseite/verein/3899/saison_id/2011,"26,9",22,€18.85m,€539k,2011
579,Omonia Nikosia,/omonia-nikosia/startseite/verein/829/saison_id/2011,"26,7",20,€17.40m,€580k,2011
580,AEK Larnaca,/aek-larnaka/startseite/verein/2156/saison_id/2011,"26,1",20,€14.90m,€514k,2011
581,AEL Limassol,/ael-limassol/startseite/verein/786/saison_id/2011,"25,9",20,€11.35m,€405k,2011
582,Apol. Limassol,/apollon-limassol/startseite/verein/429/saison_id/2011,"27,1",21,€9.20m,€329k,2011
583,Ethnikos,/ethnikos-achnas/startseite/verein/4590/saison_id/2011,"27,5",23,€8.40m,€255k,2011
584,APOEL Nicosia,/apoel-nikosia/startseite/verein/2784/saison_id/2012,"28,9",19,€23.40m,€807k,2012
585,Anorthosis,/anorthosis-famagusta/startseite/verein/3899/saison_id/2012,"26,8",21,€16.45m,€514k,2012
586,Omonia Nikosia,/omonia-nikosia/startseite/verein/829/saison_id/2012,"25,6",19,€15.95m,€532k,2012
587,AEK Larnaca,/aek-larnaka/startseite/verein/2156/saison_id/2012,"26,8",21,€13.98m,€466k,2012
588,AEL Limassol,/ael-limassol/startseite/verein/786/saison_id/2012,"26,2",21,€12.20m,€407k,2012
589,Apol. Limassol,/apollon-limassol/startseite/verein/429/saison_id/2012,"25,1",18,€12.08m,€345k,2012
590,Ethnikos,/ethnikos-achnas/startseite/verein/4590/saison_id/2012,"27,0",22,€7.30m,€228k,2012
591,APOEL Nicosia,/apoel-nikosia/startseite/verein/2784/saison_id/2013,"26,8",21,€20.75m,€576k,2013
592,AEL Limassol,/ael-limassol/startseite/verein/786/saison_id/2013,"25,7",25,€13.40m,€432k,2013
593,Anorthosis,/anorthosis-famagusta/startseite/verein/3899/saison_id/2013,"25,7",19,€13.15m,€376k,2013
594,Apol. Limassol,/apollon-limassol/startseite/verein/429/saison_id/2013,"25,7",20,€11.00m,€355k,2013
595,AEK Larnaca,/aek-larnaka/startseite/verein/2156/saison_id/2013,"24,1",21,€10.50m,€269k,2013
596,Omonia Nikosia,/omonia-nikosia/startseite/verein/829/saison_id/2013,"23,7",21,€10.38m,€259k,2013
597,Ethnikos,/ethnikos-achnas/startseite/verein/4590/saison_id/2013,"26,0",19,€5.80m,€176k,2013
598,APOEL Nicosia,/apoel-nikosia/startseite/verein/2784/saison_id/2014,"26,1",17,€19.85m,€567k,2014
599,Apol. Limassol,/apollon-limassol/startseite/verein/429/saison_id/2014,"26,0",23,€14.75m,€434k,2014
600,Omonia Nikosia,/omonia-nikosia/startseite/verein/829/saison_id/2014,"25,0",21,€13.20m,€347k,2014
601,Anorthosis,/anorthosis-famagusta/startseite/verein/3899/saison_id/2014,"23,6",16,€12.00m,€400k,2014
602,AEL Limassol,/ael-limassol/startseite/verein/786/saison_id/2014,"25,5",24,€10.80m,€348k,2014
603,AEK Larnaca,/aek-larnaka/startseite/verein/2156/saison_id/2014,"24,8",17,€7.38m,€205k,2014
604,Ethnikos,/ethnikos-achnas/startseite/verein/4590/saison_id/2014,"25,0",20,€3.15m,€98k,2014
605,APOEL Nicosia,/apoel-nikosia/startseite/verein/2784/saison_id/2015,"25,7",18,€19.63m,€503k,2015
606,Omonia Nikosia,/omonia-nikosia/startseite/verein/829/saison_id/2015,"25,8",24,€16.35m,€430k,2015
607,Apol. Limassol,/apollon-limassol/startseite/verein/429/saison_id/2015,"24,7",20,€16.28m,€452k,2015
608,Anorthosis,/anorthosis-famagusta/startseite/verein/3899/saison_id/2015,"24,1",19,€13.33m,€444k,2015
609,AEK Larnaca,/aek-larnaka/startseite/verein/2156/saison_id/2015,"25,5",19,€10.23m,€310k,2015
610,AEL Limassol,/ael-limassol/startseite/verein/786/saison_id/2015,"24,5",21,€8.03m,€229k,2015
611,Ethnikos,/ethnikos-achnas/startseite/verein/4590/saison_id/2015,"25,9",20,€3.98m,€137k,2015
612,BATE Borisov,/bate-borisov/startseite/verein/713/saison_id/2010,"22,4",9,€13.98m,€358k,2010
613,Dinamo Minsk,/dinamo-minsk/startseite/verein/1180/saison_id/2010,"21,9",11,€11.30m,€231k,2010
614,Belshina,/belshina-bobruisk/startseite/verein/3886/saison_id/2010,"25,4",12,€7.20m,€180k,2010
615,FK Minsk,/fk-minsk/startseite/verein/23664/saison_id/2010,"24,9",5,€6.33m,€181k,2010
616,Naftan,/naftan-novopolotsk/startseite/verein/8563/saison_id/2010,"24,7",5,€5.33m,€157k,2010
617,Neman Grodno,/neman-grodno/startseite/verein/14178/saison_id/2010,"24,7",8,€5.15m,€147k,2010
618,Soligorsk,/shakhtjor-soligorsk/startseite/verein/10695/saison_id/2010,"25,4",4,€5.10m,€176k,2010
619,Torpedo Zhodino,/torpedo-zhodino/startseite/verein/7964/saison_id/2010,"24,6",9,€5.03m,€136k,2010
620,BATE Borisov,/bate-borisov/startseite/verein/713/saison_id/2011,"23,4",6,€21.98m,€523k,2011
621,FK Minsk,/fk-minsk/startseite/verein/23664/saison_id/2011,"24,7",12,€12.33m,€257k,2011
622,Dinamo Minsk,/dinamo-minsk/startseite/verein/1180/saison_id/2011,"22,5",12,€11.95m,€266k,2011
623,Soligorsk,/shakhtjor-soligorsk/startseite/verein/10695/saison_id/2011,"26,3",8,€9.70m,€323k,2011
624,Belshina,/belshina-bobruisk/startseite/verein/3886/saison_id/2011,"25,7",13,€8.33m,€238k,2011
625,Neman Grodno,/neman-grodno/startseite/verein/14178/saison_id/2011,"25,4",7,€7.83m,€237k,2011
626,Naftan,/naftan-novopolotsk/startseite/verein/8563/saison_id/2011,"24,7",5,€6.40m,€221k,2011
627,Torpedo Zhodino,/torpedo-zhodino/startseite/verein/7964/saison_id/2011,"23,9",1,€5.88m,€190k,2011
628,BATE Borisov,/bate-borisov/startseite/verein/713/saison_id/2012,"24,6",3,€23.65m,€657k,2012
629,Dinamo Minsk,/dinamo-minsk/startseite/verein/1180/saison_id/2012,"23,5",15,€18.63m,€405k,2012
630,Belshina,/belshina-bobruisk/startseite/verein/3886/saison_id/2012,"26,0",21,€10.35m,€220k,2012
631,Torpedo Zhodino,/torpedo-zhodino/startseite/verein/7964/saison_id/2012,"25,9",10,€9.50m,€216k,2012
632,Naftan,/naftan-novopolotsk/startseite/verein/8563/saison_id/2012,"25,9",15,€8.20m,€191k,2012
633,Soligorsk,/shakhtjor-soligorsk/startseite/verein/10695/saison_id/2012,"27,6",7,€8.10m,€312k,2012
634,FK Minsk,/fk-minsk/startseite/verein/23664/saison_id/2012,"24,0",6,€7.90m,€226k,2012
635,Neman Grodno,/neman-grodno/startseite/verein/14178/saison_id/2012,"24,9",11,€6.93m,€223k,2012
636,BATE Borisov,/bate-borisov/startseite/verein/713/saison_id/2013,"25,2",4,€23.70m,€741k,2013
637,Dinamo Minsk,/dinamo-minsk/startseite/verein/1180/saison_id/2013,"24,6",12,€13.25m,€390k,2013
638,Soligorsk,/shakhtjor-soligorsk/startseite/verein/10695/saison_id/2013,"27,2",9,€9.05m,€292k,2013
639,Neman Grodno,/neman-grodno/startseite/verein/14178/saison_id/2013,"25,6",7,€7.80m,€269k,2013
640,Belshina,/belshina-bobruisk/startseite/verein/3886/saison_id/2013,"25,2",11,€7.25m,€227k,2013
641,FK Minsk,/fk-minsk/startseite/verein/23664/saison_id/2013,"23,7",7,€6.85m,€201k,2013
642,Torpedo Zhodino,/torpedo-zhodino/startseite/verein/7964/saison_id/2013,"27,2",9,€5.95m,€198k,2013
643,Naftan,/naftan-novopolotsk/startseite/verein/8563/saison_id/2013,"26,0",6,€2.93m,€146k,2013
644,BATE Borisov,/bate-borisov/startseite/verein/713/saison_id/2014,"24,7",7,€22.63m,€665k,2014
645,Dinamo Minsk,/dinamo-minsk/startseite/verein/1180/saison_id/2014,"24,5",14,€16.50m,€485k,2014
646,Soligorsk,/shakhtjor-soligorsk/startseite/verein/10695/saison_id/2014,"27,3",12,€10.60m,€312k,2014
647,Neman Grodno,/neman-grodno/startseite/verein/14178/saison_id/2014,"24,9",7,€6.88m,€181k,2014
648,Torpedo Zhodino,/torpedo-zhodino/startseite/verein/7964/saison_id/2014,"27,6",5,€5.55m,€231k,2014
649,FK Minsk,/fk-minsk/startseite/verein/23664/saison_id/2014,"22,0",3,€4.80m,€155k,2014
650,Belshina,/belshina-bobruisk/startseite/verein/3886/saison_id/2014,"24,7",10,€4.75m,€140k,2014
651,Naftan,/naftan-novopolotsk/startseite/verein/8563/saison_id/2014,"25,9",8,€4.03m,€144k,2014
652,BATE Borisov,/bate-borisov/startseite/verein/713/saison_id/2015,"23,2",7,€20.03m,€435k,2015
653,Dinamo Minsk,/dinamo-minsk/startseite/verein/1180/saison_id/2015,"25,0",12,€14.45m,€352k,2015
654,Soligorsk,/shakhtjor-soligorsk/startseite/verein/10695/saison_id/2015,"27,1",7,€9.10m,€276k,2015
655,Torpedo Zhodino,/torpedo-zhodino/startseite/verein/7964/saison_id/2015,"26,6",10,€8.88m,€222k,2015
656,Belshina,/belshina-bobruisk/startseite/verein/3886/saison_id/2015,"25,7",13,€7.45m,€186k,2015
657,FK Minsk,/fk-minsk/startseite/verein/23664/saison_id/2015,"21,7",7,€5.40m,€154k,2015
658,Naftan,/naftan-novopolotsk/startseite/verein/8563/saison_id/2015,"25,1",6,€4.25m,€129k,2015
659,Neman Grodno,/neman-grodno/startseite/verein/14178/saison_id/2015,"25,4",3,€3.98m,€133k,2015
660,Slo. Bratislava,/slovan-bratislava/startseite/verein/540/saison_id/2010,"23,9",8,€11.73m,€345k,2010
661,MSK Zilina,/msk-zilina/startseite/verein/1443/saison_id/2010,"23,9",12,€6.23m,€173k,2010
662,FK Senica,/fk-senica/startseite/verein/6163/saison_id/2010,"24,6",13,€5.00m,€161k,2010
663,Spartak Trnava,/spartak-trnava/startseite/verein/365/saison_id/2010,"23,1",10,€4.68m,€138k,2010
664,Ruzomberok,/mfk-ruzomberok/startseite/verein/7087/saison_id/2010,"23,6",7,€2.38m,€79k,2010
665,Zlate Moravce,/fc-zlate-moravce/startseite/verein/12005/saison_id/2010,"25,5",2,€825k,€31k,2010
666,Slo. Bratislava,/slovan-bratislava/startseite/verein/540/saison_id/2011,"24,6",10,€14.30m,€333k,2011
667,Spartak Trnava,/spartak-trnava/startseite/verein/365/saison_id/2011,"25,1",11,€8.70m,€218k,2011
668,MSK Zilina,/msk-zilina/startseite/verein/1443/saison_id/2011,"24,1",10,€8.23m,€242k,2011
669,FK Senica,/fk-senica/startseite/verein/6163/saison_id/2011,"24,3",19,€7.33m,€215k,2011
670,Ruzomberok,/mfk-ruzomberok/startseite/verein/7087/saison_id/2011,"23,6",10,€7.10m,€178k,2011
671,Zlate Moravce,/fc-zlate-moravce/startseite/verein/12005/saison_id/2011,"25,4",2,€4.05m,€135k,2011
672,Slo. Bratislava,/slovan-bratislava/startseite/verein/540/saison_id/2012,"23,6",8,€9.35m,€292k,2012
673,FK Senica,/fk-senica/startseite/verein/6163/saison_id/2012,"25,1",16,€8.48m,€257k,2012
674,Spartak Trnava,/spartak-trnava/startseite/verein/365/saison_id/2012,"26,1",9,€7.68m,€213k,2012
675,MSK Zilina,/msk-zilina/startseite/verein/1443/saison_id/2012,"22,8",8,€7.05m,€220k,2012
676,Zlate Moravce,/fc-zlate-moravce/startseite/verein/12005/saison_id/2012,"24,7",1,€3.98m,€142k,2012
677,Ruzomberok,/mfk-ruzomberok/startseite/verein/7087/saison_id/2012,"21,8",4,€2.25m,€83k,2012
678,Slo. Bratislava,/slovan-bratislava/startseite/verein/540/saison_id/2013,"22,7",9,€8.93m,€241k,2013
679,FK Senica,/fk-senica/startseite/verein/6163/saison_id/2013,"21,5",16,€7.13m,€162k,2013
680,MSK Zilina,/msk-zilina/startseite/verein/1443/saison_id/2013,"22,2",7,€6.10m,€169k,2013
681,Spartak Trnava,/spartak-trnava/startseite/verein/365/saison_id/2013,"24,8",7,€6.03m,€163k,2013
682,Ruzomberok,/mfk-ruzomberok/startseite/verein/7087/saison_id/2013,"22,2",5,€4.98m,€138k,2013
683,Zlate Moravce,/fc-zlate-moravce/startseite/verein/12005/saison_id/2013,"25,4",4,€3.68m,€123k,2013
684,Slo. Bratislava,/slovan-bratislava/startseite/verein/540/saison_id/2014,"23,8",9,€12.60m,€323k,2014
685,Spartak Trnava,/spartak-trnava/startseite/verein/365/saison_id/2014,"23,3",11,€8.23m,€201k,2014
686,Ruzomberok,/mfk-ruzomberok/startseite/verein/7087/saison_id/2014,"23,2",4,€7.75m,€189k,2014
687,FK Senica,/fk-senica/startseite/verein/6163/saison_id/2014,"21,6",6,€5.00m,€156k,2014
688,MSK Zilina,/msk-zilina/startseite/verein/1443/saison_id/2014,"21,3",4,€4.43m,€148k,2014
689,Zlate Moravce,/fc-zlate-moravce/startseite/verein/12005/saison_id/2014,"24,5",11,€4.40m,€122k,2014
690,Slo. Bratislava,/slovan-bratislava/startseite/verein/540/saison_id/2015,"23,3",16,€12.50m,€278k,2015
691,Spartak Trnava,/spartak-trnava/startseite/verein/365/saison_id/2015,"23,5",11,€8.48m,€207k,2015
692,MSK Zilina,/msk-zilina/startseite/verein/1443/saison_id/2015,"21,9",10,€8.00m,€222k,2015
693,Ruzomberok,/mfk-ruzomberok/startseite/verein/7087/saison_id/2015,"25,6",5,€5.78m,€193k,2015
694,Zlate Moravce,/fc-zlate-moravce/startseite/verein/12005/saison_id/2015,"24,0",23,€5.48m,€148k,2015
695,FK Senica,/fk-senica/startseite/verein/6163/saison_id/2015,"21,3",6,€4.13m,€109k,2015
